ISO-10303-21;
HEADER;
/* Generated by software containing ST-Developer
 * from STEP Tools, Inc. (www.steptools.com) 
 */
/* OPTION: using custom renumber hook */

FILE_DESCRIPTION(
/* description */ ('STEP AP214',
'CAx-IF Rec.Pracs.---User Defined Attributes---1.5---2016-08-15'),
/* implementation_level */ '2;1');

FILE_NAME(
/* name */ '69a0d04724856342eca88027',
/* time_stamp */ '2026-02-26T22:59:24Z',
/* author */ ('zifonduo'),
/* organization */ (''),
/* preprocessor_version */ 'ST-DEVELOPER v20',
/* originating_system */ 'ONSHAPE BY PTC INC, 1.211',
/* authorisation */ '  ');

FILE_SCHEMA (('AUTOMOTIVE_DESIGN {1 0 10303 214 3 1 1}'));
ENDSEC;

DATA;
#10=PROPERTY_DEFINITION_REPRESENTATION(#14,#12);
#11=PROPERTY_DEFINITION_REPRESENTATION(#15,#13);
#12=REPRESENTATION('',(#16),#6430);
#13=REPRESENTATION('',(#17),#6430);
#14=PROPERTY_DEFINITION('pmi validation property','',#6470);
#15=PROPERTY_DEFINITION('pmi validation property','',#6470);
#16=VALUE_REPRESENTATION_ITEM('number of annotations',COUNT_MEASURE(0.));
#17=VALUE_REPRESENTATION_ITEM('number of views',COUNT_MEASURE(0.));
#18=ELLIPSE('',#4092,0.00169999999999999,0.00169999999999999);
#19=ELLIPSE('',#4093,0.00169999999999999,0.00169999999999999);
#20=LINE('',#5377,#312);
#21=LINE('',#5380,#313);
#22=LINE('',#5382,#314);
#23=LINE('',#5384,#315);
#24=LINE('',#5386,#316);
#25=LINE('',#5388,#317);
#26=LINE('',#5389,#318);
#27=LINE('',#5392,#319);
#28=LINE('',#5394,#320);
#29=LINE('',#5396,#321);
#30=LINE('',#5398,#322);
#31=LINE('',#5400,#323);
#32=LINE('',#5401,#324);
#33=LINE('',#5404,#325);
#34=LINE('',#5406,#326);
#35=LINE('',#5408,#327);
#36=LINE('',#5410,#328);
#37=LINE('',#5412,#329);
#38=LINE('',#5413,#330);
#39=LINE('',#5416,#331);
#40=LINE('',#5418,#332);
#41=LINE('',#5420,#333);
#42=LINE('',#5422,#334);
#43=LINE('',#5424,#335);
#44=LINE('',#5444,#336);
#45=LINE('',#5456,#337);
#46=LINE('',#5465,#338);
#47=LINE('',#5468,#339);
#48=LINE('',#5470,#340);
#49=LINE('',#5472,#341);
#50=LINE('',#5477,#342);
#51=LINE('',#5478,#343);
#52=LINE('',#5482,#344);
#53=LINE('',#5486,#345);
#54=LINE('',#5488,#346);
#55=LINE('',#5490,#347);
#56=LINE('',#5494,#348);
#57=LINE('',#5498,#349);
#58=LINE('',#5502,#350);
#59=LINE('',#5506,#351);
#60=LINE('',#5510,#352);
#61=LINE('',#5512,#353);
#62=LINE('',#5514,#354);
#63=LINE('',#5518,#355);
#64=LINE('',#5541,#356);
#65=LINE('',#5543,#357);
#66=LINE('',#5545,#358);
#67=LINE('',#5547,#359);
#68=LINE('',#5549,#360);
#69=LINE('',#5551,#361);
#70=LINE('',#5553,#362);
#71=LINE('',#5555,#363);
#72=LINE('',#5557,#364);
#73=LINE('',#5559,#365);
#74=LINE('',#5561,#366);
#75=LINE('',#5563,#367);
#76=LINE('',#5566,#368);
#77=LINE('',#5568,#369);
#78=LINE('',#5570,#370);
#79=LINE('',#5572,#371);
#80=LINE('',#5574,#372);
#81=LINE('',#5576,#373);
#82=LINE('',#5578,#374);
#83=LINE('',#5580,#375);
#84=LINE('',#5582,#376);
#85=LINE('',#5584,#377);
#86=LINE('',#5586,#378);
#87=LINE('',#5588,#379);
#88=LINE('',#5591,#380);
#89=LINE('',#5593,#381);
#90=LINE('',#5595,#382);
#91=LINE('',#5597,#383);
#92=LINE('',#5599,#384);
#93=LINE('',#5601,#385);
#94=LINE('',#5603,#386);
#95=LINE('',#5605,#387);
#96=LINE('',#5607,#388);
#97=LINE('',#5609,#389);
#98=LINE('',#5611,#390);
#99=LINE('',#5613,#391);
#100=LINE('',#5616,#392);
#101=LINE('',#5618,#393);
#102=LINE('',#5620,#394);
#103=LINE('',#5622,#395);
#104=LINE('',#5624,#396);
#105=LINE('',#5626,#397);
#106=LINE('',#5628,#398);
#107=LINE('',#5630,#399);
#108=LINE('',#5632,#400);
#109=LINE('',#5634,#401);
#110=LINE('',#5636,#402);
#111=LINE('',#5638,#403);
#112=LINE('',#5661,#404);
#113=LINE('',#5663,#405);
#114=LINE('',#5665,#406);
#115=LINE('',#5667,#407);
#116=LINE('',#5669,#408);
#117=LINE('',#5671,#409);
#118=LINE('',#5673,#410);
#119=LINE('',#5675,#411);
#120=LINE('',#5699,#412);
#121=LINE('',#5704,#413);
#122=LINE('',#5706,#414);
#123=LINE('',#5710,#415);
#124=LINE('',#5714,#416);
#125=LINE('',#5716,#417);
#126=LINE('',#5720,#418);
#127=LINE('',#5722,#419);
#128=LINE('',#5724,#420);
#129=LINE('',#5728,#421);
#130=LINE('',#5730,#422);
#131=LINE('',#5734,#423);
#132=LINE('',#5738,#424);
#133=LINE('',#5740,#425);
#134=LINE('',#5744,#426);
#135=LINE('',#5746,#427);
#136=LINE('',#5748,#428);
#137=LINE('',#5751,#429);
#138=LINE('',#5753,#430);
#139=LINE('',#5755,#431);
#140=LINE('',#5759,#432);
#141=LINE('',#5763,#433);
#142=LINE('',#5765,#434);
#143=LINE('',#5767,#435);
#144=LINE('',#5769,#436);
#145=LINE('',#5772,#437);
#146=LINE('',#5774,#438);
#147=LINE('',#5776,#439);
#148=LINE('',#5780,#440);
#149=LINE('',#5784,#441);
#150=LINE('',#5786,#442);
#151=LINE('',#5788,#443);
#152=LINE('',#5790,#444);
#153=LINE('',#5793,#445);
#154=LINE('',#5795,#446);
#155=LINE('',#5797,#447);
#156=LINE('',#5801,#448);
#157=LINE('',#5805,#449);
#158=LINE('',#5807,#450);
#159=LINE('',#5809,#451);
#160=LINE('',#5811,#452);
#161=LINE('',#5814,#453);
#162=LINE('',#5816,#454);
#163=LINE('',#5818,#455);
#164=LINE('',#5822,#456);
#165=LINE('',#5826,#457);
#166=LINE('',#5828,#458);
#167=LINE('',#5830,#459);
#168=LINE('',#5832,#460);
#169=LINE('',#5835,#461);
#170=LINE('',#5837,#462);
#171=LINE('',#5839,#463);
#172=LINE('',#5843,#464);
#173=LINE('',#5847,#465);
#174=LINE('',#5849,#466);
#175=LINE('',#5851,#467);
#176=LINE('',#5853,#468);
#177=LINE('',#5856,#469);
#178=LINE('',#5858,#470);
#179=LINE('',#5860,#471);
#180=LINE('',#5864,#472);
#181=LINE('',#5868,#473);
#182=LINE('',#5870,#474);
#183=LINE('',#5872,#475);
#184=LINE('',#5874,#476);
#185=LINE('',#5877,#477);
#186=LINE('',#5879,#478);
#187=LINE('',#5881,#479);
#188=LINE('',#5885,#480);
#189=LINE('',#5889,#481);
#190=LINE('',#5891,#482);
#191=LINE('',#5893,#483);
#192=LINE('',#5895,#484);
#193=LINE('',#5898,#485);
#194=LINE('',#5900,#486);
#195=LINE('',#5902,#487);
#196=LINE('',#5906,#488);
#197=LINE('',#5910,#489);
#198=LINE('',#5912,#490);
#199=LINE('',#5914,#491);
#200=LINE('',#5916,#492);
#201=LINE('',#5919,#493);
#202=LINE('',#5921,#494);
#203=LINE('',#5923,#495);
#204=LINE('',#5927,#496);
#205=LINE('',#5931,#497);
#206=LINE('',#5933,#498);
#207=LINE('',#5935,#499);
#208=LINE('',#5937,#500);
#209=LINE('',#5942,#501);
#210=LINE('',#5946,#502);
#211=LINE('',#5948,#503);
#212=LINE('',#5950,#504);
#213=LINE('',#5954,#505);
#214=LINE('',#5958,#506);
#215=LINE('',#5961,#507);
#216=LINE('',#5963,#508);
#217=LINE('',#5965,#509);
#218=LINE('',#5969,#510);
#219=LINE('',#5973,#511);
#220=LINE('',#5975,#512);
#221=LINE('',#5977,#513);
#222=LINE('',#5979,#514);
#223=LINE('',#5982,#515);
#224=LINE('',#5984,#516);
#225=LINE('',#5986,#517);
#226=LINE('',#5990,#518);
#227=LINE('',#5994,#519);
#228=LINE('',#5996,#520);
#229=LINE('',#5998,#521);
#230=LINE('',#6000,#522);
#231=LINE('',#6003,#523);
#232=LINE('',#6005,#524);
#233=LINE('',#6007,#525);
#234=LINE('',#6011,#526);
#235=LINE('',#6015,#527);
#236=LINE('',#6017,#528);
#237=LINE('',#6019,#529);
#238=LINE('',#6021,#530);
#239=LINE('',#6024,#531);
#240=LINE('',#6026,#532);
#241=LINE('',#6028,#533);
#242=LINE('',#6032,#534);
#243=LINE('',#6036,#535);
#244=LINE('',#6038,#536);
#245=LINE('',#6040,#537);
#246=LINE('',#6042,#538);
#247=LINE('',#6045,#539);
#248=LINE('',#6047,#540);
#249=LINE('',#6049,#541);
#250=LINE('',#6053,#542);
#251=LINE('',#6057,#543);
#252=LINE('',#6059,#544);
#253=LINE('',#6061,#545);
#254=LINE('',#6063,#546);
#255=LINE('',#6066,#547);
#256=LINE('',#6068,#548);
#257=LINE('',#6070,#549);
#258=LINE('',#6074,#550);
#259=LINE('',#6078,#551);
#260=LINE('',#6080,#552);
#261=LINE('',#6082,#553);
#262=LINE('',#6084,#554);
#263=LINE('',#6086,#555);
#264=LINE('',#6088,#556);
#265=LINE('',#6090,#557);
#266=LINE('',#6094,#558);
#267=LINE('',#6095,#559);
#268=LINE('',#6099,#560);
#269=LINE('',#6101,#561);
#270=LINE('',#6103,#562);
#271=LINE('',#6107,#563);
#272=LINE('',#6108,#564);
#273=LINE('',#6112,#565);
#274=LINE('',#6114,#566);
#275=LINE('',#6116,#567);
#276=LINE('',#6120,#568);
#277=LINE('',#6122,#569);
#278=LINE('',#6124,#570);
#279=LINE('',#6128,#571);
#280=LINE('',#6130,#572);
#281=LINE('',#6132,#573);
#282=LINE('',#6136,#574);
#283=LINE('',#6137,#575);
#284=LINE('',#6141,#576);
#285=LINE('',#6143,#577);
#286=LINE('',#6145,#578);
#287=LINE('',#6149,#579);
#288=LINE('',#6150,#580);
#289=LINE('',#6154,#581);
#290=LINE('',#6156,#582);
#291=LINE('',#6158,#583);
#292=LINE('',#6162,#584);
#293=LINE('',#6164,#585);
#294=LINE('',#6203,#586);
#295=LINE('',#6204,#587);
#296=LINE('',#6249,#588);
#297=LINE('',#6251,#589);
#298=LINE('',#6253,#590);
#299=LINE('',#6259,#591);
#300=LINE('',#6262,#592);
#301=LINE('',#6264,#593);
#302=LINE('',#6266,#594);
#303=LINE('',#6272,#595);
#304=LINE('',#6275,#596);
#305=LINE('',#6277,#597);
#306=LINE('',#6283,#598);
#307=LINE('',#6285,#599);
#308=LINE('',#6288,#600);
#309=LINE('',#6290,#601);
#310=LINE('',#6296,#602);
#311=LINE('',#6298,#603);
#312=VECTOR('',#4266,1.);
#313=VECTOR('',#4267,1.);
#314=VECTOR('',#4268,1.);
#315=VECTOR('',#4269,1.);
#316=VECTOR('',#4270,1.);
#317=VECTOR('',#4271,1.);
#318=VECTOR('',#4272,1.);
#319=VECTOR('',#4273,1.);
#320=VECTOR('',#4274,1.);
#321=VECTOR('',#4275,1.);
#322=VECTOR('',#4276,1.);
#323=VECTOR('',#4277,1.);
#324=VECTOR('',#4278,1.);
#325=VECTOR('',#4279,1.);
#326=VECTOR('',#4280,1.);
#327=VECTOR('',#4281,1.);
#328=VECTOR('',#4282,1.);
#329=VECTOR('',#4283,1.);
#330=VECTOR('',#4284,1.);
#331=VECTOR('',#4285,1.);
#332=VECTOR('',#4286,1.);
#333=VECTOR('',#4287,1.);
#334=VECTOR('',#4288,1.);
#335=VECTOR('',#4289,1.);
#336=VECTOR('',#4308,1.);
#337=VECTOR('',#4319,1.);
#338=VECTOR('',#4328,1.);
#339=VECTOR('',#4329,1.);
#340=VECTOR('',#4330,1.);
#341=VECTOR('',#4331,1.);
#342=VECTOR('',#4336,1.);
#343=VECTOR('',#4337,1.);
#344=VECTOR('',#4342,1.);
#345=VECTOR('',#4347,1.);
#346=VECTOR('',#4350,1.);
#347=VECTOR('',#4351,1.);
#348=VECTOR('',#4356,1.);
#349=VECTOR('',#4361,1.);
#350=VECTOR('',#4366,1.);
#351=VECTOR('',#4371,1.);
#352=VECTOR('',#4376,1.);
#353=VECTOR('',#4379,1.);
#354=VECTOR('',#4380,1.);
#355=VECTOR('',#4385,1.);
#356=VECTOR('',#4418,1.);
#357=VECTOR('',#4419,1.);
#358=VECTOR('',#4420,1.);
#359=VECTOR('',#4423,1.);
#360=VECTOR('',#4424,1.);
#361=VECTOR('',#4427,1.);
#362=VECTOR('',#4428,1.);
#363=VECTOR('',#4431,1.);
#364=VECTOR('',#4432,1.);
#365=VECTOR('',#4435,1.);
#366=VECTOR('',#4436,1.);
#367=VECTOR('',#4439,1.);
#368=VECTOR('',#4444,1.);
#369=VECTOR('',#4445,1.);
#370=VECTOR('',#4446,1.);
#371=VECTOR('',#4449,1.);
#372=VECTOR('',#4450,1.);
#373=VECTOR('',#4453,1.);
#374=VECTOR('',#4454,1.);
#375=VECTOR('',#4457,1.);
#376=VECTOR('',#4458,1.);
#377=VECTOR('',#4461,1.);
#378=VECTOR('',#4462,1.);
#379=VECTOR('',#4465,1.);
#380=VECTOR('',#4470,1.);
#381=VECTOR('',#4471,1.);
#382=VECTOR('',#4472,1.);
#383=VECTOR('',#4475,1.);
#384=VECTOR('',#4476,1.);
#385=VECTOR('',#4479,1.);
#386=VECTOR('',#4480,1.);
#387=VECTOR('',#4483,1.);
#388=VECTOR('',#4484,1.);
#389=VECTOR('',#4487,1.);
#390=VECTOR('',#4488,1.);
#391=VECTOR('',#4491,1.);
#392=VECTOR('',#4496,1.);
#393=VECTOR('',#4497,1.);
#394=VECTOR('',#4498,1.);
#395=VECTOR('',#4501,1.);
#396=VECTOR('',#4502,1.);
#397=VECTOR('',#4505,1.);
#398=VECTOR('',#4506,1.);
#399=VECTOR('',#4509,1.);
#400=VECTOR('',#4510,1.);
#401=VECTOR('',#4513,1.);
#402=VECTOR('',#4514,1.);
#403=VECTOR('',#4517,1.);
#404=VECTOR('',#4550,1.);
#405=VECTOR('',#4551,1.);
#406=VECTOR('',#4552,1.);
#407=VECTOR('',#4555,1.);
#408=VECTOR('',#4556,1.);
#409=VECTOR('',#4559,1.);
#410=VECTOR('',#4560,1.);
#411=VECTOR('',#4563,1.);
#412=VECTOR('',#4590,1.);
#413=VECTOR('',#4593,1.);
#414=VECTOR('',#4594,1.);
#415=VECTOR('',#4597,1.);
#416=VECTOR('',#4600,1.);
#417=VECTOR('',#4601,1.);
#418=VECTOR('',#4604,1.);
#419=VECTOR('',#4605,1.);
#420=VECTOR('',#4606,1.);
#421=VECTOR('',#4609,1.);
#422=VECTOR('',#4610,1.);
#423=VECTOR('',#4613,1.);
#424=VECTOR('',#4616,1.);
#425=VECTOR('',#4617,1.);
#426=VECTOR('',#4620,1.);
#427=VECTOR('',#4621,1.);
#428=VECTOR('',#4624,1.);
#429=VECTOR('',#4625,1.);
#430=VECTOR('',#4626,1.);
#431=VECTOR('',#4627,1.);
#432=VECTOR('',#4632,1.);
#433=VECTOR('',#4637,1.);
#434=VECTOR('',#4638,1.);
#435=VECTOR('',#4639,1.);
#436=VECTOR('',#4642,1.);
#437=VECTOR('',#4643,1.);
#438=VECTOR('',#4644,1.);
#439=VECTOR('',#4645,1.);
#440=VECTOR('',#4650,1.);
#441=VECTOR('',#4655,1.);
#442=VECTOR('',#4656,1.);
#443=VECTOR('',#4657,1.);
#444=VECTOR('',#4660,1.);
#445=VECTOR('',#4661,1.);
#446=VECTOR('',#4662,1.);
#447=VECTOR('',#4663,1.);
#448=VECTOR('',#4668,1.);
#449=VECTOR('',#4673,1.);
#450=VECTOR('',#4674,1.);
#451=VECTOR('',#4675,1.);
#452=VECTOR('',#4678,1.);
#453=VECTOR('',#4679,1.);
#454=VECTOR('',#4680,1.);
#455=VECTOR('',#4681,1.);
#456=VECTOR('',#4686,1.);
#457=VECTOR('',#4691,1.);
#458=VECTOR('',#4692,1.);
#459=VECTOR('',#4693,1.);
#460=VECTOR('',#4696,1.);
#461=VECTOR('',#4697,1.);
#462=VECTOR('',#4698,1.);
#463=VECTOR('',#4699,1.);
#464=VECTOR('',#4704,1.);
#465=VECTOR('',#4709,1.);
#466=VECTOR('',#4710,1.);
#467=VECTOR('',#4711,1.);
#468=VECTOR('',#4714,1.);
#469=VECTOR('',#4715,1.);
#470=VECTOR('',#4716,1.);
#471=VECTOR('',#4717,1.);
#472=VECTOR('',#4722,1.);
#473=VECTOR('',#4727,1.);
#474=VECTOR('',#4728,1.);
#475=VECTOR('',#4729,1.);
#476=VECTOR('',#4732,1.);
#477=VECTOR('',#4733,1.);
#478=VECTOR('',#4734,1.);
#479=VECTOR('',#4735,1.);
#480=VECTOR('',#4740,1.);
#481=VECTOR('',#4745,1.);
#482=VECTOR('',#4746,1.);
#483=VECTOR('',#4747,1.);
#484=VECTOR('',#4750,1.);
#485=VECTOR('',#4751,1.);
#486=VECTOR('',#4752,1.);
#487=VECTOR('',#4753,1.);
#488=VECTOR('',#4758,1.);
#489=VECTOR('',#4763,1.);
#490=VECTOR('',#4764,1.);
#491=VECTOR('',#4765,1.);
#492=VECTOR('',#4768,1.);
#493=VECTOR('',#4769,1.);
#494=VECTOR('',#4770,1.);
#495=VECTOR('',#4771,1.);
#496=VECTOR('',#4776,1.);
#497=VECTOR('',#4781,1.);
#498=VECTOR('',#4782,1.);
#499=VECTOR('',#4783,1.);
#500=VECTOR('',#4786,1.);
#501=VECTOR('',#4789,1.);
#502=VECTOR('',#4794,1.);
#503=VECTOR('',#4795,1.);
#504=VECTOR('',#4796,1.);
#505=VECTOR('',#4801,1.);
#506=VECTOR('',#4806,1.);
#507=VECTOR('',#4807,1.);
#508=VECTOR('',#4808,1.);
#509=VECTOR('',#4809,1.);
#510=VECTOR('',#4814,1.);
#511=VECTOR('',#4819,1.);
#512=VECTOR('',#4820,1.);
#513=VECTOR('',#4821,1.);
#514=VECTOR('',#4824,1.);
#515=VECTOR('',#4825,1.);
#516=VECTOR('',#4826,1.);
#517=VECTOR('',#4827,1.);
#518=VECTOR('',#4832,1.);
#519=VECTOR('',#4837,1.);
#520=VECTOR('',#4838,1.);
#521=VECTOR('',#4839,1.);
#522=VECTOR('',#4842,1.);
#523=VECTOR('',#4843,1.);
#524=VECTOR('',#4844,1.);
#525=VECTOR('',#4845,1.);
#526=VECTOR('',#4850,1.);
#527=VECTOR('',#4855,1.);
#528=VECTOR('',#4856,1.);
#529=VECTOR('',#4857,1.);
#530=VECTOR('',#4860,1.);
#531=VECTOR('',#4861,1.);
#532=VECTOR('',#4862,1.);
#533=VECTOR('',#4863,1.);
#534=VECTOR('',#4868,1.);
#535=VECTOR('',#4873,1.);
#536=VECTOR('',#4874,1.);
#537=VECTOR('',#4875,1.);
#538=VECTOR('',#4878,1.);
#539=VECTOR('',#4879,1.);
#540=VECTOR('',#4880,1.);
#541=VECTOR('',#4881,1.);
#542=VECTOR('',#4886,1.);
#543=VECTOR('',#4891,1.);
#544=VECTOR('',#4892,1.);
#545=VECTOR('',#4893,1.);
#546=VECTOR('',#4896,1.);
#547=VECTOR('',#4897,1.);
#548=VECTOR('',#4898,1.);
#549=VECTOR('',#4899,1.);
#550=VECTOR('',#4904,1.);
#551=VECTOR('',#4909,1.);
#552=VECTOR('',#4910,1.);
#553=VECTOR('',#4911,1.);
#554=VECTOR('',#4914,1.);
#555=VECTOR('',#4915,1.);
#556=VECTOR('',#4916,1.);
#557=VECTOR('',#4919,1.);
#558=VECTOR('',#4922,1.);
#559=VECTOR('',#4923,1.);
#560=VECTOR('',#4928,1.);
#561=VECTOR('',#4929,1.);
#562=VECTOR('',#4932,1.);
#563=VECTOR('',#4935,1.);
#564=VECTOR('',#4936,1.);
#565=VECTOR('',#4941,1.);
#566=VECTOR('',#4942,1.);
#567=VECTOR('',#4945,1.);
#568=VECTOR('',#4950,1.);
#569=VECTOR('',#4951,1.);
#570=VECTOR('',#4954,1.);
#571=VECTOR('',#4959,1.);
#572=VECTOR('',#4960,1.);
#573=VECTOR('',#4963,1.);
#574=VECTOR('',#4966,1.);
#575=VECTOR('',#4967,1.);
#576=VECTOR('',#4972,1.);
#577=VECTOR('',#4973,1.);
#578=VECTOR('',#4976,1.);
#579=VECTOR('',#4979,1.);
#580=VECTOR('',#4980,1.);
#581=VECTOR('',#4985,1.);
#582=VECTOR('',#4986,1.);
#583=VECTOR('',#4989,1.);
#584=VECTOR('',#4994,1.);
#585=VECTOR('',#4995,1.);
#586=VECTOR('',#5064,1.);
#587=VECTOR('',#5065,1.);
#588=VECTOR('',#5134,1.);
#589=VECTOR('',#5135,1.);
#590=VECTOR('',#5138,1.);
#591=VECTOR('',#5145,1.);
#592=VECTOR('',#5150,1.);
#593=VECTOR('',#5151,1.);
#594=VECTOR('',#5154,1.);
#595=VECTOR('',#5161,1.);
#596=VECTOR('',#5166,1.);
#597=VECTOR('',#5167,1.);
#598=VECTOR('',#5174,1.);
#599=VECTOR('',#5177,1.);
#600=VECTOR('',#5182,1.);
#601=VECTOR('',#5183,1.);
#602=VECTOR('',#5190,1.);
#603=VECTOR('',#5193,1.);
#604=SHAPE_REPRESENTATION_RELATIONSHIP('','',#3823,#612);
#605=SHAPE_REPRESENTATION_RELATIONSHIP('','',#3824,#613);
#606=SHAPE_REPRESENTATION_RELATIONSHIP('','',#3825,#614);
#607=SHAPE_REPRESENTATION_RELATIONSHIP('','',#3826,#615);
#608=SHAPE_REPRESENTATION_RELATIONSHIP('','',#3827,#616);
#609=SHAPE_REPRESENTATION_RELATIONSHIP('','',#3828,#617);
#610=SHAPE_REPRESENTATION_RELATIONSHIP('','',#3829,#618);
#611=SHAPE_REPRESENTATION_RELATIONSHIP('','',#3830,#619);
#612=ADVANCED_BREP_SHAPE_REPRESENTATION('',(#3807),#6423);
#613=ADVANCED_BREP_SHAPE_REPRESENTATION('',(#3808),#6424);
#614=ADVANCED_BREP_SHAPE_REPRESENTATION('',(#3809),#6425);
#615=ADVANCED_BREP_SHAPE_REPRESENTATION('',(#3810),#6426);
#616=ADVANCED_BREP_SHAPE_REPRESENTATION('',(#3811),#6427);
#617=ADVANCED_BREP_SHAPE_REPRESENTATION('',(#3812),#6428);
#618=ADVANCED_BREP_SHAPE_REPRESENTATION('',(#3813),#6429);
#619=ADVANCED_BREP_SHAPE_REPRESENTATION('',(#3814),#6430);
#620=PLANE('',#3838);
#621=PLANE('',#3839);
#622=PLANE('',#3841);
#623=PLANE('',#3866);
#624=PLANE('',#3877);
#625=PLANE('',#3894);
#626=PLANE('',#3895);
#627=PLANE('',#3896);
#628=PLANE('',#3897);
#629=PLANE('',#3898);
#630=PLANE('',#3899);
#631=PLANE('',#3900);
#632=PLANE('',#3901);
#633=PLANE('',#3902);
#634=PLANE('',#3903);
#635=PLANE('',#3904);
#636=PLANE('',#3905);
#637=PLANE('',#3906);
#638=PLANE('',#3907);
#639=PLANE('',#3908);
#640=PLANE('',#3909);
#641=PLANE('',#3910);
#642=PLANE('',#3911);
#643=PLANE('',#3912);
#644=PLANE('',#3913);
#645=PLANE('',#3914);
#646=PLANE('',#3915);
#647=PLANE('',#3916);
#648=PLANE('',#3917);
#649=PLANE('',#3918);
#650=PLANE('',#3919);
#651=PLANE('',#3920);
#652=PLANE('',#3921);
#653=PLANE('',#3922);
#654=PLANE('',#3928);
#655=PLANE('',#3929);
#656=PLANE('',#3935);
#657=PLANE('',#3936);
#658=PLANE('',#3937);
#659=PLANE('',#3938);
#660=PLANE('',#3939);
#661=PLANE('',#3940);
#662=PLANE('',#3941);
#663=PLANE('',#3943);
#664=PLANE('',#3962);
#665=PLANE('',#3966);
#666=PLANE('',#3967);
#667=PLANE('',#3971);
#668=PLANE('',#3972);
#669=PLANE('',#3976);
#670=PLANE('',#3977);
#671=PLANE('',#3981);
#672=PLANE('',#3982);
#673=PLANE('',#3986);
#674=PLANE('',#3987);
#675=PLANE('',#3991);
#676=PLANE('',#3992);
#677=PLANE('',#3996);
#678=PLANE('',#3997);
#679=PLANE('',#4001);
#680=PLANE('',#4002);
#681=PLANE('',#4006);
#682=PLANE('',#4010);
#683=PLANE('',#4014);
#684=PLANE('',#4018);
#685=PLANE('',#4019);
#686=PLANE('',#4023);
#687=PLANE('',#4024);
#688=PLANE('',#4028);
#689=PLANE('',#4029);
#690=PLANE('',#4033);
#691=PLANE('',#4034);
#692=PLANE('',#4038);
#693=PLANE('',#4039);
#694=PLANE('',#4043);
#695=PLANE('',#4044);
#696=PLANE('',#4048);
#697=PLANE('',#4052);
#698=PLANE('',#4055);
#699=PLANE('',#4058);
#700=PLANE('',#4062);
#701=PLANE('',#4066);
#702=PLANE('',#4069);
#703=PLANE('',#4103);
#704=PLANE('',#4130);
#705=PLANE('',#4137);
#706=PLANE('',#4141);
#707=PLANE('',#4142);
#708=PLANE('',#4143);
#709=PLANE('',#4147);
#710=PLANE('',#4148);
#711=PLANE('',#4152);
#712=PLANE('',#4153);
#713=PLANE('',#4154);
#714=PLANE('',#4158);
#715=PLANE('',#4159);
#716=PLANE('',#4160);
#717=PLANE('',#4169);
#718=PLANE('',#4170);
#719=PLANE('',#4171);
#720=PLANE('',#4172);
#721=PLANE('',#4179);
#722=PLANE('',#4181);
#723=PLANE('',#4184);
#724=PLANE('',#4186);
#725=PLANE('',#4188);
#726=PLANE('',#4191);
#727=PLANE('',#4193);
#728=PLANE('',#4196);
#729=PLANE('',#4206);
#730=PLANE('',#4207);
#731=PLANE('',#4215);
#732=PLANE('',#4216);
#733=PLANE('',#4224);
#734=PLANE('',#4225);
#735=PLANE('',#4233);
#736=PLANE('',#4234);
#737=PLANE('',#4242);
#738=PLANE('',#4243);
#739=ORIENTED_EDGE('',*,*,#1707,.T.);
#740=ORIENTED_EDGE('',*,*,#1708,.F.);
#741=ORIENTED_EDGE('',*,*,#1709,.F.);
#742=ORIENTED_EDGE('',*,*,#1710,.T.);
#743=ORIENTED_EDGE('',*,*,#1707,.F.);
#744=ORIENTED_EDGE('',*,*,#1709,.T.);
#745=ORIENTED_EDGE('',*,*,#1708,.T.);
#746=ORIENTED_EDGE('',*,*,#1710,.F.);
#747=ORIENTED_EDGE('',*,*,#1711,.F.);
#748=ORIENTED_EDGE('',*,*,#1712,.T.);
#749=ORIENTED_EDGE('',*,*,#1713,.T.);
#750=ORIENTED_EDGE('',*,*,#1714,.T.);
#751=ORIENTED_EDGE('',*,*,#1715,.F.);
#752=ORIENTED_EDGE('',*,*,#1716,.F.);
#753=ORIENTED_EDGE('',*,*,#1717,.F.);
#754=ORIENTED_EDGE('',*,*,#1718,.T.);
#755=ORIENTED_EDGE('',*,*,#1719,.T.);
#756=ORIENTED_EDGE('',*,*,#1720,.F.);
#757=ORIENTED_EDGE('',*,*,#1721,.F.);
#758=ORIENTED_EDGE('',*,*,#1722,.F.);
#759=ORIENTED_EDGE('',*,*,#1723,.T.);
#760=ORIENTED_EDGE('',*,*,#1724,.T.);
#761=ORIENTED_EDGE('',*,*,#1725,.F.);
#762=ORIENTED_EDGE('',*,*,#1726,.F.);
#763=ORIENTED_EDGE('',*,*,#1727,.T.);
#764=ORIENTED_EDGE('',*,*,#1728,.F.);
#765=ORIENTED_EDGE('',*,*,#1729,.F.);
#766=ORIENTED_EDGE('',*,*,#1730,.T.);
#767=ORIENTED_EDGE('',*,*,#1731,.T.);
#768=ORIENTED_EDGE('',*,*,#1732,.F.);
#769=ORIENTED_EDGE('',*,*,#1733,.T.);
#770=ORIENTED_EDGE('',*,*,#1734,.F.);
#771=ORIENTED_EDGE('',*,*,#1735,.F.);
#772=ORIENTED_EDGE('',*,*,#1736,.F.);
#773=ORIENTED_EDGE('',*,*,#1737,.F.);
#774=ORIENTED_EDGE('',*,*,#1738,.F.);
#775=ORIENTED_EDGE('',*,*,#1739,.F.);
#776=ORIENTED_EDGE('',*,*,#1740,.F.);
#777=ORIENTED_EDGE('',*,*,#1741,.T.);
#778=ORIENTED_EDGE('',*,*,#1742,.F.);
#779=ORIENTED_EDGE('',*,*,#1743,.F.);
#780=ORIENTED_EDGE('',*,*,#1744,.T.);
#781=ORIENTED_EDGE('',*,*,#1745,.F.);
#782=ORIENTED_EDGE('',*,*,#1746,.F.);
#783=ORIENTED_EDGE('',*,*,#1747,.T.);
#784=ORIENTED_EDGE('',*,*,#1748,.F.);
#785=ORIENTED_EDGE('',*,*,#1749,.F.);
#786=ORIENTED_EDGE('',*,*,#1750,.T.);
#787=ORIENTED_EDGE('',*,*,#1751,.F.);
#788=ORIENTED_EDGE('',*,*,#1752,.F.);
#789=ORIENTED_EDGE('',*,*,#1753,.F.);
#790=ORIENTED_EDGE('',*,*,#1754,.F.);
#791=ORIENTED_EDGE('',*,*,#1755,.T.);
#792=ORIENTED_EDGE('',*,*,#1756,.F.);
#793=ORIENTED_EDGE('',*,*,#1757,.F.);
#794=ORIENTED_EDGE('',*,*,#1758,.T.);
#795=ORIENTED_EDGE('',*,*,#1759,.T.);
#796=ORIENTED_EDGE('',*,*,#1760,.F.);
#797=ORIENTED_EDGE('',*,*,#1741,.F.);
#798=ORIENTED_EDGE('',*,*,#1761,.T.);
#799=ORIENTED_EDGE('',*,*,#1762,.F.);
#800=ORIENTED_EDGE('',*,*,#1763,.F.);
#801=ORIENTED_EDGE('',*,*,#1742,.T.);
#802=ORIENTED_EDGE('',*,*,#1760,.T.);
#803=ORIENTED_EDGE('',*,*,#1764,.F.);
#804=ORIENTED_EDGE('',*,*,#1765,.F.);
#805=ORIENTED_EDGE('',*,*,#1743,.T.);
#806=ORIENTED_EDGE('',*,*,#1763,.T.);
#807=ORIENTED_EDGE('',*,*,#1766,.T.);
#808=ORIENTED_EDGE('',*,*,#1767,.F.);
#809=ORIENTED_EDGE('',*,*,#1744,.F.);
#810=ORIENTED_EDGE('',*,*,#1765,.T.);
#811=ORIENTED_EDGE('',*,*,#1768,.F.);
#812=ORIENTED_EDGE('',*,*,#1769,.F.);
#813=ORIENTED_EDGE('',*,*,#1745,.T.);
#814=ORIENTED_EDGE('',*,*,#1767,.T.);
#815=ORIENTED_EDGE('',*,*,#1770,.F.);
#816=ORIENTED_EDGE('',*,*,#1771,.F.);
#817=ORIENTED_EDGE('',*,*,#1746,.T.);
#818=ORIENTED_EDGE('',*,*,#1769,.T.);
#819=ORIENTED_EDGE('',*,*,#1772,.T.);
#820=ORIENTED_EDGE('',*,*,#1773,.F.);
#821=ORIENTED_EDGE('',*,*,#1747,.F.);
#822=ORIENTED_EDGE('',*,*,#1771,.T.);
#823=ORIENTED_EDGE('',*,*,#1774,.F.);
#824=ORIENTED_EDGE('',*,*,#1775,.F.);
#825=ORIENTED_EDGE('',*,*,#1748,.T.);
#826=ORIENTED_EDGE('',*,*,#1773,.T.);
#827=ORIENTED_EDGE('',*,*,#1776,.F.);
#828=ORIENTED_EDGE('',*,*,#1777,.F.);
#829=ORIENTED_EDGE('',*,*,#1749,.T.);
#830=ORIENTED_EDGE('',*,*,#1775,.T.);
#831=ORIENTED_EDGE('',*,*,#1778,.T.);
#832=ORIENTED_EDGE('',*,*,#1779,.F.);
#833=ORIENTED_EDGE('',*,*,#1750,.F.);
#834=ORIENTED_EDGE('',*,*,#1777,.T.);
#835=ORIENTED_EDGE('',*,*,#1780,.F.);
#836=ORIENTED_EDGE('',*,*,#1781,.F.);
#837=ORIENTED_EDGE('',*,*,#1751,.T.);
#838=ORIENTED_EDGE('',*,*,#1779,.T.);
#839=ORIENTED_EDGE('',*,*,#1736,.T.);
#840=ORIENTED_EDGE('',*,*,#1782,.F.);
#841=ORIENTED_EDGE('',*,*,#1737,.T.);
#842=ORIENTED_EDGE('',*,*,#1783,.F.);
#843=ORIENTED_EDGE('',*,*,#1738,.T.);
#844=ORIENTED_EDGE('',*,*,#1784,.F.);
#845=ORIENTED_EDGE('',*,*,#1739,.T.);
#846=ORIENTED_EDGE('',*,*,#1785,.F.);
#847=ORIENTED_EDGE('',*,*,#1740,.T.);
#848=ORIENTED_EDGE('',*,*,#1786,.F.);
#849=ORIENTED_EDGE('',*,*,#1787,.F.);
#850=ORIENTED_EDGE('',*,*,#1761,.F.);
#851=ORIENTED_EDGE('',*,*,#1752,.T.);
#852=ORIENTED_EDGE('',*,*,#1781,.T.);
#853=ORIENTED_EDGE('',*,*,#1735,.T.);
#854=ORIENTED_EDGE('',*,*,#1788,.F.);
#855=ORIENTED_EDGE('',*,*,#1759,.F.);
#856=ORIENTED_EDGE('',*,*,#1787,.T.);
#857=ORIENTED_EDGE('',*,*,#1780,.T.);
#858=ORIENTED_EDGE('',*,*,#1778,.F.);
#859=ORIENTED_EDGE('',*,*,#1776,.T.);
#860=ORIENTED_EDGE('',*,*,#1774,.T.);
#861=ORIENTED_EDGE('',*,*,#1772,.F.);
#862=ORIENTED_EDGE('',*,*,#1770,.T.);
#863=ORIENTED_EDGE('',*,*,#1768,.T.);
#864=ORIENTED_EDGE('',*,*,#1766,.F.);
#865=ORIENTED_EDGE('',*,*,#1764,.T.);
#866=ORIENTED_EDGE('',*,*,#1762,.T.);
#867=ORIENTED_EDGE('',*,*,#1786,.T.);
#868=ORIENTED_EDGE('',*,*,#1785,.T.);
#869=ORIENTED_EDGE('',*,*,#1784,.T.);
#870=ORIENTED_EDGE('',*,*,#1783,.T.);
#871=ORIENTED_EDGE('',*,*,#1782,.T.);
#872=ORIENTED_EDGE('',*,*,#1788,.T.);
#873=ORIENTED_EDGE('',*,*,#1730,.F.);
#874=ORIENTED_EDGE('',*,*,#1789,.F.);
#875=ORIENTED_EDGE('',*,*,#1790,.T.);
#876=ORIENTED_EDGE('',*,*,#1791,.T.);
#877=ORIENTED_EDGE('',*,*,#1729,.T.);
#878=ORIENTED_EDGE('',*,*,#1792,.F.);
#879=ORIENTED_EDGE('',*,*,#1793,.F.);
#880=ORIENTED_EDGE('',*,*,#1789,.T.);
#881=ORIENTED_EDGE('',*,*,#1734,.T.);
#882=ORIENTED_EDGE('',*,*,#1794,.F.);
#883=ORIENTED_EDGE('',*,*,#1795,.F.);
#884=ORIENTED_EDGE('',*,*,#1792,.T.);
#885=ORIENTED_EDGE('',*,*,#1733,.F.);
#886=ORIENTED_EDGE('',*,*,#1796,.F.);
#887=ORIENTED_EDGE('',*,*,#1797,.T.);
#888=ORIENTED_EDGE('',*,*,#1794,.T.);
#889=ORIENTED_EDGE('',*,*,#1732,.T.);
#890=ORIENTED_EDGE('',*,*,#1798,.F.);
#891=ORIENTED_EDGE('',*,*,#1799,.F.);
#892=ORIENTED_EDGE('',*,*,#1796,.T.);
#893=ORIENTED_EDGE('',*,*,#1731,.F.);
#894=ORIENTED_EDGE('',*,*,#1791,.F.);
#895=ORIENTED_EDGE('',*,*,#1800,.T.);
#896=ORIENTED_EDGE('',*,*,#1798,.T.);
#897=ORIENTED_EDGE('',*,*,#1790,.F.);
#898=ORIENTED_EDGE('',*,*,#1793,.T.);
#899=ORIENTED_EDGE('',*,*,#1795,.T.);
#900=ORIENTED_EDGE('',*,*,#1797,.F.);
#901=ORIENTED_EDGE('',*,*,#1799,.T.);
#902=ORIENTED_EDGE('',*,*,#1800,.F.);
#903=ORIENTED_EDGE('',*,*,#1724,.F.);
#904=ORIENTED_EDGE('',*,*,#1801,.F.);
#905=ORIENTED_EDGE('',*,*,#1802,.T.);
#906=ORIENTED_EDGE('',*,*,#1803,.T.);
#907=ORIENTED_EDGE('',*,*,#1723,.F.);
#908=ORIENTED_EDGE('',*,*,#1804,.F.);
#909=ORIENTED_EDGE('',*,*,#1805,.T.);
#910=ORIENTED_EDGE('',*,*,#1801,.T.);
#911=ORIENTED_EDGE('',*,*,#1728,.T.);
#912=ORIENTED_EDGE('',*,*,#1806,.F.);
#913=ORIENTED_EDGE('',*,*,#1807,.F.);
#914=ORIENTED_EDGE('',*,*,#1804,.T.);
#915=ORIENTED_EDGE('',*,*,#1727,.F.);
#916=ORIENTED_EDGE('',*,*,#1808,.F.);
#917=ORIENTED_EDGE('',*,*,#1809,.T.);
#918=ORIENTED_EDGE('',*,*,#1806,.T.);
#919=ORIENTED_EDGE('',*,*,#1726,.T.);
#920=ORIENTED_EDGE('',*,*,#1810,.F.);
#921=ORIENTED_EDGE('',*,*,#1811,.F.);
#922=ORIENTED_EDGE('',*,*,#1808,.T.);
#923=ORIENTED_EDGE('',*,*,#1725,.T.);
#924=ORIENTED_EDGE('',*,*,#1803,.F.);
#925=ORIENTED_EDGE('',*,*,#1812,.F.);
#926=ORIENTED_EDGE('',*,*,#1810,.T.);
#927=ORIENTED_EDGE('',*,*,#1802,.F.);
#928=ORIENTED_EDGE('',*,*,#1805,.F.);
#929=ORIENTED_EDGE('',*,*,#1807,.T.);
#930=ORIENTED_EDGE('',*,*,#1809,.F.);
#931=ORIENTED_EDGE('',*,*,#1811,.T.);
#932=ORIENTED_EDGE('',*,*,#1812,.T.);
#933=ORIENTED_EDGE('',*,*,#1718,.F.);
#934=ORIENTED_EDGE('',*,*,#1813,.F.);
#935=ORIENTED_EDGE('',*,*,#1814,.T.);
#936=ORIENTED_EDGE('',*,*,#1815,.T.);
#937=ORIENTED_EDGE('',*,*,#1717,.T.);
#938=ORIENTED_EDGE('',*,*,#1816,.F.);
#939=ORIENTED_EDGE('',*,*,#1817,.F.);
#940=ORIENTED_EDGE('',*,*,#1813,.T.);
#941=ORIENTED_EDGE('',*,*,#1722,.T.);
#942=ORIENTED_EDGE('',*,*,#1818,.F.);
#943=ORIENTED_EDGE('',*,*,#1819,.F.);
#944=ORIENTED_EDGE('',*,*,#1816,.T.);
#945=ORIENTED_EDGE('',*,*,#1721,.T.);
#946=ORIENTED_EDGE('',*,*,#1820,.F.);
#947=ORIENTED_EDGE('',*,*,#1821,.F.);
#948=ORIENTED_EDGE('',*,*,#1818,.T.);
#949=ORIENTED_EDGE('',*,*,#1720,.T.);
#950=ORIENTED_EDGE('',*,*,#1822,.F.);
#951=ORIENTED_EDGE('',*,*,#1823,.F.);
#952=ORIENTED_EDGE('',*,*,#1820,.T.);
#953=ORIENTED_EDGE('',*,*,#1719,.F.);
#954=ORIENTED_EDGE('',*,*,#1815,.F.);
#955=ORIENTED_EDGE('',*,*,#1824,.T.);
#956=ORIENTED_EDGE('',*,*,#1822,.T.);
#957=ORIENTED_EDGE('',*,*,#1814,.F.);
#958=ORIENTED_EDGE('',*,*,#1817,.T.);
#959=ORIENTED_EDGE('',*,*,#1819,.T.);
#960=ORIENTED_EDGE('',*,*,#1821,.T.);
#961=ORIENTED_EDGE('',*,*,#1823,.T.);
#962=ORIENTED_EDGE('',*,*,#1824,.F.);
#963=ORIENTED_EDGE('',*,*,#1712,.F.);
#964=ORIENTED_EDGE('',*,*,#1825,.F.);
#965=ORIENTED_EDGE('',*,*,#1826,.T.);
#966=ORIENTED_EDGE('',*,*,#1827,.T.);
#967=ORIENTED_EDGE('',*,*,#1711,.T.);
#968=ORIENTED_EDGE('',*,*,#1828,.F.);
#969=ORIENTED_EDGE('',*,*,#1829,.F.);
#970=ORIENTED_EDGE('',*,*,#1825,.T.);
#971=ORIENTED_EDGE('',*,*,#1716,.T.);
#972=ORIENTED_EDGE('',*,*,#1830,.F.);
#973=ORIENTED_EDGE('',*,*,#1831,.F.);
#974=ORIENTED_EDGE('',*,*,#1828,.T.);
#975=ORIENTED_EDGE('',*,*,#1715,.T.);
#976=ORIENTED_EDGE('',*,*,#1832,.F.);
#977=ORIENTED_EDGE('',*,*,#1833,.F.);
#978=ORIENTED_EDGE('',*,*,#1830,.T.);
#979=ORIENTED_EDGE('',*,*,#1714,.F.);
#980=ORIENTED_EDGE('',*,*,#1834,.F.);
#981=ORIENTED_EDGE('',*,*,#1835,.T.);
#982=ORIENTED_EDGE('',*,*,#1832,.T.);
#983=ORIENTED_EDGE('',*,*,#1713,.F.);
#984=ORIENTED_EDGE('',*,*,#1827,.F.);
#985=ORIENTED_EDGE('',*,*,#1836,.T.);
#986=ORIENTED_EDGE('',*,*,#1834,.T.);
#987=ORIENTED_EDGE('',*,*,#1826,.F.);
#988=ORIENTED_EDGE('',*,*,#1829,.T.);
#989=ORIENTED_EDGE('',*,*,#1831,.T.);
#990=ORIENTED_EDGE('',*,*,#1833,.T.);
#991=ORIENTED_EDGE('',*,*,#1835,.F.);
#992=ORIENTED_EDGE('',*,*,#1836,.F.);
#993=ORIENTED_EDGE('',*,*,#1837,.F.);
#994=ORIENTED_EDGE('',*,*,#1753,.T.);
#995=ORIENTED_EDGE('',*,*,#1838,.T.);
#996=ORIENTED_EDGE('',*,*,#1839,.T.);
#997=ORIENTED_EDGE('',*,*,#1837,.T.);
#998=ORIENTED_EDGE('',*,*,#1838,.F.);
#999=ORIENTED_EDGE('',*,*,#1839,.F.);
#1000=ORIENTED_EDGE('',*,*,#1840,.T.);
#1001=ORIENTED_EDGE('',*,*,#1841,.T.);
#1002=ORIENTED_EDGE('',*,*,#1842,.F.);
#1003=ORIENTED_EDGE('',*,*,#1754,.T.);
#1004=ORIENTED_EDGE('',*,*,#1840,.F.);
#1005=ORIENTED_EDGE('',*,*,#1842,.T.);
#1006=ORIENTED_EDGE('',*,*,#1841,.F.);
#1007=ORIENTED_EDGE('',*,*,#1755,.F.);
#1008=ORIENTED_EDGE('',*,*,#1843,.F.);
#1009=ORIENTED_EDGE('',*,*,#1844,.T.);
#1010=ORIENTED_EDGE('',*,*,#1845,.T.);
#1011=ORIENTED_EDGE('',*,*,#1758,.F.);
#1012=ORIENTED_EDGE('',*,*,#1846,.F.);
#1013=ORIENTED_EDGE('',*,*,#1847,.T.);
#1014=ORIENTED_EDGE('',*,*,#1843,.T.);
#1015=ORIENTED_EDGE('',*,*,#1757,.T.);
#1016=ORIENTED_EDGE('',*,*,#1848,.F.);
#1017=ORIENTED_EDGE('',*,*,#1849,.F.);
#1018=ORIENTED_EDGE('',*,*,#1846,.T.);
#1019=ORIENTED_EDGE('',*,*,#1756,.T.);
#1020=ORIENTED_EDGE('',*,*,#1845,.F.);
#1021=ORIENTED_EDGE('',*,*,#1850,.F.);
#1022=ORIENTED_EDGE('',*,*,#1848,.T.);
#1023=ORIENTED_EDGE('',*,*,#1844,.F.);
#1024=ORIENTED_EDGE('',*,*,#1847,.F.);
#1025=ORIENTED_EDGE('',*,*,#1849,.T.);
#1026=ORIENTED_EDGE('',*,*,#1850,.T.);
#1027=ORIENTED_EDGE('',*,*,#1851,.T.);
#1028=ORIENTED_EDGE('',*,*,#1852,.T.);
#1029=ORIENTED_EDGE('',*,*,#1853,.T.);
#1030=ORIENTED_EDGE('',*,*,#1854,.T.);
#1031=ORIENTED_EDGE('',*,*,#1855,.T.);
#1032=ORIENTED_EDGE('',*,*,#1856,.T.);
#1033=ORIENTED_EDGE('',*,*,#1857,.F.);
#1034=ORIENTED_EDGE('',*,*,#1858,.F.);
#1035=ORIENTED_EDGE('',*,*,#1859,.F.);
#1036=ORIENTED_EDGE('',*,*,#1860,.F.);
#1037=ORIENTED_EDGE('',*,*,#1861,.T.);
#1038=ORIENTED_EDGE('',*,*,#1862,.T.);
#1039=ORIENTED_EDGE('',*,*,#1863,.T.);
#1040=ORIENTED_EDGE('',*,*,#1864,.T.);
#1041=ORIENTED_EDGE('',*,*,#1865,.T.);
#1042=ORIENTED_EDGE('',*,*,#1866,.F.);
#1043=ORIENTED_EDGE('',*,*,#1867,.T.);
#1044=ORIENTED_EDGE('',*,*,#1868,.F.);
#1045=ORIENTED_EDGE('',*,*,#1869,.F.);
#1046=ORIENTED_EDGE('',*,*,#1870,.F.);
#1047=ORIENTED_EDGE('',*,*,#1871,.F.);
#1048=ORIENTED_EDGE('',*,*,#1872,.F.);
#1049=ORIENTED_EDGE('',*,*,#1873,.T.);
#1050=ORIENTED_EDGE('',*,*,#1874,.F.);
#1051=ORIENTED_EDGE('',*,*,#1875,.T.);
#1052=ORIENTED_EDGE('',*,*,#1876,.T.);
#1053=ORIENTED_EDGE('',*,*,#1877,.T.);
#1054=ORIENTED_EDGE('',*,*,#1878,.T.);
#1055=ORIENTED_EDGE('',*,*,#1879,.T.);
#1056=ORIENTED_EDGE('',*,*,#1880,.F.);
#1057=ORIENTED_EDGE('',*,*,#1881,.F.);
#1058=ORIENTED_EDGE('',*,*,#1882,.T.);
#1059=ORIENTED_EDGE('',*,*,#1883,.F.);
#1060=ORIENTED_EDGE('',*,*,#1884,.T.);
#1061=ORIENTED_EDGE('',*,*,#1885,.F.);
#1062=ORIENTED_EDGE('',*,*,#1886,.F.);
#1063=ORIENTED_EDGE('',*,*,#1887,.T.);
#1064=ORIENTED_EDGE('',*,*,#1888,.T.);
#1065=ORIENTED_EDGE('',*,*,#1889,.F.);
#1066=ORIENTED_EDGE('',*,*,#1890,.F.);
#1067=ORIENTED_EDGE('',*,*,#1891,.T.);
#1068=ORIENTED_EDGE('',*,*,#1886,.T.);
#1069=ORIENTED_EDGE('',*,*,#1890,.T.);
#1070=ORIENTED_EDGE('',*,*,#1892,.T.);
#1071=ORIENTED_EDGE('',*,*,#1893,.F.);
#1072=ORIENTED_EDGE('',*,*,#1894,.F.);
#1073=ORIENTED_EDGE('',*,*,#1895,.F.);
#1074=ORIENTED_EDGE('',*,*,#1896,.F.);
#1075=ORIENTED_EDGE('',*,*,#1897,.T.);
#1076=ORIENTED_EDGE('',*,*,#1898,.T.);
#1077=ORIENTED_EDGE('',*,*,#1899,.F.);
#1078=ORIENTED_EDGE('',*,*,#1900,.F.);
#1079=ORIENTED_EDGE('',*,*,#1901,.T.);
#1080=ORIENTED_EDGE('',*,*,#1896,.T.);
#1081=ORIENTED_EDGE('',*,*,#1900,.T.);
#1082=ORIENTED_EDGE('',*,*,#1902,.T.);
#1083=ORIENTED_EDGE('',*,*,#1903,.F.);
#1084=ORIENTED_EDGE('',*,*,#1904,.F.);
#1085=ORIENTED_EDGE('',*,*,#1905,.F.);
#1086=ORIENTED_EDGE('',*,*,#1906,.F.);
#1087=ORIENTED_EDGE('',*,*,#1907,.T.);
#1088=ORIENTED_EDGE('',*,*,#1908,.T.);
#1089=ORIENTED_EDGE('',*,*,#1909,.F.);
#1090=ORIENTED_EDGE('',*,*,#1910,.F.);
#1091=ORIENTED_EDGE('',*,*,#1911,.T.);
#1092=ORIENTED_EDGE('',*,*,#1906,.T.);
#1093=ORIENTED_EDGE('',*,*,#1910,.T.);
#1094=ORIENTED_EDGE('',*,*,#1912,.T.);
#1095=ORIENTED_EDGE('',*,*,#1913,.F.);
#1096=ORIENTED_EDGE('',*,*,#1914,.F.);
#1097=ORIENTED_EDGE('',*,*,#1915,.F.);
#1098=ORIENTED_EDGE('',*,*,#1916,.F.);
#1099=ORIENTED_EDGE('',*,*,#1917,.T.);
#1100=ORIENTED_EDGE('',*,*,#1918,.T.);
#1101=ORIENTED_EDGE('',*,*,#1919,.F.);
#1102=ORIENTED_EDGE('',*,*,#1920,.F.);
#1103=ORIENTED_EDGE('',*,*,#1921,.T.);
#1104=ORIENTED_EDGE('',*,*,#1916,.T.);
#1105=ORIENTED_EDGE('',*,*,#1920,.T.);
#1106=ORIENTED_EDGE('',*,*,#1922,.T.);
#1107=ORIENTED_EDGE('',*,*,#1923,.F.);
#1108=ORIENTED_EDGE('',*,*,#1924,.F.);
#1109=ORIENTED_EDGE('',*,*,#1925,.F.);
#1110=ORIENTED_EDGE('',*,*,#1926,.F.);
#1111=ORIENTED_EDGE('',*,*,#1927,.T.);
#1112=ORIENTED_EDGE('',*,*,#1928,.T.);
#1113=ORIENTED_EDGE('',*,*,#1929,.F.);
#1114=ORIENTED_EDGE('',*,*,#1930,.F.);
#1115=ORIENTED_EDGE('',*,*,#1931,.T.);
#1116=ORIENTED_EDGE('',*,*,#1926,.T.);
#1117=ORIENTED_EDGE('',*,*,#1930,.T.);
#1118=ORIENTED_EDGE('',*,*,#1932,.T.);
#1119=ORIENTED_EDGE('',*,*,#1933,.F.);
#1120=ORIENTED_EDGE('',*,*,#1934,.F.);
#1121=ORIENTED_EDGE('',*,*,#1935,.F.);
#1122=ORIENTED_EDGE('',*,*,#1936,.F.);
#1123=ORIENTED_EDGE('',*,*,#1937,.T.);
#1124=ORIENTED_EDGE('',*,*,#1938,.T.);
#1125=ORIENTED_EDGE('',*,*,#1939,.F.);
#1126=ORIENTED_EDGE('',*,*,#1940,.F.);
#1127=ORIENTED_EDGE('',*,*,#1941,.T.);
#1128=ORIENTED_EDGE('',*,*,#1936,.T.);
#1129=ORIENTED_EDGE('',*,*,#1940,.T.);
#1130=ORIENTED_EDGE('',*,*,#1942,.T.);
#1131=ORIENTED_EDGE('',*,*,#1943,.F.);
#1132=ORIENTED_EDGE('',*,*,#1944,.F.);
#1133=ORIENTED_EDGE('',*,*,#1945,.F.);
#1134=ORIENTED_EDGE('',*,*,#1946,.F.);
#1135=ORIENTED_EDGE('',*,*,#1947,.T.);
#1136=ORIENTED_EDGE('',*,*,#1948,.T.);
#1137=ORIENTED_EDGE('',*,*,#1949,.F.);
#1138=ORIENTED_EDGE('',*,*,#1950,.F.);
#1139=ORIENTED_EDGE('',*,*,#1951,.T.);
#1140=ORIENTED_EDGE('',*,*,#1946,.T.);
#1141=ORIENTED_EDGE('',*,*,#1950,.T.);
#1142=ORIENTED_EDGE('',*,*,#1952,.T.);
#1143=ORIENTED_EDGE('',*,*,#1953,.F.);
#1144=ORIENTED_EDGE('',*,*,#1954,.F.);
#1145=ORIENTED_EDGE('',*,*,#1955,.F.);
#1146=ORIENTED_EDGE('',*,*,#1956,.F.);
#1147=ORIENTED_EDGE('',*,*,#1957,.T.);
#1148=ORIENTED_EDGE('',*,*,#1958,.T.);
#1149=ORIENTED_EDGE('',*,*,#1959,.F.);
#1150=ORIENTED_EDGE('',*,*,#1960,.F.);
#1151=ORIENTED_EDGE('',*,*,#1961,.T.);
#1152=ORIENTED_EDGE('',*,*,#1956,.T.);
#1153=ORIENTED_EDGE('',*,*,#1960,.T.);
#1154=ORIENTED_EDGE('',*,*,#1962,.T.);
#1155=ORIENTED_EDGE('',*,*,#1963,.F.);
#1156=ORIENTED_EDGE('',*,*,#1964,.F.);
#1157=ORIENTED_EDGE('',*,*,#1965,.F.);
#1158=ORIENTED_EDGE('',*,*,#1966,.F.);
#1159=ORIENTED_EDGE('',*,*,#1967,.T.);
#1160=ORIENTED_EDGE('',*,*,#1968,.T.);
#1161=ORIENTED_EDGE('',*,*,#1966,.T.);
#1162=ORIENTED_EDGE('',*,*,#1969,.T.);
#1163=ORIENTED_EDGE('',*,*,#1970,.F.);
#1164=ORIENTED_EDGE('',*,*,#1971,.F.);
#1165=ORIENTED_EDGE('',*,*,#1970,.T.);
#1166=ORIENTED_EDGE('',*,*,#1972,.T.);
#1167=ORIENTED_EDGE('',*,*,#1973,.F.);
#1168=ORIENTED_EDGE('',*,*,#1974,.F.);
#1169=ORIENTED_EDGE('',*,*,#1975,.T.);
#1170=ORIENTED_EDGE('',*,*,#1976,.T.);
#1171=ORIENTED_EDGE('',*,*,#1977,.F.);
#1172=ORIENTED_EDGE('',*,*,#1978,.F.);
#1173=ORIENTED_EDGE('',*,*,#1977,.T.);
#1174=ORIENTED_EDGE('',*,*,#1979,.T.);
#1175=ORIENTED_EDGE('',*,*,#1980,.F.);
#1176=ORIENTED_EDGE('',*,*,#1981,.F.);
#1177=ORIENTED_EDGE('',*,*,#1980,.T.);
#1178=ORIENTED_EDGE('',*,*,#1982,.T.);
#1179=ORIENTED_EDGE('',*,*,#1983,.F.);
#1180=ORIENTED_EDGE('',*,*,#1984,.F.);
#1181=ORIENTED_EDGE('',*,*,#1985,.F.);
#1182=ORIENTED_EDGE('',*,*,#1986,.F.);
#1183=ORIENTED_EDGE('',*,*,#1987,.T.);
#1184=ORIENTED_EDGE('',*,*,#1988,.T.);
#1185=ORIENTED_EDGE('',*,*,#1986,.T.);
#1186=ORIENTED_EDGE('',*,*,#1989,.T.);
#1187=ORIENTED_EDGE('',*,*,#1990,.F.);
#1188=ORIENTED_EDGE('',*,*,#1991,.F.);
#1189=ORIENTED_EDGE('',*,*,#1990,.T.);
#1190=ORIENTED_EDGE('',*,*,#1992,.T.);
#1191=ORIENTED_EDGE('',*,*,#1993,.F.);
#1192=ORIENTED_EDGE('',*,*,#1994,.F.);
#1193=ORIENTED_EDGE('',*,*,#1995,.F.);
#1194=ORIENTED_EDGE('',*,*,#1996,.F.);
#1195=ORIENTED_EDGE('',*,*,#1997,.T.);
#1196=ORIENTED_EDGE('',*,*,#1998,.T.);
#1197=ORIENTED_EDGE('',*,*,#1996,.T.);
#1198=ORIENTED_EDGE('',*,*,#1999,.T.);
#1199=ORIENTED_EDGE('',*,*,#2000,.F.);
#1200=ORIENTED_EDGE('',*,*,#2001,.F.);
#1201=ORIENTED_EDGE('',*,*,#2000,.T.);
#1202=ORIENTED_EDGE('',*,*,#2002,.T.);
#1203=ORIENTED_EDGE('',*,*,#2003,.F.);
#1204=ORIENTED_EDGE('',*,*,#2004,.F.);
#1205=ORIENTED_EDGE('',*,*,#2005,.F.);
#1206=ORIENTED_EDGE('',*,*,#2006,.F.);
#1207=ORIENTED_EDGE('',*,*,#2007,.T.);
#1208=ORIENTED_EDGE('',*,*,#2008,.T.);
#1209=ORIENTED_EDGE('',*,*,#2006,.T.);
#1210=ORIENTED_EDGE('',*,*,#2009,.T.);
#1211=ORIENTED_EDGE('',*,*,#2010,.F.);
#1212=ORIENTED_EDGE('',*,*,#2011,.F.);
#1213=ORIENTED_EDGE('',*,*,#2010,.T.);
#1214=ORIENTED_EDGE('',*,*,#2012,.T.);
#1215=ORIENTED_EDGE('',*,*,#2013,.F.);
#1216=ORIENTED_EDGE('',*,*,#2014,.F.);
#1217=ORIENTED_EDGE('',*,*,#2015,.F.);
#1218=ORIENTED_EDGE('',*,*,#2016,.F.);
#1219=ORIENTED_EDGE('',*,*,#2017,.T.);
#1220=ORIENTED_EDGE('',*,*,#2018,.T.);
#1221=ORIENTED_EDGE('',*,*,#2016,.T.);
#1222=ORIENTED_EDGE('',*,*,#2019,.T.);
#1223=ORIENTED_EDGE('',*,*,#2020,.F.);
#1224=ORIENTED_EDGE('',*,*,#2021,.F.);
#1225=ORIENTED_EDGE('',*,*,#2020,.T.);
#1226=ORIENTED_EDGE('',*,*,#2022,.T.);
#1227=ORIENTED_EDGE('',*,*,#2023,.F.);
#1228=ORIENTED_EDGE('',*,*,#2024,.F.);
#1229=ORIENTED_EDGE('',*,*,#2025,.F.);
#1230=ORIENTED_EDGE('',*,*,#2026,.F.);
#1231=ORIENTED_EDGE('',*,*,#2027,.T.);
#1232=ORIENTED_EDGE('',*,*,#2028,.T.);
#1233=ORIENTED_EDGE('',*,*,#2026,.T.);
#1234=ORIENTED_EDGE('',*,*,#2029,.T.);
#1235=ORIENTED_EDGE('',*,*,#2030,.F.);
#1236=ORIENTED_EDGE('',*,*,#2031,.F.);
#1237=ORIENTED_EDGE('',*,*,#2030,.T.);
#1238=ORIENTED_EDGE('',*,*,#2032,.T.);
#1239=ORIENTED_EDGE('',*,*,#2033,.F.);
#1240=ORIENTED_EDGE('',*,*,#2034,.F.);
#1241=ORIENTED_EDGE('',*,*,#2035,.F.);
#1242=ORIENTED_EDGE('',*,*,#2036,.F.);
#1243=ORIENTED_EDGE('',*,*,#2037,.T.);
#1244=ORIENTED_EDGE('',*,*,#2038,.T.);
#1245=ORIENTED_EDGE('',*,*,#2036,.T.);
#1246=ORIENTED_EDGE('',*,*,#2039,.T.);
#1247=ORIENTED_EDGE('',*,*,#2040,.F.);
#1248=ORIENTED_EDGE('',*,*,#2041,.F.);
#1249=ORIENTED_EDGE('',*,*,#2040,.T.);
#1250=ORIENTED_EDGE('',*,*,#2042,.T.);
#1251=ORIENTED_EDGE('',*,*,#2043,.F.);
#1252=ORIENTED_EDGE('',*,*,#2044,.F.);
#1253=ORIENTED_EDGE('',*,*,#1876,.F.);
#1254=ORIENTED_EDGE('',*,*,#2045,.F.);
#1255=ORIENTED_EDGE('',*,*,#2046,.T.);
#1256=ORIENTED_EDGE('',*,*,#2047,.T.);
#1257=ORIENTED_EDGE('',*,*,#2045,.T.);
#1258=ORIENTED_EDGE('',*,*,#2048,.F.);
#1259=ORIENTED_EDGE('',*,*,#2049,.F.);
#1260=ORIENTED_EDGE('',*,*,#2050,.T.);
#1261=ORIENTED_EDGE('',*,*,#2051,.F.);
#1262=ORIENTED_EDGE('',*,*,#2052,.T.);
#1263=ORIENTED_EDGE('',*,*,#1872,.T.);
#1264=ORIENTED_EDGE('',*,*,#2053,.F.);
#1265=ORIENTED_EDGE('',*,*,#2054,.F.);
#1266=ORIENTED_EDGE('',*,*,#2051,.T.);
#1267=ORIENTED_EDGE('',*,*,#2053,.T.);
#1268=ORIENTED_EDGE('',*,*,#2055,.F.);
#1269=ORIENTED_EDGE('',*,*,#2056,.F.);
#1270=ORIENTED_EDGE('',*,*,#2057,.T.);
#1271=ORIENTED_EDGE('',*,*,#2058,.F.);
#1272=ORIENTED_EDGE('',*,*,#2059,.T.);
#1273=ORIENTED_EDGE('',*,*,#1868,.T.);
#1274=ORIENTED_EDGE('',*,*,#2060,.F.);
#1275=ORIENTED_EDGE('',*,*,#2061,.F.);
#1276=ORIENTED_EDGE('',*,*,#2058,.T.);
#1277=ORIENTED_EDGE('',*,*,#1867,.F.);
#1278=ORIENTED_EDGE('',*,*,#2062,.F.);
#1279=ORIENTED_EDGE('',*,*,#2063,.T.);
#1280=ORIENTED_EDGE('',*,*,#2060,.T.);
#1281=ORIENTED_EDGE('',*,*,#1866,.T.);
#1282=ORIENTED_EDGE('',*,*,#2064,.F.);
#1283=ORIENTED_EDGE('',*,*,#2065,.F.);
#1284=ORIENTED_EDGE('',*,*,#2062,.T.);
#1285=ORIENTED_EDGE('',*,*,#1865,.F.);
#1286=ORIENTED_EDGE('',*,*,#2066,.F.);
#1287=ORIENTED_EDGE('',*,*,#2067,.T.);
#1288=ORIENTED_EDGE('',*,*,#2064,.T.);
#1289=ORIENTED_EDGE('',*,*,#1864,.F.);
#1290=ORIENTED_EDGE('',*,*,#2068,.F.);
#1291=ORIENTED_EDGE('',*,*,#2069,.T.);
#1292=ORIENTED_EDGE('',*,*,#2066,.T.);
#1293=ORIENTED_EDGE('',*,*,#2068,.T.);
#1294=ORIENTED_EDGE('',*,*,#2070,.F.);
#1295=ORIENTED_EDGE('',*,*,#2071,.T.);
#1296=ORIENTED_EDGE('',*,*,#2072,.T.);
#1297=ORIENTED_EDGE('',*,*,#2073,.F.);
#1298=ORIENTED_EDGE('',*,*,#2074,.F.);
#1299=ORIENTED_EDGE('',*,*,#1884,.F.);
#1300=ORIENTED_EDGE('',*,*,#2075,.F.);
#1301=ORIENTED_EDGE('',*,*,#2076,.T.);
#1302=ORIENTED_EDGE('',*,*,#2073,.T.);
#1303=ORIENTED_EDGE('',*,*,#2075,.T.);
#1304=ORIENTED_EDGE('',*,*,#2077,.F.);
#1305=ORIENTED_EDGE('',*,*,#2078,.T.);
#1306=ORIENTED_EDGE('',*,*,#2079,.T.);
#1307=ORIENTED_EDGE('',*,*,#2080,.F.);
#1308=ORIENTED_EDGE('',*,*,#2081,.F.);
#1309=ORIENTED_EDGE('',*,*,#1880,.T.);
#1310=ORIENTED_EDGE('',*,*,#2082,.F.);
#1311=ORIENTED_EDGE('',*,*,#2083,.F.);
#1312=ORIENTED_EDGE('',*,*,#2080,.T.);
#1313=ORIENTED_EDGE('',*,*,#1879,.F.);
#1314=ORIENTED_EDGE('',*,*,#2084,.F.);
#1315=ORIENTED_EDGE('',*,*,#2085,.T.);
#1316=ORIENTED_EDGE('',*,*,#2082,.T.);
#1317=ORIENTED_EDGE('',*,*,#1878,.F.);
#1318=ORIENTED_EDGE('',*,*,#2086,.F.);
#1319=ORIENTED_EDGE('',*,*,#2087,.T.);
#1320=ORIENTED_EDGE('',*,*,#2084,.T.);
#1321=ORIENTED_EDGE('',*,*,#2088,.F.);
#1322=ORIENTED_EDGE('',*,*,#1888,.F.);
#1323=ORIENTED_EDGE('',*,*,#2089,.T.);
#1324=ORIENTED_EDGE('',*,*,#1893,.T.);
#1325=ORIENTED_EDGE('',*,*,#2090,.F.);
#1326=ORIENTED_EDGE('',*,*,#1898,.F.);
#1327=ORIENTED_EDGE('',*,*,#2091,.T.);
#1328=ORIENTED_EDGE('',*,*,#1903,.T.);
#1329=ORIENTED_EDGE('',*,*,#2092,.F.);
#1330=ORIENTED_EDGE('',*,*,#1908,.F.);
#1331=ORIENTED_EDGE('',*,*,#2093,.T.);
#1332=ORIENTED_EDGE('',*,*,#1913,.T.);
#1333=ORIENTED_EDGE('',*,*,#2094,.F.);
#1334=ORIENTED_EDGE('',*,*,#1918,.F.);
#1335=ORIENTED_EDGE('',*,*,#2095,.T.);
#1336=ORIENTED_EDGE('',*,*,#1923,.T.);
#1337=ORIENTED_EDGE('',*,*,#2096,.F.);
#1338=ORIENTED_EDGE('',*,*,#2097,.T.);
#1339=ORIENTED_EDGE('',*,*,#2098,.F.);
#1340=ORIENTED_EDGE('',*,*,#1928,.F.);
#1341=ORIENTED_EDGE('',*,*,#2099,.T.);
#1342=ORIENTED_EDGE('',*,*,#1933,.T.);
#1343=ORIENTED_EDGE('',*,*,#2100,.F.);
#1344=ORIENTED_EDGE('',*,*,#1938,.F.);
#1345=ORIENTED_EDGE('',*,*,#2101,.T.);
#1346=ORIENTED_EDGE('',*,*,#1943,.T.);
#1347=ORIENTED_EDGE('',*,*,#2102,.F.);
#1348=ORIENTED_EDGE('',*,*,#1948,.F.);
#1349=ORIENTED_EDGE('',*,*,#2103,.T.);
#1350=ORIENTED_EDGE('',*,*,#1953,.T.);
#1351=ORIENTED_EDGE('',*,*,#2104,.F.);
#1352=ORIENTED_EDGE('',*,*,#1958,.F.);
#1353=ORIENTED_EDGE('',*,*,#2105,.T.);
#1354=ORIENTED_EDGE('',*,*,#1963,.T.);
#1355=ORIENTED_EDGE('',*,*,#2106,.F.);
#1356=ORIENTED_EDGE('',*,*,#2107,.T.);
#1357=ORIENTED_EDGE('',*,*,#1973,.T.);
#1358=ORIENTED_EDGE('',*,*,#2108,.T.);
#1359=ORIENTED_EDGE('',*,*,#1968,.F.);
#1360=ORIENTED_EDGE('',*,*,#2109,.F.);
#1361=ORIENTED_EDGE('',*,*,#2110,.F.);
#1362=ORIENTED_EDGE('',*,*,#1975,.F.);
#1363=ORIENTED_EDGE('',*,*,#2111,.T.);
#1364=ORIENTED_EDGE('',*,*,#1983,.T.);
#1365=ORIENTED_EDGE('',*,*,#1993,.T.);
#1366=ORIENTED_EDGE('',*,*,#2112,.T.);
#1367=ORIENTED_EDGE('',*,*,#1988,.F.);
#1368=ORIENTED_EDGE('',*,*,#2113,.F.);
#1369=ORIENTED_EDGE('',*,*,#2003,.T.);
#1370=ORIENTED_EDGE('',*,*,#2114,.T.);
#1371=ORIENTED_EDGE('',*,*,#1998,.F.);
#1372=ORIENTED_EDGE('',*,*,#2115,.F.);
#1373=ORIENTED_EDGE('',*,*,#2116,.F.);
#1374=ORIENTED_EDGE('',*,*,#2117,.T.);
#1375=ORIENTED_EDGE('',*,*,#2013,.T.);
#1376=ORIENTED_EDGE('',*,*,#2118,.T.);
#1377=ORIENTED_EDGE('',*,*,#2008,.F.);
#1378=ORIENTED_EDGE('',*,*,#2119,.F.);
#1379=ORIENTED_EDGE('',*,*,#2023,.T.);
#1380=ORIENTED_EDGE('',*,*,#2120,.T.);
#1381=ORIENTED_EDGE('',*,*,#2018,.F.);
#1382=ORIENTED_EDGE('',*,*,#2121,.F.);
#1383=ORIENTED_EDGE('',*,*,#2033,.T.);
#1384=ORIENTED_EDGE('',*,*,#2122,.T.);
#1385=ORIENTED_EDGE('',*,*,#2028,.F.);
#1386=ORIENTED_EDGE('',*,*,#2123,.F.);
#1387=ORIENTED_EDGE('',*,*,#2043,.T.);
#1388=ORIENTED_EDGE('',*,*,#2124,.T.);
#1389=ORIENTED_EDGE('',*,*,#2038,.F.);
#1390=ORIENTED_EDGE('',*,*,#2125,.F.);
#1391=ORIENTED_EDGE('',*,*,#1877,.F.);
#1392=ORIENTED_EDGE('',*,*,#2047,.F.);
#1393=ORIENTED_EDGE('',*,*,#2126,.T.);
#1394=ORIENTED_EDGE('',*,*,#2086,.T.);
#1395=ORIENTED_EDGE('',*,*,#2127,.F.);
#1396=ORIENTED_EDGE('',*,*,#2128,.T.);
#1397=ORIENTED_EDGE('',*,*,#2129,.F.);
#1398=ORIENTED_EDGE('',*,*,#2130,.F.);
#1399=ORIENTED_EDGE('',*,*,#2131,.F.);
#1400=ORIENTED_EDGE('',*,*,#2132,.F.);
#1401=ORIENTED_EDGE('',*,*,#2133,.F.);
#1402=ORIENTED_EDGE('',*,*,#2134,.F.);
#1403=ORIENTED_EDGE('',*,*,#2046,.F.);
#1404=ORIENTED_EDGE('',*,*,#2052,.F.);
#1405=ORIENTED_EDGE('',*,*,#2054,.T.);
#1406=ORIENTED_EDGE('',*,*,#2059,.F.);
#1407=ORIENTED_EDGE('',*,*,#2061,.T.);
#1408=ORIENTED_EDGE('',*,*,#2063,.F.);
#1409=ORIENTED_EDGE('',*,*,#2065,.T.);
#1410=ORIENTED_EDGE('',*,*,#2067,.F.);
#1411=ORIENTED_EDGE('',*,*,#2069,.F.);
#1412=ORIENTED_EDGE('',*,*,#2074,.T.);
#1413=ORIENTED_EDGE('',*,*,#2076,.F.);
#1414=ORIENTED_EDGE('',*,*,#2081,.T.);
#1415=ORIENTED_EDGE('',*,*,#2083,.T.);
#1416=ORIENTED_EDGE('',*,*,#2085,.F.);
#1417=ORIENTED_EDGE('',*,*,#2087,.F.);
#1418=ORIENTED_EDGE('',*,*,#2126,.F.);
#1419=ORIENTED_EDGE('',*,*,#2037,.F.);
#1420=ORIENTED_EDGE('',*,*,#2041,.T.);
#1421=ORIENTED_EDGE('',*,*,#2044,.T.);
#1422=ORIENTED_EDGE('',*,*,#2125,.T.);
#1423=ORIENTED_EDGE('',*,*,#2027,.F.);
#1424=ORIENTED_EDGE('',*,*,#2031,.T.);
#1425=ORIENTED_EDGE('',*,*,#2034,.T.);
#1426=ORIENTED_EDGE('',*,*,#2123,.T.);
#1427=ORIENTED_EDGE('',*,*,#2017,.F.);
#1428=ORIENTED_EDGE('',*,*,#2021,.T.);
#1429=ORIENTED_EDGE('',*,*,#2024,.T.);
#1430=ORIENTED_EDGE('',*,*,#2121,.T.);
#1431=ORIENTED_EDGE('',*,*,#2007,.F.);
#1432=ORIENTED_EDGE('',*,*,#2011,.T.);
#1433=ORIENTED_EDGE('',*,*,#2014,.T.);
#1434=ORIENTED_EDGE('',*,*,#2119,.T.);
#1435=ORIENTED_EDGE('',*,*,#2117,.F.);
#1436=ORIENTED_EDGE('',*,*,#1997,.F.);
#1437=ORIENTED_EDGE('',*,*,#2001,.T.);
#1438=ORIENTED_EDGE('',*,*,#2004,.T.);
#1439=ORIENTED_EDGE('',*,*,#2115,.T.);
#1440=ORIENTED_EDGE('',*,*,#1987,.F.);
#1441=ORIENTED_EDGE('',*,*,#1991,.T.);
#1442=ORIENTED_EDGE('',*,*,#1994,.T.);
#1443=ORIENTED_EDGE('',*,*,#2113,.T.);
#1444=ORIENTED_EDGE('',*,*,#1978,.T.);
#1445=ORIENTED_EDGE('',*,*,#1981,.T.);
#1446=ORIENTED_EDGE('',*,*,#1984,.T.);
#1447=ORIENTED_EDGE('',*,*,#2111,.F.);
#1448=ORIENTED_EDGE('',*,*,#1967,.F.);
#1449=ORIENTED_EDGE('',*,*,#1971,.T.);
#1450=ORIENTED_EDGE('',*,*,#1974,.T.);
#1451=ORIENTED_EDGE('',*,*,#2109,.T.);
#1452=ORIENTED_EDGE('',*,*,#2107,.F.);
#1453=ORIENTED_EDGE('',*,*,#1957,.F.);
#1454=ORIENTED_EDGE('',*,*,#1961,.F.);
#1455=ORIENTED_EDGE('',*,*,#1964,.T.);
#1456=ORIENTED_EDGE('',*,*,#2105,.F.);
#1457=ORIENTED_EDGE('',*,*,#1947,.F.);
#1458=ORIENTED_EDGE('',*,*,#1951,.F.);
#1459=ORIENTED_EDGE('',*,*,#1954,.T.);
#1460=ORIENTED_EDGE('',*,*,#2103,.F.);
#1461=ORIENTED_EDGE('',*,*,#1937,.F.);
#1462=ORIENTED_EDGE('',*,*,#1941,.F.);
#1463=ORIENTED_EDGE('',*,*,#1944,.T.);
#1464=ORIENTED_EDGE('',*,*,#2101,.F.);
#1465=ORIENTED_EDGE('',*,*,#1927,.F.);
#1466=ORIENTED_EDGE('',*,*,#1931,.F.);
#1467=ORIENTED_EDGE('',*,*,#1934,.T.);
#1468=ORIENTED_EDGE('',*,*,#2099,.F.);
#1469=ORIENTED_EDGE('',*,*,#2097,.F.);
#1470=ORIENTED_EDGE('',*,*,#1917,.F.);
#1471=ORIENTED_EDGE('',*,*,#1921,.F.);
#1472=ORIENTED_EDGE('',*,*,#1924,.T.);
#1473=ORIENTED_EDGE('',*,*,#2095,.F.);
#1474=ORIENTED_EDGE('',*,*,#1907,.F.);
#1475=ORIENTED_EDGE('',*,*,#1911,.F.);
#1476=ORIENTED_EDGE('',*,*,#1914,.T.);
#1477=ORIENTED_EDGE('',*,*,#2093,.F.);
#1478=ORIENTED_EDGE('',*,*,#1897,.F.);
#1479=ORIENTED_EDGE('',*,*,#1901,.F.);
#1480=ORIENTED_EDGE('',*,*,#1904,.T.);
#1481=ORIENTED_EDGE('',*,*,#2091,.F.);
#1482=ORIENTED_EDGE('',*,*,#1887,.F.);
#1483=ORIENTED_EDGE('',*,*,#1891,.F.);
#1484=ORIENTED_EDGE('',*,*,#1894,.T.);
#1485=ORIENTED_EDGE('',*,*,#2089,.F.);
#1486=ORIENTED_EDGE('',*,*,#2128,.F.);
#1487=ORIENTED_EDGE('',*,*,#1881,.T.);
#1488=ORIENTED_EDGE('',*,*,#2079,.F.);
#1489=ORIENTED_EDGE('',*,*,#2135,.F.);
#1490=ORIENTED_EDGE('',*,*,#2136,.T.);
#1491=ORIENTED_EDGE('',*,*,#2137,.T.);
#1492=ORIENTED_EDGE('',*,*,#1882,.F.);
#1493=ORIENTED_EDGE('',*,*,#2136,.F.);
#1494=ORIENTED_EDGE('',*,*,#2138,.F.);
#1495=ORIENTED_EDGE('',*,*,#2139,.T.);
#1496=ORIENTED_EDGE('',*,*,#1883,.T.);
#1497=ORIENTED_EDGE('',*,*,#2137,.F.);
#1498=ORIENTED_EDGE('',*,*,#2140,.F.);
#1499=ORIENTED_EDGE('',*,*,#2077,.T.);
#1500=ORIENTED_EDGE('',*,*,#2135,.T.);
#1501=ORIENTED_EDGE('',*,*,#2078,.F.);
#1502=ORIENTED_EDGE('',*,*,#2140,.T.);
#1503=ORIENTED_EDGE('',*,*,#2138,.T.);
#1504=ORIENTED_EDGE('',*,*,#1869,.T.);
#1505=ORIENTED_EDGE('',*,*,#2057,.F.);
#1506=ORIENTED_EDGE('',*,*,#2141,.F.);
#1507=ORIENTED_EDGE('',*,*,#2142,.T.);
#1508=ORIENTED_EDGE('',*,*,#2143,.T.);
#1509=ORIENTED_EDGE('',*,*,#1870,.T.);
#1510=ORIENTED_EDGE('',*,*,#2142,.F.);
#1511=ORIENTED_EDGE('',*,*,#2144,.T.);
#1512=ORIENTED_EDGE('',*,*,#2145,.F.);
#1513=ORIENTED_EDGE('',*,*,#1871,.T.);
#1514=ORIENTED_EDGE('',*,*,#2143,.F.);
#1515=ORIENTED_EDGE('',*,*,#2146,.F.);
#1516=ORIENTED_EDGE('',*,*,#2055,.T.);
#1517=ORIENTED_EDGE('',*,*,#2141,.T.);
#1518=ORIENTED_EDGE('',*,*,#2056,.T.);
#1519=ORIENTED_EDGE('',*,*,#2146,.T.);
#1520=ORIENTED_EDGE('',*,*,#2144,.F.);
#1521=ORIENTED_EDGE('',*,*,#2147,.T.);
#1522=ORIENTED_EDGE('',*,*,#1874,.T.);
#1523=ORIENTED_EDGE('',*,*,#2148,.F.);
#1524=ORIENTED_EDGE('',*,*,#2149,.T.);
#1525=ORIENTED_EDGE('',*,*,#2150,.F.);
#1526=ORIENTED_EDGE('',*,*,#1875,.F.);
#1527=ORIENTED_EDGE('',*,*,#2147,.F.);
#1528=ORIENTED_EDGE('',*,*,#2151,.T.);
#1529=ORIENTED_EDGE('',*,*,#2048,.T.);
#1530=ORIENTED_EDGE('',*,*,#1873,.F.);
#1531=ORIENTED_EDGE('',*,*,#2050,.F.);
#1532=ORIENTED_EDGE('',*,*,#2152,.T.);
#1533=ORIENTED_EDGE('',*,*,#2148,.T.);
#1534=ORIENTED_EDGE('',*,*,#2149,.F.);
#1535=ORIENTED_EDGE('',*,*,#2152,.F.);
#1536=ORIENTED_EDGE('',*,*,#2049,.T.);
#1537=ORIENTED_EDGE('',*,*,#2151,.F.);
#1538=ORIENTED_EDGE('',*,*,#2153,.T.);
#1539=ORIENTED_EDGE('',*,*,#1862,.F.);
#1540=ORIENTED_EDGE('',*,*,#2154,.F.);
#1541=ORIENTED_EDGE('',*,*,#2155,.F.);
#1542=ORIENTED_EDGE('',*,*,#2156,.T.);
#1543=ORIENTED_EDGE('',*,*,#1863,.F.);
#1544=ORIENTED_EDGE('',*,*,#2153,.F.);
#1545=ORIENTED_EDGE('',*,*,#2157,.T.);
#1546=ORIENTED_EDGE('',*,*,#2070,.T.);
#1547=ORIENTED_EDGE('',*,*,#1861,.F.);
#1548=ORIENTED_EDGE('',*,*,#2072,.F.);
#1549=ORIENTED_EDGE('',*,*,#2158,.T.);
#1550=ORIENTED_EDGE('',*,*,#2154,.T.);
#1551=ORIENTED_EDGE('',*,*,#2155,.T.);
#1552=ORIENTED_EDGE('',*,*,#2158,.F.);
#1553=ORIENTED_EDGE('',*,*,#2071,.F.);
#1554=ORIENTED_EDGE('',*,*,#2157,.F.);
#1555=ORIENTED_EDGE('',*,*,#1860,.T.);
#1556=ORIENTED_EDGE('',*,*,#2159,.F.);
#1557=ORIENTED_EDGE('',*,*,#1859,.T.);
#1558=ORIENTED_EDGE('',*,*,#2160,.F.);
#1559=ORIENTED_EDGE('',*,*,#1858,.T.);
#1560=ORIENTED_EDGE('',*,*,#2161,.F.);
#1561=ORIENTED_EDGE('',*,*,#1857,.T.);
#1562=ORIENTED_EDGE('',*,*,#2162,.F.);
#1563=ORIENTED_EDGE('',*,*,#2127,.T.);
#1564=ORIENTED_EDGE('',*,*,#1909,.T.);
#1565=ORIENTED_EDGE('',*,*,#1905,.T.);
#1566=ORIENTED_EDGE('',*,*,#2092,.T.);
#1567=ORIENTED_EDGE('',*,*,#1912,.F.);
#1568=ORIENTED_EDGE('',*,*,#1919,.T.);
#1569=ORIENTED_EDGE('',*,*,#1915,.T.);
#1570=ORIENTED_EDGE('',*,*,#2094,.T.);
#1571=ORIENTED_EDGE('',*,*,#1922,.F.);
#1572=ORIENTED_EDGE('',*,*,#1895,.T.);
#1573=ORIENTED_EDGE('',*,*,#2090,.T.);
#1574=ORIENTED_EDGE('',*,*,#1902,.F.);
#1575=ORIENTED_EDGE('',*,*,#1899,.T.);
#1576=ORIENTED_EDGE('',*,*,#2156,.F.);
#1577=ORIENTED_EDGE('',*,*,#1885,.T.);
#1578=ORIENTED_EDGE('',*,*,#2088,.T.);
#1579=ORIENTED_EDGE('',*,*,#1892,.F.);
#1580=ORIENTED_EDGE('',*,*,#1889,.T.);
#1581=ORIENTED_EDGE('',*,*,#2116,.T.);
#1582=ORIENTED_EDGE('',*,*,#2035,.T.);
#1583=ORIENTED_EDGE('',*,*,#2124,.F.);
#1584=ORIENTED_EDGE('',*,*,#2042,.F.);
#1585=ORIENTED_EDGE('',*,*,#2039,.F.);
#1586=ORIENTED_EDGE('',*,*,#2005,.T.);
#1587=ORIENTED_EDGE('',*,*,#2118,.F.);
#1588=ORIENTED_EDGE('',*,*,#2012,.F.);
#1589=ORIENTED_EDGE('',*,*,#2009,.F.);
#1590=ORIENTED_EDGE('',*,*,#2025,.T.);
#1591=ORIENTED_EDGE('',*,*,#2122,.F.);
#1592=ORIENTED_EDGE('',*,*,#2032,.F.);
#1593=ORIENTED_EDGE('',*,*,#2029,.F.);
#1594=ORIENTED_EDGE('',*,*,#2015,.T.);
#1595=ORIENTED_EDGE('',*,*,#2120,.F.);
#1596=ORIENTED_EDGE('',*,*,#2022,.F.);
#1597=ORIENTED_EDGE('',*,*,#2019,.F.);
#1598=ORIENTED_EDGE('',*,*,#2145,.T.);
#1599=ORIENTED_EDGE('',*,*,#1995,.T.);
#1600=ORIENTED_EDGE('',*,*,#2114,.F.);
#1601=ORIENTED_EDGE('',*,*,#2002,.F.);
#1602=ORIENTED_EDGE('',*,*,#1999,.F.);
#1603=ORIENTED_EDGE('',*,*,#1985,.T.);
#1604=ORIENTED_EDGE('',*,*,#2112,.F.);
#1605=ORIENTED_EDGE('',*,*,#1992,.F.);
#1606=ORIENTED_EDGE('',*,*,#1989,.F.);
#1607=ORIENTED_EDGE('',*,*,#2150,.T.);
#1608=ORIENTED_EDGE('',*,*,#1976,.F.);
#1609=ORIENTED_EDGE('',*,*,#2110,.T.);
#1610=ORIENTED_EDGE('',*,*,#1982,.F.);
#1611=ORIENTED_EDGE('',*,*,#1979,.F.);
#1612=ORIENTED_EDGE('',*,*,#1965,.T.);
#1613=ORIENTED_EDGE('',*,*,#2108,.F.);
#1614=ORIENTED_EDGE('',*,*,#1972,.F.);
#1615=ORIENTED_EDGE('',*,*,#1969,.F.);
#1616=ORIENTED_EDGE('',*,*,#2106,.T.);
#1617=ORIENTED_EDGE('',*,*,#1929,.T.);
#1618=ORIENTED_EDGE('',*,*,#1925,.T.);
#1619=ORIENTED_EDGE('',*,*,#2098,.T.);
#1620=ORIENTED_EDGE('',*,*,#1932,.F.);
#1621=ORIENTED_EDGE('',*,*,#1939,.T.);
#1622=ORIENTED_EDGE('',*,*,#1935,.T.);
#1623=ORIENTED_EDGE('',*,*,#2100,.T.);
#1624=ORIENTED_EDGE('',*,*,#1942,.F.);
#1625=ORIENTED_EDGE('',*,*,#2096,.T.);
#1626=ORIENTED_EDGE('',*,*,#1955,.T.);
#1627=ORIENTED_EDGE('',*,*,#2104,.T.);
#1628=ORIENTED_EDGE('',*,*,#1962,.F.);
#1629=ORIENTED_EDGE('',*,*,#1959,.T.);
#1630=ORIENTED_EDGE('',*,*,#1949,.T.);
#1631=ORIENTED_EDGE('',*,*,#1945,.T.);
#1632=ORIENTED_EDGE('',*,*,#2102,.T.);
#1633=ORIENTED_EDGE('',*,*,#1952,.F.);
#1634=ORIENTED_EDGE('',*,*,#2139,.F.);
#1635=ORIENTED_EDGE('',*,*,#2134,.T.);
#1636=ORIENTED_EDGE('',*,*,#1856,.F.);
#1637=ORIENTED_EDGE('',*,*,#2133,.T.);
#1638=ORIENTED_EDGE('',*,*,#1855,.F.);
#1639=ORIENTED_EDGE('',*,*,#2132,.T.);
#1640=ORIENTED_EDGE('',*,*,#1854,.F.);
#1641=ORIENTED_EDGE('',*,*,#2131,.T.);
#1642=ORIENTED_EDGE('',*,*,#1853,.F.);
#1643=ORIENTED_EDGE('',*,*,#2130,.T.);
#1644=ORIENTED_EDGE('',*,*,#1852,.F.);
#1645=ORIENTED_EDGE('',*,*,#2129,.T.);
#1646=ORIENTED_EDGE('',*,*,#1851,.F.);
#1647=ORIENTED_EDGE('',*,*,#2163,.F.);
#1648=ORIENTED_EDGE('',*,*,#2162,.T.);
#1649=ORIENTED_EDGE('',*,*,#2164,.T.);
#1650=ORIENTED_EDGE('',*,*,#2164,.F.);
#1651=ORIENTED_EDGE('',*,*,#2163,.T.);
#1652=ORIENTED_EDGE('',*,*,#2161,.T.);
#1653=ORIENTED_EDGE('',*,*,#2165,.F.);
#1654=ORIENTED_EDGE('',*,*,#2166,.F.);
#1655=ORIENTED_EDGE('',*,*,#2160,.T.);
#1656=ORIENTED_EDGE('',*,*,#2167,.T.);
#1657=ORIENTED_EDGE('',*,*,#2167,.F.);
#1658=ORIENTED_EDGE('',*,*,#2166,.T.);
#1659=ORIENTED_EDGE('',*,*,#2159,.T.);
#1660=ORIENTED_EDGE('',*,*,#2168,.F.);
#1661=ORIENTED_EDGE('',*,*,#2169,.T.);
#1662=ORIENTED_EDGE('',*,*,#2169,.F.);
#1663=ORIENTED_EDGE('',*,*,#2165,.T.);
#1664=ORIENTED_EDGE('',*,*,#2170,.T.);
#1665=ORIENTED_EDGE('',*,*,#2170,.F.);
#1666=ORIENTED_EDGE('',*,*,#2168,.T.);
#1667=ORIENTED_EDGE('',*,*,#2171,.T.);
#1668=ORIENTED_EDGE('',*,*,#2172,.F.);
#1669=ORIENTED_EDGE('',*,*,#2173,.F.);
#1670=ORIENTED_EDGE('',*,*,#2174,.T.);
#1671=ORIENTED_EDGE('',*,*,#2171,.F.);
#1672=ORIENTED_EDGE('',*,*,#2173,.T.);
#1673=ORIENTED_EDGE('',*,*,#2172,.T.);
#1674=ORIENTED_EDGE('',*,*,#2174,.F.);
#1675=ORIENTED_EDGE('',*,*,#2175,.F.);
#1676=ORIENTED_EDGE('',*,*,#2176,.T.);
#1677=ORIENTED_EDGE('',*,*,#2177,.T.);
#1678=ORIENTED_EDGE('',*,*,#2178,.F.);
#1679=ORIENTED_EDGE('',*,*,#2175,.T.);
#1680=ORIENTED_EDGE('',*,*,#2177,.F.);
#1681=ORIENTED_EDGE('',*,*,#2176,.F.);
#1682=ORIENTED_EDGE('',*,*,#2178,.T.);
#1683=ORIENTED_EDGE('',*,*,#2179,.T.);
#1684=ORIENTED_EDGE('',*,*,#2180,.F.);
#1685=ORIENTED_EDGE('',*,*,#2181,.F.);
#1686=ORIENTED_EDGE('',*,*,#2182,.T.);
#1687=ORIENTED_EDGE('',*,*,#2179,.F.);
#1688=ORIENTED_EDGE('',*,*,#2181,.T.);
#1689=ORIENTED_EDGE('',*,*,#2180,.T.);
#1690=ORIENTED_EDGE('',*,*,#2182,.F.);
#1691=ORIENTED_EDGE('',*,*,#2183,.T.);
#1692=ORIENTED_EDGE('',*,*,#2184,.F.);
#1693=ORIENTED_EDGE('',*,*,#2185,.F.);
#1694=ORIENTED_EDGE('',*,*,#2186,.T.);
#1695=ORIENTED_EDGE('',*,*,#2183,.F.);
#1696=ORIENTED_EDGE('',*,*,#2185,.T.);
#1697=ORIENTED_EDGE('',*,*,#2184,.T.);
#1698=ORIENTED_EDGE('',*,*,#2186,.F.);
#1699=ORIENTED_EDGE('',*,*,#2187,.T.);
#1700=ORIENTED_EDGE('',*,*,#2188,.F.);
#1701=ORIENTED_EDGE('',*,*,#2189,.F.);
#1702=ORIENTED_EDGE('',*,*,#2190,.T.);
#1703=ORIENTED_EDGE('',*,*,#2187,.F.);
#1704=ORIENTED_EDGE('',*,*,#2189,.T.);
#1705=ORIENTED_EDGE('',*,*,#2188,.T.);
#1706=ORIENTED_EDGE('',*,*,#2190,.F.);
#1707=EDGE_CURVE('',#2191,#2191,#2539,.T.);
#1708=EDGE_CURVE('',#2192,#2192,#2540,.T.);
#1709=EDGE_CURVE('',#2193,#2193,#2541,.T.);
#1710=EDGE_CURVE('',#2194,#2194,#2542,.T.);
#1711=EDGE_CURVE('',#2195,#2196,#20,.T.);
#1712=EDGE_CURVE('',#2195,#2197,#21,.T.);
#1713=EDGE_CURVE('',#2197,#2198,#22,.T.);
#1714=EDGE_CURVE('',#2198,#2199,#23,.T.);
#1715=EDGE_CURVE('',#2200,#2199,#24,.T.);
#1716=EDGE_CURVE('',#2196,#2200,#25,.T.);
#1717=EDGE_CURVE('',#2201,#2202,#26,.T.);
#1718=EDGE_CURVE('',#2201,#2203,#27,.T.);
#1719=EDGE_CURVE('',#2203,#2204,#28,.T.);
#1720=EDGE_CURVE('',#2205,#2204,#29,.T.);
#1721=EDGE_CURVE('',#2206,#2205,#30,.T.);
#1722=EDGE_CURVE('',#2202,#2206,#31,.T.);
#1723=EDGE_CURVE('',#2207,#2208,#32,.T.);
#1724=EDGE_CURVE('',#2208,#2209,#33,.T.);
#1725=EDGE_CURVE('',#2210,#2209,#34,.T.);
#1726=EDGE_CURVE('',#2211,#2210,#35,.T.);
#1727=EDGE_CURVE('',#2211,#2212,#36,.T.);
#1728=EDGE_CURVE('',#2207,#2212,#37,.T.);
#1729=EDGE_CURVE('',#2213,#2214,#38,.T.);
#1730=EDGE_CURVE('',#2213,#2215,#39,.T.);
#1731=EDGE_CURVE('',#2215,#2216,#40,.T.);
#1732=EDGE_CURVE('',#2217,#2216,#41,.T.);
#1733=EDGE_CURVE('',#2217,#2218,#42,.T.);
#1734=EDGE_CURVE('',#2214,#2218,#43,.T.);
#1735=EDGE_CURVE('',#2219,#2219,#2543,.T.);
#1736=EDGE_CURVE('',#2220,#2220,#2544,.T.);
#1737=EDGE_CURVE('',#2221,#2221,#2545,.T.);
#1738=EDGE_CURVE('',#2222,#2222,#2546,.T.);
#1739=EDGE_CURVE('',#2223,#2223,#2547,.T.);
#1740=EDGE_CURVE('',#2224,#2224,#2548,.T.);
#1741=EDGE_CURVE('',#2225,#2226,#2549,.T.);
#1742=EDGE_CURVE('',#2227,#2226,#2550,.T.);
#1743=EDGE_CURVE('',#2228,#2227,#2551,.T.);
#1744=EDGE_CURVE('',#2228,#2229,#44,.T.);
#1745=EDGE_CURVE('',#2230,#2229,#2552,.T.);
#1746=EDGE_CURVE('',#2231,#2230,#2553,.T.);
#1747=EDGE_CURVE('',#2231,#2232,#2554,.T.);
#1748=EDGE_CURVE('',#2233,#2232,#2555,.T.);
#1749=EDGE_CURVE('',#2234,#2233,#2556,.T.);
#1750=EDGE_CURVE('',#2234,#2235,#45,.T.);
#1751=EDGE_CURVE('',#2236,#2235,#2557,.T.);
#1752=EDGE_CURVE('',#2225,#2236,#2558,.T.);
#1753=EDGE_CURVE('',#2237,#2237,#2559,.T.);
#1754=EDGE_CURVE('',#2238,#2238,#2560,.T.);
#1755=EDGE_CURVE('',#2239,#2240,#46,.T.);
#1756=EDGE_CURVE('',#2241,#2240,#47,.T.);
#1757=EDGE_CURVE('',#2242,#2241,#48,.T.);
#1758=EDGE_CURVE('',#2242,#2239,#49,.T.);
#1759=EDGE_CURVE('',#2243,#2244,#2561,.T.);
#1760=EDGE_CURVE('',#2226,#2244,#50,.T.);
#1761=EDGE_CURVE('',#2225,#2243,#51,.T.);
#1762=EDGE_CURVE('',#2245,#2244,#2562,.T.);
#1763=EDGE_CURVE('',#2227,#2245,#52,.T.);
#1764=EDGE_CURVE('',#2246,#2245,#2563,.T.);
#1765=EDGE_CURVE('',#2228,#2246,#53,.T.);
#1766=EDGE_CURVE('',#2246,#2247,#54,.T.);
#1767=EDGE_CURVE('',#2229,#2247,#55,.T.);
#1768=EDGE_CURVE('',#2248,#2247,#2564,.T.);
#1769=EDGE_CURVE('',#2230,#2248,#56,.T.);
#1770=EDGE_CURVE('',#2249,#2248,#2565,.T.);
#1771=EDGE_CURVE('',#2231,#2249,#57,.T.);
#1772=EDGE_CURVE('',#2249,#2250,#2566,.T.);
#1773=EDGE_CURVE('',#2232,#2250,#58,.T.);
#1774=EDGE_CURVE('',#2251,#2250,#2567,.T.);
#1775=EDGE_CURVE('',#2233,#2251,#59,.T.);
#1776=EDGE_CURVE('',#2252,#2251,#2568,.T.);
#1777=EDGE_CURVE('',#2234,#2252,#60,.T.);
#1778=EDGE_CURVE('',#2252,#2253,#61,.T.);
#1779=EDGE_CURVE('',#2235,#2253,#62,.T.);
#1780=EDGE_CURVE('',#2254,#2253,#2569,.T.);
#1781=EDGE_CURVE('',#2236,#2254,#63,.T.);
#1782=EDGE_CURVE('',#2255,#2255,#2570,.T.);
#1783=EDGE_CURVE('',#2256,#2256,#2571,.T.);
#1784=EDGE_CURVE('',#2257,#2257,#2572,.T.);
#1785=EDGE_CURVE('',#2258,#2258,#2573,.T.);
#1786=EDGE_CURVE('',#2259,#2259,#2574,.T.);
#1787=EDGE_CURVE('',#2243,#2254,#2575,.T.);
#1788=EDGE_CURVE('',#2260,#2260,#2576,.T.);
#1789=EDGE_CURVE('',#2261,#2213,#64,.T.);
#1790=EDGE_CURVE('',#2261,#2262,#65,.T.);
#1791=EDGE_CURVE('',#2262,#2215,#66,.T.);
#1792=EDGE_CURVE('',#2263,#2214,#67,.T.);
#1793=EDGE_CURVE('',#2261,#2263,#68,.T.);
#1794=EDGE_CURVE('',#2264,#2218,#69,.T.);
#1795=EDGE_CURVE('',#2263,#2264,#70,.T.);
#1796=EDGE_CURVE('',#2265,#2217,#71,.T.);
#1797=EDGE_CURVE('',#2265,#2264,#72,.T.);
#1798=EDGE_CURVE('',#2266,#2216,#73,.T.);
#1799=EDGE_CURVE('',#2265,#2266,#74,.T.);
#1800=EDGE_CURVE('',#2262,#2266,#75,.T.);
#1801=EDGE_CURVE('',#2267,#2208,#76,.T.);
#1802=EDGE_CURVE('',#2267,#2268,#77,.T.);
#1803=EDGE_CURVE('',#2268,#2209,#78,.T.);
#1804=EDGE_CURVE('',#2269,#2207,#79,.T.);
#1805=EDGE_CURVE('',#2269,#2267,#80,.T.);
#1806=EDGE_CURVE('',#2270,#2212,#81,.T.);
#1807=EDGE_CURVE('',#2269,#2270,#82,.T.);
#1808=EDGE_CURVE('',#2271,#2211,#83,.T.);
#1809=EDGE_CURVE('',#2271,#2270,#84,.T.);
#1810=EDGE_CURVE('',#2272,#2210,#85,.T.);
#1811=EDGE_CURVE('',#2271,#2272,#86,.T.);
#1812=EDGE_CURVE('',#2272,#2268,#87,.T.);
#1813=EDGE_CURVE('',#2273,#2201,#88,.T.);
#1814=EDGE_CURVE('',#2273,#2274,#89,.T.);
#1815=EDGE_CURVE('',#2274,#2203,#90,.T.);
#1816=EDGE_CURVE('',#2275,#2202,#91,.T.);
#1817=EDGE_CURVE('',#2273,#2275,#92,.T.);
#1818=EDGE_CURVE('',#2276,#2206,#93,.T.);
#1819=EDGE_CURVE('',#2275,#2276,#94,.T.);
#1820=EDGE_CURVE('',#2277,#2205,#95,.T.);
#1821=EDGE_CURVE('',#2276,#2277,#96,.T.);
#1822=EDGE_CURVE('',#2278,#2204,#97,.T.);
#1823=EDGE_CURVE('',#2277,#2278,#98,.T.);
#1824=EDGE_CURVE('',#2274,#2278,#99,.T.);
#1825=EDGE_CURVE('',#2279,#2195,#100,.T.);
#1826=EDGE_CURVE('',#2279,#2280,#101,.T.);
#1827=EDGE_CURVE('',#2280,#2197,#102,.T.);
#1828=EDGE_CURVE('',#2281,#2196,#103,.T.);
#1829=EDGE_CURVE('',#2279,#2281,#104,.T.);
#1830=EDGE_CURVE('',#2282,#2200,#105,.T.);
#1831=EDGE_CURVE('',#2281,#2282,#106,.T.);
#1832=EDGE_CURVE('',#2283,#2199,#107,.T.);
#1833=EDGE_CURVE('',#2282,#2283,#108,.T.);
#1834=EDGE_CURVE('',#2284,#2198,#109,.T.);
#1835=EDGE_CURVE('',#2284,#2283,#110,.T.);
#1836=EDGE_CURVE('',#2280,#2284,#111,.T.);
#1837=EDGE_CURVE('',#2285,#2285,#2577,.T.);
#1838=EDGE_CURVE('',#2286,#2286,#2578,.T.);
#1839=EDGE_CURVE('',#2287,#2287,#2579,.F.);
#1840=EDGE_CURVE('',#2288,#2288,#2580,.T.);
#1841=EDGE_CURVE('',#2289,#2289,#2581,.F.);
#1842=EDGE_CURVE('',#2290,#2290,#2582,.T.);
#1843=EDGE_CURVE('',#2291,#2239,#112,.T.);
#1844=EDGE_CURVE('',#2291,#2292,#113,.T.);
#1845=EDGE_CURVE('',#2292,#2240,#114,.T.);
#1846=EDGE_CURVE('',#2293,#2242,#115,.T.);
#1847=EDGE_CURVE('',#2293,#2291,#116,.T.);
#1848=EDGE_CURVE('',#2294,#2241,#117,.T.);
#1849=EDGE_CURVE('',#2293,#2294,#118,.T.);
#1850=EDGE_CURVE('',#2294,#2292,#119,.T.);
#1851=EDGE_CURVE('',#2295,#2295,#2583,.T.);
#1852=EDGE_CURVE('',#2296,#2296,#2584,.T.);
#1853=EDGE_CURVE('',#2297,#2297,#2585,.T.);
#1854=EDGE_CURVE('',#2298,#2298,#2586,.T.);
#1855=EDGE_CURVE('',#2299,#2299,#2587,.T.);
#1856=EDGE_CURVE('',#2300,#2300,#2588,.T.);
#1857=EDGE_CURVE('',#2301,#2301,#2589,.F.);
#1858=EDGE_CURVE('',#2302,#2302,#2590,.F.);
#1859=EDGE_CURVE('',#2303,#2303,#2591,.F.);
#1860=EDGE_CURVE('',#2304,#2304,#2592,.F.);
#1861=EDGE_CURVE('',#2305,#2306,#120,.T.);
#1862=EDGE_CURVE('',#2306,#2307,#2593,.T.);
#1863=EDGE_CURVE('',#2307,#2308,#121,.T.);
#1864=EDGE_CURVE('',#2308,#2309,#122,.T.);
#1865=EDGE_CURVE('',#2309,#2310,#2594,.T.);
#1866=EDGE_CURVE('',#2311,#2310,#123,.T.);
#1867=EDGE_CURVE('',#2311,#2312,#2595,.T.);
#1868=EDGE_CURVE('',#2313,#2312,#124,.T.);
#1869=EDGE_CURVE('',#2314,#2313,#125,.T.);
#1870=EDGE_CURVE('',#2315,#2314,#2596,.T.);
#1871=EDGE_CURVE('',#2316,#2315,#126,.T.);
#1872=EDGE_CURVE('',#2317,#2316,#127,.T.);
#1873=EDGE_CURVE('',#2317,#2318,#128,.T.);
#1874=EDGE_CURVE('',#2319,#2318,#2597,.T.);
#1875=EDGE_CURVE('',#2319,#2320,#129,.T.);
#1876=EDGE_CURVE('',#2320,#2321,#130,.T.);
#1877=EDGE_CURVE('',#2321,#2322,#2598,.T.);
#1878=EDGE_CURVE('',#2322,#2323,#131,.T.);
#1879=EDGE_CURVE('',#2323,#2324,#2599,.T.);
#1880=EDGE_CURVE('',#2325,#2324,#132,.T.);
#1881=EDGE_CURVE('',#2326,#2325,#133,.T.);
#1882=EDGE_CURVE('',#2326,#2327,#2600,.T.);
#1883=EDGE_CURVE('',#2328,#2327,#134,.T.);
#1884=EDGE_CURVE('',#2328,#2305,#135,.T.);
#1885=EDGE_CURVE('',#2329,#2330,#136,.T.);
#1886=EDGE_CURVE('',#2331,#2329,#137,.T.);
#1887=EDGE_CURVE('',#2331,#2332,#138,.T.);
#1888=EDGE_CURVE('',#2332,#2330,#139,.T.);
#1889=EDGE_CURVE('',#2333,#2329,#2601,.T.);
#1890=EDGE_CURVE('',#2334,#2333,#140,.T.);
#1891=EDGE_CURVE('',#2334,#2331,#2602,.T.);
#1892=EDGE_CURVE('',#2333,#2335,#141,.T.);
#1893=EDGE_CURVE('',#2336,#2335,#142,.T.);
#1894=EDGE_CURVE('',#2334,#2336,#143,.T.);
#1895=EDGE_CURVE('',#2337,#2338,#144,.T.);
#1896=EDGE_CURVE('',#2339,#2337,#145,.T.);
#1897=EDGE_CURVE('',#2339,#2340,#146,.T.);
#1898=EDGE_CURVE('',#2340,#2338,#147,.T.);
#1899=EDGE_CURVE('',#2341,#2337,#2603,.T.);
#1900=EDGE_CURVE('',#2342,#2341,#148,.T.);
#1901=EDGE_CURVE('',#2342,#2339,#2604,.T.);
#1902=EDGE_CURVE('',#2341,#2343,#149,.T.);
#1903=EDGE_CURVE('',#2344,#2343,#150,.T.);
#1904=EDGE_CURVE('',#2342,#2344,#151,.T.);
#1905=EDGE_CURVE('',#2345,#2346,#152,.T.);
#1906=EDGE_CURVE('',#2347,#2345,#153,.T.);
#1907=EDGE_CURVE('',#2347,#2348,#154,.T.);
#1908=EDGE_CURVE('',#2348,#2346,#155,.T.);
#1909=EDGE_CURVE('',#2349,#2345,#2605,.T.);
#1910=EDGE_CURVE('',#2350,#2349,#156,.T.);
#1911=EDGE_CURVE('',#2350,#2347,#2606,.T.);
#1912=EDGE_CURVE('',#2349,#2351,#157,.T.);
#1913=EDGE_CURVE('',#2352,#2351,#158,.T.);
#1914=EDGE_CURVE('',#2350,#2352,#159,.T.);
#1915=EDGE_CURVE('',#2353,#2354,#160,.T.);
#1916=EDGE_CURVE('',#2355,#2353,#161,.T.);
#1917=EDGE_CURVE('',#2355,#2356,#162,.T.);
#1918=EDGE_CURVE('',#2356,#2354,#163,.T.);
#1919=EDGE_CURVE('',#2357,#2353,#2607,.T.);
#1920=EDGE_CURVE('',#2358,#2357,#164,.T.);
#1921=EDGE_CURVE('',#2358,#2355,#2608,.T.);
#1922=EDGE_CURVE('',#2357,#2359,#165,.T.);
#1923=EDGE_CURVE('',#2360,#2359,#166,.T.);
#1924=EDGE_CURVE('',#2358,#2360,#167,.T.);
#1925=EDGE_CURVE('',#2361,#2362,#168,.T.);
#1926=EDGE_CURVE('',#2363,#2361,#169,.T.);
#1927=EDGE_CURVE('',#2363,#2364,#170,.T.);
#1928=EDGE_CURVE('',#2364,#2362,#171,.T.);
#1929=EDGE_CURVE('',#2365,#2361,#2609,.T.);
#1930=EDGE_CURVE('',#2366,#2365,#172,.T.);
#1931=EDGE_CURVE('',#2366,#2363,#2610,.T.);
#1932=EDGE_CURVE('',#2365,#2367,#173,.T.);
#1933=EDGE_CURVE('',#2368,#2367,#174,.T.);
#1934=EDGE_CURVE('',#2366,#2368,#175,.T.);
#1935=EDGE_CURVE('',#2369,#2370,#176,.T.);
#1936=EDGE_CURVE('',#2371,#2369,#177,.T.);
#1937=EDGE_CURVE('',#2371,#2372,#178,.T.);
#1938=EDGE_CURVE('',#2372,#2370,#179,.T.);
#1939=EDGE_CURVE('',#2373,#2369,#2611,.T.);
#1940=EDGE_CURVE('',#2374,#2373,#180,.T.);
#1941=EDGE_CURVE('',#2374,#2371,#2612,.T.);
#1942=EDGE_CURVE('',#2373,#2375,#181,.T.);
#1943=EDGE_CURVE('',#2376,#2375,#182,.T.);
#1944=EDGE_CURVE('',#2374,#2376,#183,.T.);
#1945=EDGE_CURVE('',#2377,#2378,#184,.T.);
#1946=EDGE_CURVE('',#2379,#2377,#185,.T.);
#1947=EDGE_CURVE('',#2379,#2380,#186,.T.);
#1948=EDGE_CURVE('',#2380,#2378,#187,.T.);
#1949=EDGE_CURVE('',#2381,#2377,#2613,.T.);
#1950=EDGE_CURVE('',#2382,#2381,#188,.T.);
#1951=EDGE_CURVE('',#2382,#2379,#2614,.T.);
#1952=EDGE_CURVE('',#2381,#2383,#189,.T.);
#1953=EDGE_CURVE('',#2384,#2383,#190,.T.);
#1954=EDGE_CURVE('',#2382,#2384,#191,.T.);
#1955=EDGE_CURVE('',#2385,#2386,#192,.T.);
#1956=EDGE_CURVE('',#2387,#2385,#193,.T.);
#1957=EDGE_CURVE('',#2387,#2388,#194,.T.);
#1958=EDGE_CURVE('',#2388,#2386,#195,.T.);
#1959=EDGE_CURVE('',#2389,#2385,#2615,.T.);
#1960=EDGE_CURVE('',#2390,#2389,#196,.T.);
#1961=EDGE_CURVE('',#2390,#2387,#2616,.T.);
#1962=EDGE_CURVE('',#2389,#2391,#197,.T.);
#1963=EDGE_CURVE('',#2392,#2391,#198,.T.);
#1964=EDGE_CURVE('',#2390,#2392,#199,.T.);
#1965=EDGE_CURVE('',#2393,#2394,#200,.T.);
#1966=EDGE_CURVE('',#2395,#2393,#201,.T.);
#1967=EDGE_CURVE('',#2395,#2396,#202,.T.);
#1968=EDGE_CURVE('',#2396,#2394,#203,.T.);
#1969=EDGE_CURVE('',#2393,#2397,#2617,.T.);
#1970=EDGE_CURVE('',#2398,#2397,#204,.T.);
#1971=EDGE_CURVE('',#2395,#2398,#2618,.T.);
#1972=EDGE_CURVE('',#2397,#2399,#205,.T.);
#1973=EDGE_CURVE('',#2400,#2399,#206,.T.);
#1974=EDGE_CURVE('',#2398,#2400,#207,.T.);
#1975=EDGE_CURVE('',#2401,#2402,#208,.T.);
#1976=EDGE_CURVE('',#2402,#2403,#2619,.T.);
#1977=EDGE_CURVE('',#2404,#2403,#209,.T.);
#1978=EDGE_CURVE('',#2401,#2404,#2620,.T.);
#1979=EDGE_CURVE('',#2403,#2405,#210,.T.);
#1980=EDGE_CURVE('',#2406,#2405,#211,.T.);
#1981=EDGE_CURVE('',#2404,#2406,#212,.T.);
#1982=EDGE_CURVE('',#2405,#2407,#2621,.T.);
#1983=EDGE_CURVE('',#2408,#2407,#213,.T.);
#1984=EDGE_CURVE('',#2406,#2408,#2622,.T.);
#1985=EDGE_CURVE('',#2409,#2410,#214,.T.);
#1986=EDGE_CURVE('',#2411,#2409,#215,.T.);
#1987=EDGE_CURVE('',#2411,#2412,#216,.T.);
#1988=EDGE_CURVE('',#2412,#2410,#217,.T.);
#1989=EDGE_CURVE('',#2409,#2413,#2623,.T.);
#1990=EDGE_CURVE('',#2414,#2413,#218,.T.);
#1991=EDGE_CURVE('',#2411,#2414,#2624,.T.);
#1992=EDGE_CURVE('',#2413,#2415,#219,.T.);
#1993=EDGE_CURVE('',#2416,#2415,#220,.T.);
#1994=EDGE_CURVE('',#2414,#2416,#221,.T.);
#1995=EDGE_CURVE('',#2417,#2418,#222,.T.);
#1996=EDGE_CURVE('',#2419,#2417,#223,.T.);
#1997=EDGE_CURVE('',#2419,#2420,#224,.T.);
#1998=EDGE_CURVE('',#2420,#2418,#225,.T.);
#1999=EDGE_CURVE('',#2417,#2421,#2625,.T.);
#2000=EDGE_CURVE('',#2422,#2421,#226,.T.);
#2001=EDGE_CURVE('',#2419,#2422,#2626,.T.);
#2002=EDGE_CURVE('',#2421,#2423,#227,.T.);
#2003=EDGE_CURVE('',#2424,#2423,#228,.T.);
#2004=EDGE_CURVE('',#2422,#2424,#229,.T.);
#2005=EDGE_CURVE('',#2425,#2426,#230,.T.);
#2006=EDGE_CURVE('',#2427,#2425,#231,.T.);
#2007=EDGE_CURVE('',#2427,#2428,#232,.T.);
#2008=EDGE_CURVE('',#2428,#2426,#233,.T.);
#2009=EDGE_CURVE('',#2425,#2429,#2627,.T.);
#2010=EDGE_CURVE('',#2430,#2429,#234,.T.);
#2011=EDGE_CURVE('',#2427,#2430,#2628,.T.);
#2012=EDGE_CURVE('',#2429,#2431,#235,.T.);
#2013=EDGE_CURVE('',#2432,#2431,#236,.T.);
#2014=EDGE_CURVE('',#2430,#2432,#237,.T.);
#2015=EDGE_CURVE('',#2433,#2434,#238,.T.);
#2016=EDGE_CURVE('',#2435,#2433,#239,.T.);
#2017=EDGE_CURVE('',#2435,#2436,#240,.T.);
#2018=EDGE_CURVE('',#2436,#2434,#241,.T.);
#2019=EDGE_CURVE('',#2433,#2437,#2629,.T.);
#2020=EDGE_CURVE('',#2438,#2437,#242,.T.);
#2021=EDGE_CURVE('',#2435,#2438,#2630,.T.);
#2022=EDGE_CURVE('',#2437,#2439,#243,.T.);
#2023=EDGE_CURVE('',#2440,#2439,#244,.T.);
#2024=EDGE_CURVE('',#2438,#2440,#245,.T.);
#2025=EDGE_CURVE('',#2441,#2442,#246,.T.);
#2026=EDGE_CURVE('',#2443,#2441,#247,.T.);
#2027=EDGE_CURVE('',#2443,#2444,#248,.T.);
#2028=EDGE_CURVE('',#2444,#2442,#249,.T.);
#2029=EDGE_CURVE('',#2441,#2445,#2631,.T.);
#2030=EDGE_CURVE('',#2446,#2445,#250,.T.);
#2031=EDGE_CURVE('',#2443,#2446,#2632,.T.);
#2032=EDGE_CURVE('',#2445,#2447,#251,.T.);
#2033=EDGE_CURVE('',#2448,#2447,#252,.T.);
#2034=EDGE_CURVE('',#2446,#2448,#253,.T.);
#2035=EDGE_CURVE('',#2449,#2450,#254,.T.);
#2036=EDGE_CURVE('',#2451,#2449,#255,.T.);
#2037=EDGE_CURVE('',#2451,#2452,#256,.T.);
#2038=EDGE_CURVE('',#2452,#2450,#257,.T.);
#2039=EDGE_CURVE('',#2449,#2453,#2633,.T.);
#2040=EDGE_CURVE('',#2454,#2453,#258,.T.);
#2041=EDGE_CURVE('',#2451,#2454,#2634,.T.);
#2042=EDGE_CURVE('',#2453,#2455,#259,.T.);
#2043=EDGE_CURVE('',#2456,#2455,#260,.T.);
#2044=EDGE_CURVE('',#2454,#2456,#261,.T.);
#2045=EDGE_CURVE('',#2457,#2320,#262,.T.);
#2046=EDGE_CURVE('',#2457,#2458,#263,.T.);
#2047=EDGE_CURVE('',#2458,#2321,#264,.T.);
#2048=EDGE_CURVE('',#2459,#2320,#265,.T.);
#2049=EDGE_CURVE('',#2460,#2459,#2635,.T.);
#2050=EDGE_CURVE('',#2460,#2317,#266,.T.);
#2051=EDGE_CURVE('',#2461,#2317,#267,.T.);
#2052=EDGE_CURVE('',#2461,#2457,#2636,.T.);
#2053=EDGE_CURVE('',#2462,#2316,#268,.T.);
#2054=EDGE_CURVE('',#2461,#2462,#269,.T.);
#2055=EDGE_CURVE('',#2463,#2316,#270,.T.);
#2056=EDGE_CURVE('',#2464,#2463,#2637,.T.);
#2057=EDGE_CURVE('',#2464,#2313,#271,.T.);
#2058=EDGE_CURVE('',#2465,#2313,#272,.T.);
#2059=EDGE_CURVE('',#2465,#2462,#2638,.T.);
#2060=EDGE_CURVE('',#2466,#2312,#273,.T.);
#2061=EDGE_CURVE('',#2465,#2466,#274,.T.);
#2062=EDGE_CURVE('',#2467,#2311,#275,.T.);
#2063=EDGE_CURVE('',#2467,#2466,#2639,.T.);
#2064=EDGE_CURVE('',#2468,#2310,#276,.T.);
#2065=EDGE_CURVE('',#2467,#2468,#277,.T.);
#2066=EDGE_CURVE('',#2469,#2309,#278,.T.);
#2067=EDGE_CURVE('',#2469,#2468,#2640,.T.);
#2068=EDGE_CURVE('',#2470,#2308,#279,.T.);
#2069=EDGE_CURVE('',#2470,#2469,#280,.T.);
#2070=EDGE_CURVE('',#2471,#2308,#281,.T.);
#2071=EDGE_CURVE('',#2471,#2472,#2641,.T.);
#2072=EDGE_CURVE('',#2472,#2305,#282,.T.);
#2073=EDGE_CURVE('',#2473,#2305,#283,.T.);
#2074=EDGE_CURVE('',#2470,#2473,#2642,.T.);
#2075=EDGE_CURVE('',#2474,#2328,#284,.T.);
#2076=EDGE_CURVE('',#2474,#2473,#285,.T.);
#2077=EDGE_CURVE('',#2475,#2328,#286,.T.);
#2078=EDGE_CURVE('',#2475,#2476,#2643,.T.);
#2079=EDGE_CURVE('',#2476,#2325,#287,.T.);
#2080=EDGE_CURVE('',#2477,#2325,#288,.T.);
#2081=EDGE_CURVE('',#2474,#2477,#2644,.T.);
#2082=EDGE_CURVE('',#2478,#2324,#289,.T.);
#2083=EDGE_CURVE('',#2477,#2478,#290,.T.);
#2084=EDGE_CURVE('',#2479,#2323,#291,.T.);
#2085=EDGE_CURVE('',#2479,#2478,#2645,.T.);
#2086=EDGE_CURVE('',#2480,#2322,#292,.T.);
#2087=EDGE_CURVE('',#2480,#2479,#293,.T.);
#2088=EDGE_CURVE('',#2330,#2335,#2646,.T.);
#2089=EDGE_CURVE('',#2332,#2336,#2647,.T.);
#2090=EDGE_CURVE('',#2338,#2343,#2648,.T.);
#2091=EDGE_CURVE('',#2340,#2344,#2649,.T.);
#2092=EDGE_CURVE('',#2346,#2351,#2650,.T.);
#2093=EDGE_CURVE('',#2348,#2352,#2651,.T.);
#2094=EDGE_CURVE('',#2354,#2359,#2652,.T.);
#2095=EDGE_CURVE('',#2356,#2360,#2653,.T.);
#2096=EDGE_CURVE('',#2481,#2481,#2654,.T.);
#2097=EDGE_CURVE('',#2482,#2482,#2655,.T.);
#2098=EDGE_CURVE('',#2362,#2367,#2656,.T.);
#2099=EDGE_CURVE('',#2364,#2368,#2657,.T.);
#2100=EDGE_CURVE('',#2370,#2375,#2658,.T.);
#2101=EDGE_CURVE('',#2372,#2376,#2659,.T.);
#2102=EDGE_CURVE('',#2378,#2383,#18,.T.);
#2103=EDGE_CURVE('',#2380,#2384,#19,.T.);
#2104=EDGE_CURVE('',#2386,#2391,#2660,.T.);
#2105=EDGE_CURVE('',#2388,#2392,#2661,.T.);
#2106=EDGE_CURVE('',#2483,#2483,#2662,.T.);
#2107=EDGE_CURVE('',#2484,#2484,#2663,.T.);
#2108=EDGE_CURVE('',#2399,#2394,#2664,.T.);
#2109=EDGE_CURVE('',#2400,#2396,#2665,.T.);
#2110=EDGE_CURVE('',#2402,#2407,#294,.T.);
#2111=EDGE_CURVE('',#2401,#2408,#295,.T.);
#2112=EDGE_CURVE('',#2415,#2410,#2666,.T.);
#2113=EDGE_CURVE('',#2416,#2412,#2667,.T.);
#2114=EDGE_CURVE('',#2423,#2418,#2668,.T.);
#2115=EDGE_CURVE('',#2424,#2420,#2669,.T.);
#2116=EDGE_CURVE('',#2485,#2485,#2670,.T.);
#2117=EDGE_CURVE('',#2486,#2486,#2671,.T.);
#2118=EDGE_CURVE('',#2431,#2426,#2672,.T.);
#2119=EDGE_CURVE('',#2432,#2428,#2673,.T.);
#2120=EDGE_CURVE('',#2439,#2434,#2674,.T.);
#2121=EDGE_CURVE('',#2440,#2436,#2675,.T.);
#2122=EDGE_CURVE('',#2447,#2442,#2676,.T.);
#2123=EDGE_CURVE('',#2448,#2444,#2677,.T.);
#2124=EDGE_CURVE('',#2455,#2450,#2678,.T.);
#2125=EDGE_CURVE('',#2456,#2452,#2679,.T.);
#2126=EDGE_CURVE('',#2458,#2480,#2680,.T.);
#2127=EDGE_CURVE('',#2487,#2487,#2681,.T.);
#2128=EDGE_CURVE('',#2488,#2488,#2682,.T.);
#2129=EDGE_CURVE('',#2489,#2489,#2683,.T.);
#2130=EDGE_CURVE('',#2490,#2490,#2684,.T.);
#2131=EDGE_CURVE('',#2491,#2491,#2685,.T.);
#2132=EDGE_CURVE('',#2492,#2492,#2686,.T.);
#2133=EDGE_CURVE('',#2493,#2493,#2687,.T.);
#2134=EDGE_CURVE('',#2494,#2494,#2688,.T.);
#2135=EDGE_CURVE('',#2495,#2476,#296,.T.);
#2136=EDGE_CURVE('',#2495,#2326,#297,.T.);
#2137=EDGE_CURVE('',#2496,#2327,#298,.T.);
#2138=EDGE_CURVE('',#2496,#2495,#2689,.T.);
#2139=EDGE_CURVE('',#2497,#2497,#2690,.T.);
#2140=EDGE_CURVE('',#2475,#2496,#299,.T.);
#2141=EDGE_CURVE('',#2498,#2464,#300,.T.);
#2142=EDGE_CURVE('',#2498,#2314,#301,.T.);
#2143=EDGE_CURVE('',#2499,#2315,#302,.T.);
#2144=EDGE_CURVE('',#2498,#2499,#2691,.T.);
#2145=EDGE_CURVE('',#2500,#2500,#2692,.T.);
#2146=EDGE_CURVE('',#2463,#2499,#303,.T.);
#2147=EDGE_CURVE('',#2501,#2319,#304,.T.);
#2148=EDGE_CURVE('',#2502,#2318,#305,.T.);
#2149=EDGE_CURVE('',#2502,#2501,#2693,.T.);
#2150=EDGE_CURVE('',#2503,#2503,#2694,.T.);
#2151=EDGE_CURVE('',#2501,#2459,#306,.T.);
#2152=EDGE_CURVE('',#2460,#2502,#307,.T.);
#2153=EDGE_CURVE('',#2504,#2307,#308,.T.);
#2154=EDGE_CURVE('',#2505,#2306,#309,.T.);
#2155=EDGE_CURVE('',#2504,#2505,#2695,.T.);
#2156=EDGE_CURVE('',#2506,#2506,#2696,.T.);
#2157=EDGE_CURVE('',#2504,#2471,#310,.T.);
#2158=EDGE_CURVE('',#2472,#2505,#311,.T.);
#2159=EDGE_CURVE('',#2507,#2507,#2697,.T.);
#2160=EDGE_CURVE('',#2508,#2508,#2698,.T.);
#2161=EDGE_CURVE('',#2509,#2509,#2699,.T.);
#2162=EDGE_CURVE('',#2510,#2510,#2700,.T.);
#2163=EDGE_CURVE('',#2511,#2511,#2701,.T.);
#2164=EDGE_CURVE('',#2512,#2512,#2702,.T.);
#2165=EDGE_CURVE('',#2513,#2513,#2703,.T.);
#2166=EDGE_CURVE('',#2514,#2514,#2704,.T.);
#2167=EDGE_CURVE('',#2515,#2515,#2705,.T.);
#2168=EDGE_CURVE('',#2516,#2516,#2706,.T.);
#2169=EDGE_CURVE('',#2517,#2517,#2707,.T.);
#2170=EDGE_CURVE('',#2518,#2518,#2708,.T.);
#2171=EDGE_CURVE('',#2519,#2519,#2709,.T.);
#2172=EDGE_CURVE('',#2520,#2520,#2710,.T.);
#2173=EDGE_CURVE('',#2521,#2521,#2711,.T.);
#2174=EDGE_CURVE('',#2522,#2522,#2712,.T.);
#2175=EDGE_CURVE('',#2523,#2523,#2713,.T.);
#2176=EDGE_CURVE('',#2524,#2524,#2714,.T.);
#2177=EDGE_CURVE('',#2525,#2525,#2715,.T.);
#2178=EDGE_CURVE('',#2526,#2526,#2716,.T.);
#2179=EDGE_CURVE('',#2527,#2527,#2717,.T.);
#2180=EDGE_CURVE('',#2528,#2528,#2718,.T.);
#2181=EDGE_CURVE('',#2529,#2529,#2719,.T.);
#2182=EDGE_CURVE('',#2530,#2530,#2720,.T.);
#2183=EDGE_CURVE('',#2531,#2531,#2721,.T.);
#2184=EDGE_CURVE('',#2532,#2532,#2722,.T.);
#2185=EDGE_CURVE('',#2533,#2533,#2723,.T.);
#2186=EDGE_CURVE('',#2534,#2534,#2724,.T.);
#2187=EDGE_CURVE('',#2535,#2535,#2725,.T.);
#2188=EDGE_CURVE('',#2536,#2536,#2726,.T.);
#2189=EDGE_CURVE('',#2537,#2537,#2727,.T.);
#2190=EDGE_CURVE('',#2538,#2538,#2728,.T.);
#2191=VERTEX_POINT('',#5365);
#2192=VERTEX_POINT('',#5367);
#2193=VERTEX_POINT('',#5370);
#2194=VERTEX_POINT('',#5372);
#2195=VERTEX_POINT('',#5378);
#2196=VERTEX_POINT('',#5379);
#2197=VERTEX_POINT('',#5381);
#2198=VERTEX_POINT('',#5383);
#2199=VERTEX_POINT('',#5385);
#2200=VERTEX_POINT('',#5387);
#2201=VERTEX_POINT('',#5390);
#2202=VERTEX_POINT('',#5391);
#2203=VERTEX_POINT('',#5393);
#2204=VERTEX_POINT('',#5395);
#2205=VERTEX_POINT('',#5397);
#2206=VERTEX_POINT('',#5399);
#2207=VERTEX_POINT('',#5402);
#2208=VERTEX_POINT('',#5403);
#2209=VERTEX_POINT('',#5405);
#2210=VERTEX_POINT('',#5407);
#2211=VERTEX_POINT('',#5409);
#2212=VERTEX_POINT('',#5411);
#2213=VERTEX_POINT('',#5414);
#2214=VERTEX_POINT('',#5415);
#2215=VERTEX_POINT('',#5417);
#2216=VERTEX_POINT('',#5419);
#2217=VERTEX_POINT('',#5421);
#2218=VERTEX_POINT('',#5423);
#2219=VERTEX_POINT('',#5426);
#2220=VERTEX_POINT('',#5428);
#2221=VERTEX_POINT('',#5430);
#2222=VERTEX_POINT('',#5432);
#2223=VERTEX_POINT('',#5434);
#2224=VERTEX_POINT('',#5436);
#2225=VERTEX_POINT('',#5438);
#2226=VERTEX_POINT('',#5439);
#2227=VERTEX_POINT('',#5441);
#2228=VERTEX_POINT('',#5443);
#2229=VERTEX_POINT('',#5445);
#2230=VERTEX_POINT('',#5447);
#2231=VERTEX_POINT('',#5449);
#2232=VERTEX_POINT('',#5451);
#2233=VERTEX_POINT('',#5453);
#2234=VERTEX_POINT('',#5455);
#2235=VERTEX_POINT('',#5457);
#2236=VERTEX_POINT('',#5459);
#2237=VERTEX_POINT('',#5462);
#2238=VERTEX_POINT('',#5464);
#2239=VERTEX_POINT('',#5466);
#2240=VERTEX_POINT('',#5467);
#2241=VERTEX_POINT('',#5469);
#2242=VERTEX_POINT('',#5471);
#2243=VERTEX_POINT('',#5475);
#2244=VERTEX_POINT('',#5476);
#2245=VERTEX_POINT('',#5481);
#2246=VERTEX_POINT('',#5485);
#2247=VERTEX_POINT('',#5489);
#2248=VERTEX_POINT('',#5493);
#2249=VERTEX_POINT('',#5497);
#2250=VERTEX_POINT('',#5501);
#2251=VERTEX_POINT('',#5505);
#2252=VERTEX_POINT('',#5509);
#2253=VERTEX_POINT('',#5513);
#2254=VERTEX_POINT('',#5517);
#2255=VERTEX_POINT('',#5521);
#2256=VERTEX_POINT('',#5524);
#2257=VERTEX_POINT('',#5527);
#2258=VERTEX_POINT('',#5530);
#2259=VERTEX_POINT('',#5533);
#2260=VERTEX_POINT('',#5538);
#2261=VERTEX_POINT('',#5542);
#2262=VERTEX_POINT('',#5544);
#2263=VERTEX_POINT('',#5548);
#2264=VERTEX_POINT('',#5552);
#2265=VERTEX_POINT('',#5556);
#2266=VERTEX_POINT('',#5560);
#2267=VERTEX_POINT('',#5567);
#2268=VERTEX_POINT('',#5569);
#2269=VERTEX_POINT('',#5573);
#2270=VERTEX_POINT('',#5577);
#2271=VERTEX_POINT('',#5581);
#2272=VERTEX_POINT('',#5585);
#2273=VERTEX_POINT('',#5592);
#2274=VERTEX_POINT('',#5594);
#2275=VERTEX_POINT('',#5598);
#2276=VERTEX_POINT('',#5602);
#2277=VERTEX_POINT('',#5606);
#2278=VERTEX_POINT('',#5610);
#2279=VERTEX_POINT('',#5617);
#2280=VERTEX_POINT('',#5619);
#2281=VERTEX_POINT('',#5623);
#2282=VERTEX_POINT('',#5627);
#2283=VERTEX_POINT('',#5631);
#2284=VERTEX_POINT('',#5635);
#2285=VERTEX_POINT('',#5642);
#2286=VERTEX_POINT('',#5645);
#2287=VERTEX_POINT('',#5647);
#2288=VERTEX_POINT('',#5652);
#2289=VERTEX_POINT('',#5654);
#2290=VERTEX_POINT('',#5657);
#2291=VERTEX_POINT('',#5662);
#2292=VERTEX_POINT('',#5664);
#2293=VERTEX_POINT('',#5668);
#2294=VERTEX_POINT('',#5672);
#2295=VERTEX_POINT('',#5680);
#2296=VERTEX_POINT('',#5682);
#2297=VERTEX_POINT('',#5684);
#2298=VERTEX_POINT('',#5686);
#2299=VERTEX_POINT('',#5688);
#2300=VERTEX_POINT('',#5690);
#2301=VERTEX_POINT('',#5692);
#2302=VERTEX_POINT('',#5694);
#2303=VERTEX_POINT('',#5696);
#2304=VERTEX_POINT('',#5698);
#2305=VERTEX_POINT('',#5700);
#2306=VERTEX_POINT('',#5701);
#2307=VERTEX_POINT('',#5703);
#2308=VERTEX_POINT('',#5705);
#2309=VERTEX_POINT('',#5707);
#2310=VERTEX_POINT('',#5709);
#2311=VERTEX_POINT('',#5711);
#2312=VERTEX_POINT('',#5713);
#2313=VERTEX_POINT('',#5715);
#2314=VERTEX_POINT('',#5717);
#2315=VERTEX_POINT('',#5719);
#2316=VERTEX_POINT('',#5721);
#2317=VERTEX_POINT('',#5723);
#2318=VERTEX_POINT('',#5725);
#2319=VERTEX_POINT('',#5727);
#2320=VERTEX_POINT('',#5729);
#2321=VERTEX_POINT('',#5731);
#2322=VERTEX_POINT('',#5733);
#2323=VERTEX_POINT('',#5735);
#2324=VERTEX_POINT('',#5737);
#2325=VERTEX_POINT('',#5739);
#2326=VERTEX_POINT('',#5741);
#2327=VERTEX_POINT('',#5743);
#2328=VERTEX_POINT('',#5745);
#2329=VERTEX_POINT('',#5749);
#2330=VERTEX_POINT('',#5750);
#2331=VERTEX_POINT('',#5752);
#2332=VERTEX_POINT('',#5754);
#2333=VERTEX_POINT('',#5758);
#2334=VERTEX_POINT('',#5760);
#2335=VERTEX_POINT('',#5764);
#2336=VERTEX_POINT('',#5766);
#2337=VERTEX_POINT('',#5770);
#2338=VERTEX_POINT('',#5771);
#2339=VERTEX_POINT('',#5773);
#2340=VERTEX_POINT('',#5775);
#2341=VERTEX_POINT('',#5779);
#2342=VERTEX_POINT('',#5781);
#2343=VERTEX_POINT('',#5785);
#2344=VERTEX_POINT('',#5787);
#2345=VERTEX_POINT('',#5791);
#2346=VERTEX_POINT('',#5792);
#2347=VERTEX_POINT('',#5794);
#2348=VERTEX_POINT('',#5796);
#2349=VERTEX_POINT('',#5800);
#2350=VERTEX_POINT('',#5802);
#2351=VERTEX_POINT('',#5806);
#2352=VERTEX_POINT('',#5808);
#2353=VERTEX_POINT('',#5812);
#2354=VERTEX_POINT('',#5813);
#2355=VERTEX_POINT('',#5815);
#2356=VERTEX_POINT('',#5817);
#2357=VERTEX_POINT('',#5821);
#2358=VERTEX_POINT('',#5823);
#2359=VERTEX_POINT('',#5827);
#2360=VERTEX_POINT('',#5829);
#2361=VERTEX_POINT('',#5833);
#2362=VERTEX_POINT('',#5834);
#2363=VERTEX_POINT('',#5836);
#2364=VERTEX_POINT('',#5838);
#2365=VERTEX_POINT('',#5842);
#2366=VERTEX_POINT('',#5844);
#2367=VERTEX_POINT('',#5848);
#2368=VERTEX_POINT('',#5850);
#2369=VERTEX_POINT('',#5854);
#2370=VERTEX_POINT('',#5855);
#2371=VERTEX_POINT('',#5857);
#2372=VERTEX_POINT('',#5859);
#2373=VERTEX_POINT('',#5863);
#2374=VERTEX_POINT('',#5865);
#2375=VERTEX_POINT('',#5869);
#2376=VERTEX_POINT('',#5871);
#2377=VERTEX_POINT('',#5875);
#2378=VERTEX_POINT('',#5876);
#2379=VERTEX_POINT('',#5878);
#2380=VERTEX_POINT('',#5880);
#2381=VERTEX_POINT('',#5884);
#2382=VERTEX_POINT('',#5886);
#2383=VERTEX_POINT('',#5890);
#2384=VERTEX_POINT('',#5892);
#2385=VERTEX_POINT('',#5896);
#2386=VERTEX_POINT('',#5897);
#2387=VERTEX_POINT('',#5899);
#2388=VERTEX_POINT('',#5901);
#2389=VERTEX_POINT('',#5905);
#2390=VERTEX_POINT('',#5907);
#2391=VERTEX_POINT('',#5911);
#2392=VERTEX_POINT('',#5913);
#2393=VERTEX_POINT('',#5917);
#2394=VERTEX_POINT('',#5918);
#2395=VERTEX_POINT('',#5920);
#2396=VERTEX_POINT('',#5922);
#2397=VERTEX_POINT('',#5926);
#2398=VERTEX_POINT('',#5928);
#2399=VERTEX_POINT('',#5932);
#2400=VERTEX_POINT('',#5934);
#2401=VERTEX_POINT('',#5938);
#2402=VERTEX_POINT('',#5939);
#2403=VERTEX_POINT('',#5941);
#2404=VERTEX_POINT('',#5943);
#2405=VERTEX_POINT('',#5947);
#2406=VERTEX_POINT('',#5949);
#2407=VERTEX_POINT('',#5953);
#2408=VERTEX_POINT('',#5955);
#2409=VERTEX_POINT('',#5959);
#2410=VERTEX_POINT('',#5960);
#2411=VERTEX_POINT('',#5962);
#2412=VERTEX_POINT('',#5964);
#2413=VERTEX_POINT('',#5968);
#2414=VERTEX_POINT('',#5970);
#2415=VERTEX_POINT('',#5974);
#2416=VERTEX_POINT('',#5976);
#2417=VERTEX_POINT('',#5980);
#2418=VERTEX_POINT('',#5981);
#2419=VERTEX_POINT('',#5983);
#2420=VERTEX_POINT('',#5985);
#2421=VERTEX_POINT('',#5989);
#2422=VERTEX_POINT('',#5991);
#2423=VERTEX_POINT('',#5995);
#2424=VERTEX_POINT('',#5997);
#2425=VERTEX_POINT('',#6001);
#2426=VERTEX_POINT('',#6002);
#2427=VERTEX_POINT('',#6004);
#2428=VERTEX_POINT('',#6006);
#2429=VERTEX_POINT('',#6010);
#2430=VERTEX_POINT('',#6012);
#2431=VERTEX_POINT('',#6016);
#2432=VERTEX_POINT('',#6018);
#2433=VERTEX_POINT('',#6022);
#2434=VERTEX_POINT('',#6023);
#2435=VERTEX_POINT('',#6025);
#2436=VERTEX_POINT('',#6027);
#2437=VERTEX_POINT('',#6031);
#2438=VERTEX_POINT('',#6033);
#2439=VERTEX_POINT('',#6037);
#2440=VERTEX_POINT('',#6039);
#2441=VERTEX_POINT('',#6043);
#2442=VERTEX_POINT('',#6044);
#2443=VERTEX_POINT('',#6046);
#2444=VERTEX_POINT('',#6048);
#2445=VERTEX_POINT('',#6052);
#2446=VERTEX_POINT('',#6054);
#2447=VERTEX_POINT('',#6058);
#2448=VERTEX_POINT('',#6060);
#2449=VERTEX_POINT('',#6064);
#2450=VERTEX_POINT('',#6065);
#2451=VERTEX_POINT('',#6067);
#2452=VERTEX_POINT('',#6069);
#2453=VERTEX_POINT('',#6073);
#2454=VERTEX_POINT('',#6075);
#2455=VERTEX_POINT('',#6079);
#2456=VERTEX_POINT('',#6081);
#2457=VERTEX_POINT('',#6085);
#2458=VERTEX_POINT('',#6087);
#2459=VERTEX_POINT('',#6091);
#2460=VERTEX_POINT('',#6093);
#2461=VERTEX_POINT('',#6096);
#2462=VERTEX_POINT('',#6100);
#2463=VERTEX_POINT('',#6104);
#2464=VERTEX_POINT('',#6106);
#2465=VERTEX_POINT('',#6109);
#2466=VERTEX_POINT('',#6113);
#2467=VERTEX_POINT('',#6117);
#2468=VERTEX_POINT('',#6121);
#2469=VERTEX_POINT('',#6125);
#2470=VERTEX_POINT('',#6129);
#2471=VERTEX_POINT('',#6133);
#2472=VERTEX_POINT('',#6135);
#2473=VERTEX_POINT('',#6138);
#2474=VERTEX_POINT('',#6142);
#2475=VERTEX_POINT('',#6146);
#2476=VERTEX_POINT('',#6148);
#2477=VERTEX_POINT('',#6151);
#2478=VERTEX_POINT('',#6155);
#2479=VERTEX_POINT('',#6159);
#2480=VERTEX_POINT('',#6163);
#2481=VERTEX_POINT('',#6179);
#2482=VERTEX_POINT('',#6181);
#2483=VERTEX_POINT('',#6196);
#2484=VERTEX_POINT('',#6198);
#2485=VERTEX_POINT('',#6213);
#2486=VERTEX_POINT('',#6215);
#2487=VERTEX_POINT('',#6232);
#2488=VERTEX_POINT('',#6234);
#2489=VERTEX_POINT('',#6237);
#2490=VERTEX_POINT('',#6239);
#2491=VERTEX_POINT('',#6241);
#2492=VERTEX_POINT('',#6243);
#2493=VERTEX_POINT('',#6245);
#2494=VERTEX_POINT('',#6247);
#2495=VERTEX_POINT('',#6250);
#2496=VERTEX_POINT('',#6254);
#2497=VERTEX_POINT('',#6257);
#2498=VERTEX_POINT('',#6263);
#2499=VERTEX_POINT('',#6267);
#2500=VERTEX_POINT('',#6270);
#2501=VERTEX_POINT('',#6276);
#2502=VERTEX_POINT('',#6278);
#2503=VERTEX_POINT('',#6281);
#2504=VERTEX_POINT('',#6289);
#2505=VERTEX_POINT('',#6291);
#2506=VERTEX_POINT('',#6294);
#2507=VERTEX_POINT('',#6302);
#2508=VERTEX_POINT('',#6305);
#2509=VERTEX_POINT('',#6308);
#2510=VERTEX_POINT('',#6311);
#2511=VERTEX_POINT('',#6324);
#2512=VERTEX_POINT('',#6327);
#2513=VERTEX_POINT('',#6331);
#2514=VERTEX_POINT('',#6334);
#2515=VERTEX_POINT('',#6337);
#2516=VERTEX_POINT('',#6341);
#2517=VERTEX_POINT('',#6344);
#2518=VERTEX_POINT('',#6348);
#2519=VERTEX_POINT('',#6353);
#2520=VERTEX_POINT('',#6355);
#2521=VERTEX_POINT('',#6358);
#2522=VERTEX_POINT('',#6360);
#2523=VERTEX_POINT('',#6366);
#2524=VERTEX_POINT('',#6368);
#2525=VERTEX_POINT('',#6371);
#2526=VERTEX_POINT('',#6373);
#2527=VERTEX_POINT('',#6379);
#2528=VERTEX_POINT('',#6381);
#2529=VERTEX_POINT('',#6384);
#2530=VERTEX_POINT('',#6386);
#2531=VERTEX_POINT('',#6392);
#2532=VERTEX_POINT('',#6394);
#2533=VERTEX_POINT('',#6397);
#2534=VERTEX_POINT('',#6399);
#2535=VERTEX_POINT('',#6405);
#2536=VERTEX_POINT('',#6407);
#2537=VERTEX_POINT('',#6410);
#2538=VERTEX_POINT('',#6412);
#2539=CIRCLE('',#3833,0.00115);
#2540=CIRCLE('',#3834,0.00115);
#2541=CIRCLE('',#3836,0.0026);
#2542=CIRCLE('',#3837,0.0026);
#2543=CIRCLE('',#3842,0.00115);
#2544=CIRCLE('',#3843,0.00115);
#2545=CIRCLE('',#3844,0.00115);
#2546=CIRCLE('',#3845,0.00115);
#2547=CIRCLE('',#3846,0.00115);
#2548=CIRCLE('',#3847,0.00115);
#2549=CIRCLE('',#3848,0.0100004863831639);
#2550=CIRCLE('',#3849,0.0670000000000014);
#2551=CIRCLE('',#3850,0.03);
#2552=CIRCLE('',#3851,0.03);
#2553=CIRCLE('',#3852,0.067);
#2554=CIRCLE('',#3853,0.0100004863831639);
#2555=CIRCLE('',#3854,0.067);
#2556=CIRCLE('',#3855,0.0299999999999996);
#2557=CIRCLE('',#3856,0.0299999999999996);
#2558=CIRCLE('',#3857,0.067);
#2559=CIRCLE('',#3858,0.0026);
#2560=CIRCLE('',#3859,0.0026);
#2561=CIRCLE('',#3861,0.0100004863831639);
#2562=CIRCLE('',#3863,0.0670000000000014);
#2563=CIRCLE('',#3865,0.03);
#2564=CIRCLE('',#3868,0.03);
#2565=CIRCLE('',#3870,0.067);
#2566=CIRCLE('',#3872,0.0100004863831639);
#2567=CIRCLE('',#3874,0.067);
#2568=CIRCLE('',#3876,0.0299999999999996);
#2569=CIRCLE('',#3879,0.0299999999999996);
#2570=CIRCLE('',#3881,0.00115);
#2571=CIRCLE('',#3883,0.00115);
#2572=CIRCLE('',#3885,0.00115);
#2573=CIRCLE('',#3887,0.00115);
#2574=CIRCLE('',#3889,0.00115);
#2575=CIRCLE('',#3891,0.067);
#2576=CIRCLE('',#3893,0.00115);
#2577=CIRCLE('',#3924,0.0026);
#2578=CIRCLE('',#3926,0.0016);
#2579=CIRCLE('',#3927,0.0016);
#2580=CIRCLE('',#3931,0.0016);
#2581=CIRCLE('',#3932,0.0016);
#2582=CIRCLE('',#3934,0.0026);
#2583=CIRCLE('',#3944,0.00115);
#2584=CIRCLE('',#3945,0.00115);
#2585=CIRCLE('',#3946,0.00115);
#2586=CIRCLE('',#3947,0.00115);
#2587=CIRCLE('',#3948,0.00115);
#2588=CIRCLE('',#3949,0.00115);
#2589=CIRCLE('',#3950,0.0019);
#2590=CIRCLE('',#3951,0.0019);
#2591=CIRCLE('',#3952,0.0019);
#2592=CIRCLE('',#3953,0.0019);
#2593=CIRCLE('',#3954,0.01575);
#2594=CIRCLE('',#3955,0.03);
#2595=CIRCLE('',#3956,0.03);
#2596=CIRCLE('',#3957,0.01575);
#2597=CIRCLE('',#3958,0.01575);
#2598=CIRCLE('',#3959,0.03);
#2599=CIRCLE('',#3960,0.03);
#2600=CIRCLE('',#3961,0.01575);
#2601=CIRCLE('',#3964,0.00170000000000091);
#2602=CIRCLE('',#3965,0.00170000000000091);
#2603=CIRCLE('',#3969,0.00170000000000176);
#2604=CIRCLE('',#3970,0.00170000000000176);
#2605=CIRCLE('',#3974,0.00169999999999676);
#2606=CIRCLE('',#3975,0.00169999999999676);
#2607=CIRCLE('',#3979,0.0017);
#2608=CIRCLE('',#3980,0.00169999999999722);
#2609=CIRCLE('',#3984,0.0017);
#2610=CIRCLE('',#3985,0.0016999999999998);
#2611=CIRCLE('',#3989,0.0017);
#2612=CIRCLE('',#3990,0.00169999999999991);
#2613=CIRCLE('',#3994,0.00169999999999986);
#2614=CIRCLE('',#3995,0.00169999999999986);
#2615=CIRCLE('',#3999,0.00170000000000014);
#2616=CIRCLE('',#4000,0.00170000000000014);
#2617=CIRCLE('',#4004,0.0016999999999968);
#2618=CIRCLE('',#4005,0.0016999999999968);
#2619=CIRCLE('',#4008,0.00169999999999784);
#2620=CIRCLE('',#4009,0.00169999999999784);
#2621=CIRCLE('',#4012,0.0017);
#2622=CIRCLE('',#4013,0.0017);
#2623=CIRCLE('',#4016,0.00169999999999677);
#2624=CIRCLE('',#4017,0.00169999999999677);
#2625=CIRCLE('',#4021,0.00170000000000574);
#2626=CIRCLE('',#4022,0.00170000000000574);
#2627=CIRCLE('',#4026,0.00170000000000757);
#2628=CIRCLE('',#4027,0.00170000000000757);
#2629=CIRCLE('',#4031,0.0016999999999921);
#2630=CIRCLE('',#4032,0.0016999999999921);
#2631=CIRCLE('',#4036,0.00169999999999526);
#2632=CIRCLE('',#4037,0.00169999999999526);
#2633=CIRCLE('',#4041,0.00170000000000746);
#2634=CIRCLE('',#4042,0.00170000000000746);
#2635=CIRCLE('',#4046,0.019);
#2636=CIRCLE('',#4047,0.019);
#2637=CIRCLE('',#4050,0.019);
#2638=CIRCLE('',#4051,0.019);
#2639=CIRCLE('',#4054,0.03);
#2640=CIRCLE('',#4057,0.03);
#2641=CIRCLE('',#4060,0.019);
#2642=CIRCLE('',#4061,0.019);
#2643=CIRCLE('',#4064,0.019);
#2644=CIRCLE('',#4065,0.019);
#2645=CIRCLE('',#4068,0.03);
#2646=CIRCLE('',#4071,0.0017);
#2647=CIRCLE('',#4072,0.0017);
#2648=CIRCLE('',#4074,0.0017);
#2649=CIRCLE('',#4075,0.0017);
#2650=CIRCLE('',#4077,0.00169999999999956);
#2651=CIRCLE('',#4078,0.00169999999999956);
#2652=CIRCLE('',#4080,0.0017);
#2653=CIRCLE('',#4081,0.0017);
#2654=CIRCLE('',#4083,0.00375);
#2655=CIRCLE('',#4084,0.00375);
#2656=CIRCLE('',#4086,0.0017);
#2657=CIRCLE('',#4087,0.0017);
#2658=CIRCLE('',#4089,0.0017);
#2659=CIRCLE('',#4090,0.0017);
#2660=CIRCLE('',#4095,0.0017);
#2661=CIRCLE('',#4096,0.0017);
#2662=CIRCLE('',#4098,0.00375000000000009);
#2663=CIRCLE('',#4099,0.00375);
#2664=CIRCLE('',#4101,0.0017);
#2665=CIRCLE('',#4102,0.0017);
#2666=CIRCLE('',#4105,0.0017);
#2667=CIRCLE('',#4106,0.0017);
#2668=CIRCLE('',#4108,0.0017);
#2669=CIRCLE('',#4109,0.0017);
#2670=CIRCLE('',#4111,0.00375);
#2671=CIRCLE('',#4112,0.00375);
#2672=CIRCLE('',#4114,0.0017);
#2673=CIRCLE('',#4115,0.0017);
#2674=CIRCLE('',#4117,0.00169999999999958);
#2675=CIRCLE('',#4118,0.00169999999999958);
#2676=CIRCLE('',#4120,0.0017);
#2677=CIRCLE('',#4121,0.0017);
#2678=CIRCLE('',#4123,0.0017);
#2679=CIRCLE('',#4124,0.0017);
#2680=CIRCLE('',#4126,0.03);
#2681=CIRCLE('',#4128,0.00375);
#2682=CIRCLE('',#4129,0.00375);
#2683=CIRCLE('',#4131,0.00115);
#2684=CIRCLE('',#4132,0.00115);
#2685=CIRCLE('',#4133,0.00115);
#2686=CIRCLE('',#4134,0.00115);
#2687=CIRCLE('',#4135,0.00115);
#2688=CIRCLE('',#4136,0.00115);
#2689=CIRCLE('',#4139,0.01575);
#2690=CIRCLE('',#4140,0.01575);
#2691=CIRCLE('',#4145,0.01575);
#2692=CIRCLE('',#4146,0.01575);
#2693=CIRCLE('',#4150,0.01575);
#2694=CIRCLE('',#4151,0.01575);
#2695=CIRCLE('',#4156,0.01575);
#2696=CIRCLE('',#4157,0.01575);
#2697=CIRCLE('',#4162,0.0019);
#2698=CIRCLE('',#4164,0.0019);
#2699=CIRCLE('',#4166,0.0019);
#2700=CIRCLE('',#4168,0.0019);
#2701=CIRCLE('',#4180,0.001);
#2702=CIRCLE('',#4182,0.001);
#2703=CIRCLE('',#4185,0.001);
#2704=CIRCLE('',#4187,0.001);
#2705=CIRCLE('',#4189,0.001);
#2706=CIRCLE('',#4192,0.001);
#2707=CIRCLE('',#4194,0.001);
#2708=CIRCLE('',#4197,0.001);
#2709=CIRCLE('',#4201,0.00115);
#2710=CIRCLE('',#4202,0.00115);
#2711=CIRCLE('',#4204,0.0026);
#2712=CIRCLE('',#4205,0.0026);
#2713=CIRCLE('',#4210,0.0026);
#2714=CIRCLE('',#4211,0.0026);
#2715=CIRCLE('',#4213,0.00115);
#2716=CIRCLE('',#4214,0.00115);
#2717=CIRCLE('',#4219,0.00115);
#2718=CIRCLE('',#4220,0.00115);
#2719=CIRCLE('',#4222,0.0026);
#2720=CIRCLE('',#4223,0.0026);
#2721=CIRCLE('',#4228,0.00115);
#2722=CIRCLE('',#4229,0.00115);
#2723=CIRCLE('',#4231,0.0026);
#2724=CIRCLE('',#4232,0.0026);
#2725=CIRCLE('',#4237,0.00115);
#2726=CIRCLE('',#4238,0.00115);
#2727=CIRCLE('',#4240,0.0026);
#2728=CIRCLE('',#4241,0.0026);
#2729=EDGE_LOOP('',(#739));
#2730=EDGE_LOOP('',(#740));
#2731=EDGE_LOOP('',(#741));
#2732=EDGE_LOOP('',(#742));
#2733=EDGE_LOOP('',(#743));
#2734=EDGE_LOOP('',(#744));
#2735=EDGE_LOOP('',(#745));
#2736=EDGE_LOOP('',(#746));
#2737=EDGE_LOOP('',(#747,#748,#749,#750,#751,#752));
#2738=EDGE_LOOP('',(#753,#754,#755,#756,#757,#758));
#2739=EDGE_LOOP('',(#759,#760,#761,#762,#763,#764));
#2740=EDGE_LOOP('',(#765,#766,#767,#768,#769,#770));
#2741=EDGE_LOOP('',(#771));
#2742=EDGE_LOOP('',(#772));
#2743=EDGE_LOOP('',(#773));
#2744=EDGE_LOOP('',(#774));
#2745=EDGE_LOOP('',(#775));
#2746=EDGE_LOOP('',(#776));
#2747=EDGE_LOOP('',(#777,#778,#779,#780,#781,#782,#783,#784,#785,#786,#787,
#788));
#2748=EDGE_LOOP('',(#789));
#2749=EDGE_LOOP('',(#790));
#2750=EDGE_LOOP('',(#791,#792,#793,#794));
#2751=EDGE_LOOP('',(#795,#796,#797,#798));
#2752=EDGE_LOOP('',(#799,#800,#801,#802));
#2753=EDGE_LOOP('',(#803,#804,#805,#806));
#2754=EDGE_LOOP('',(#807,#808,#809,#810));
#2755=EDGE_LOOP('',(#811,#812,#813,#814));
#2756=EDGE_LOOP('',(#815,#816,#817,#818));
#2757=EDGE_LOOP('',(#819,#820,#821,#822));
#2758=EDGE_LOOP('',(#823,#824,#825,#826));
#2759=EDGE_LOOP('',(#827,#828,#829,#830));
#2760=EDGE_LOOP('',(#831,#832,#833,#834));
#2761=EDGE_LOOP('',(#835,#836,#837,#838));
#2762=EDGE_LOOP('',(#839));
#2763=EDGE_LOOP('',(#840));
#2764=EDGE_LOOP('',(#841));
#2765=EDGE_LOOP('',(#842));
#2766=EDGE_LOOP('',(#843));
#2767=EDGE_LOOP('',(#844));
#2768=EDGE_LOOP('',(#845));
#2769=EDGE_LOOP('',(#846));
#2770=EDGE_LOOP('',(#847));
#2771=EDGE_LOOP('',(#848));
#2772=EDGE_LOOP('',(#849,#850,#851,#852));
#2773=EDGE_LOOP('',(#853));
#2774=EDGE_LOOP('',(#854));
#2775=EDGE_LOOP('',(#855,#856,#857,#858,#859,#860,#861,#862,#863,#864,#865,
#866));
#2776=EDGE_LOOP('',(#867));
#2777=EDGE_LOOP('',(#868));
#2778=EDGE_LOOP('',(#869));
#2779=EDGE_LOOP('',(#870));
#2780=EDGE_LOOP('',(#871));
#2781=EDGE_LOOP('',(#872));
#2782=EDGE_LOOP('',(#873,#874,#875,#876));
#2783=EDGE_LOOP('',(#877,#878,#879,#880));
#2784=EDGE_LOOP('',(#881,#882,#883,#884));
#2785=EDGE_LOOP('',(#885,#886,#887,#888));
#2786=EDGE_LOOP('',(#889,#890,#891,#892));
#2787=EDGE_LOOP('',(#893,#894,#895,#896));
#2788=EDGE_LOOP('',(#897,#898,#899,#900,#901,#902));
#2789=EDGE_LOOP('',(#903,#904,#905,#906));
#2790=EDGE_LOOP('',(#907,#908,#909,#910));
#2791=EDGE_LOOP('',(#911,#912,#913,#914));
#2792=EDGE_LOOP('',(#915,#916,#917,#918));
#2793=EDGE_LOOP('',(#919,#920,#921,#922));
#2794=EDGE_LOOP('',(#923,#924,#925,#926));
#2795=EDGE_LOOP('',(#927,#928,#929,#930,#931,#932));
#2796=EDGE_LOOP('',(#933,#934,#935,#936));
#2797=EDGE_LOOP('',(#937,#938,#939,#940));
#2798=EDGE_LOOP('',(#941,#942,#943,#944));
#2799=EDGE_LOOP('',(#945,#946,#947,#948));
#2800=EDGE_LOOP('',(#949,#950,#951,#952));
#2801=EDGE_LOOP('',(#953,#954,#955,#956));
#2802=EDGE_LOOP('',(#957,#958,#959,#960,#961,#962));
#2803=EDGE_LOOP('',(#963,#964,#965,#966));
#2804=EDGE_LOOP('',(#967,#968,#969,#970));
#2805=EDGE_LOOP('',(#971,#972,#973,#974));
#2806=EDGE_LOOP('',(#975,#976,#977,#978));
#2807=EDGE_LOOP('',(#979,#980,#981,#982));
#2808=EDGE_LOOP('',(#983,#984,#985,#986));
#2809=EDGE_LOOP('',(#987,#988,#989,#990,#991,#992));
#2810=EDGE_LOOP('',(#993));
#2811=EDGE_LOOP('',(#994));
#2812=EDGE_LOOP('',(#995));
#2813=EDGE_LOOP('',(#996));
#2814=EDGE_LOOP('',(#997));
#2815=EDGE_LOOP('',(#998));
#2816=EDGE_LOOP('',(#999));
#2817=EDGE_LOOP('',(#1000));
#2818=EDGE_LOOP('',(#1001));
#2819=EDGE_LOOP('',(#1002));
#2820=EDGE_LOOP('',(#1003));
#2821=EDGE_LOOP('',(#1004));
#2822=EDGE_LOOP('',(#1005));
#2823=EDGE_LOOP('',(#1006));
#2824=EDGE_LOOP('',(#1007,#1008,#1009,#1010));
#2825=EDGE_LOOP('',(#1011,#1012,#1013,#1014));
#2826=EDGE_LOOP('',(#1015,#1016,#1017,#1018));
#2827=EDGE_LOOP('',(#1019,#1020,#1021,#1022));
#2828=EDGE_LOOP('',(#1023,#1024,#1025,#1026));
#2829=EDGE_LOOP('',(#1027));
#2830=EDGE_LOOP('',(#1028));
#2831=EDGE_LOOP('',(#1029));
#2832=EDGE_LOOP('',(#1030));
#2833=EDGE_LOOP('',(#1031));
#2834=EDGE_LOOP('',(#1032));
#2835=EDGE_LOOP('',(#1033));
#2836=EDGE_LOOP('',(#1034));
#2837=EDGE_LOOP('',(#1035));
#2838=EDGE_LOOP('',(#1036));
#2839=EDGE_LOOP('',(#1037,#1038,#1039,#1040,#1041,#1042,#1043,#1044,#1045,
#1046,#1047,#1048,#1049,#1050,#1051,#1052,#1053,#1054,#1055,#1056,#1057,
#1058,#1059,#1060));
#2840=EDGE_LOOP('',(#1061,#1062,#1063,#1064));
#2841=EDGE_LOOP('',(#1065,#1066,#1067,#1068));
#2842=EDGE_LOOP('',(#1069,#1070,#1071,#1072));
#2843=EDGE_LOOP('',(#1073,#1074,#1075,#1076));
#2844=EDGE_LOOP('',(#1077,#1078,#1079,#1080));
#2845=EDGE_LOOP('',(#1081,#1082,#1083,#1084));
#2846=EDGE_LOOP('',(#1085,#1086,#1087,#1088));
#2847=EDGE_LOOP('',(#1089,#1090,#1091,#1092));
#2848=EDGE_LOOP('',(#1093,#1094,#1095,#1096));
#2849=EDGE_LOOP('',(#1097,#1098,#1099,#1100));
#2850=EDGE_LOOP('',(#1101,#1102,#1103,#1104));
#2851=EDGE_LOOP('',(#1105,#1106,#1107,#1108));
#2852=EDGE_LOOP('',(#1109,#1110,#1111,#1112));
#2853=EDGE_LOOP('',(#1113,#1114,#1115,#1116));
#2854=EDGE_LOOP('',(#1117,#1118,#1119,#1120));
#2855=EDGE_LOOP('',(#1121,#1122,#1123,#1124));
#2856=EDGE_LOOP('',(#1125,#1126,#1127,#1128));
#2857=EDGE_LOOP('',(#1129,#1130,#1131,#1132));
#2858=EDGE_LOOP('',(#1133,#1134,#1135,#1136));
#2859=EDGE_LOOP('',(#1137,#1138,#1139,#1140));
#2860=EDGE_LOOP('',(#1141,#1142,#1143,#1144));
#2861=EDGE_LOOP('',(#1145,#1146,#1147,#1148));
#2862=EDGE_LOOP('',(#1149,#1150,#1151,#1152));
#2863=EDGE_LOOP('',(#1153,#1154,#1155,#1156));
#2864=EDGE_LOOP('',(#1157,#1158,#1159,#1160));
#2865=EDGE_LOOP('',(#1161,#1162,#1163,#1164));
#2866=EDGE_LOOP('',(#1165,#1166,#1167,#1168));
#2867=EDGE_LOOP('',(#1169,#1170,#1171,#1172));
#2868=EDGE_LOOP('',(#1173,#1174,#1175,#1176));
#2869=EDGE_LOOP('',(#1177,#1178,#1179,#1180));
#2870=EDGE_LOOP('',(#1181,#1182,#1183,#1184));
#2871=EDGE_LOOP('',(#1185,#1186,#1187,#1188));
#2872=EDGE_LOOP('',(#1189,#1190,#1191,#1192));
#2873=EDGE_LOOP('',(#1193,#1194,#1195,#1196));
#2874=EDGE_LOOP('',(#1197,#1198,#1199,#1200));
#2875=EDGE_LOOP('',(#1201,#1202,#1203,#1204));
#2876=EDGE_LOOP('',(#1205,#1206,#1207,#1208));
#2877=EDGE_LOOP('',(#1209,#1210,#1211,#1212));
#2878=EDGE_LOOP('',(#1213,#1214,#1215,#1216));
#2879=EDGE_LOOP('',(#1217,#1218,#1219,#1220));
#2880=EDGE_LOOP('',(#1221,#1222,#1223,#1224));
#2881=EDGE_LOOP('',(#1225,#1226,#1227,#1228));
#2882=EDGE_LOOP('',(#1229,#1230,#1231,#1232));
#2883=EDGE_LOOP('',(#1233,#1234,#1235,#1236));
#2884=EDGE_LOOP('',(#1237,#1238,#1239,#1240));
#2885=EDGE_LOOP('',(#1241,#1242,#1243,#1244));
#2886=EDGE_LOOP('',(#1245,#1246,#1247,#1248));
#2887=EDGE_LOOP('',(#1249,#1250,#1251,#1252));
#2888=EDGE_LOOP('',(#1253,#1254,#1255,#1256));
#2889=EDGE_LOOP('',(#1257,#1258,#1259,#1260,#1261,#1262));
#2890=EDGE_LOOP('',(#1263,#1264,#1265,#1266));
#2891=EDGE_LOOP('',(#1267,#1268,#1269,#1270,#1271,#1272));
#2892=EDGE_LOOP('',(#1273,#1274,#1275,#1276));
#2893=EDGE_LOOP('',(#1277,#1278,#1279,#1280));
#2894=EDGE_LOOP('',(#1281,#1282,#1283,#1284));
#2895=EDGE_LOOP('',(#1285,#1286,#1287,#1288));
#2896=EDGE_LOOP('',(#1289,#1290,#1291,#1292));
#2897=EDGE_LOOP('',(#1293,#1294,#1295,#1296,#1297,#1298));
#2898=EDGE_LOOP('',(#1299,#1300,#1301,#1302));
#2899=EDGE_LOOP('',(#1303,#1304,#1305,#1306,#1307,#1308));
#2900=EDGE_LOOP('',(#1309,#1310,#1311,#1312));
#2901=EDGE_LOOP('',(#1313,#1314,#1315,#1316));
#2902=EDGE_LOOP('',(#1317,#1318,#1319,#1320));
#2903=EDGE_LOOP('',(#1321,#1322,#1323,#1324));
#2904=EDGE_LOOP('',(#1325,#1326,#1327,#1328));
#2905=EDGE_LOOP('',(#1329,#1330,#1331,#1332));
#2906=EDGE_LOOP('',(#1333,#1334,#1335,#1336));
#2907=EDGE_LOOP('',(#1337));
#2908=EDGE_LOOP('',(#1338));
#2909=EDGE_LOOP('',(#1339,#1340,#1341,#1342));
#2910=EDGE_LOOP('',(#1343,#1344,#1345,#1346));
#2911=EDGE_LOOP('',(#1347,#1348,#1349,#1350));
#2912=EDGE_LOOP('',(#1351,#1352,#1353,#1354));
#2913=EDGE_LOOP('',(#1355));
#2914=EDGE_LOOP('',(#1356));
#2915=EDGE_LOOP('',(#1357,#1358,#1359,#1360));
#2916=EDGE_LOOP('',(#1361,#1362,#1363,#1364));
#2917=EDGE_LOOP('',(#1365,#1366,#1367,#1368));
#2918=EDGE_LOOP('',(#1369,#1370,#1371,#1372));
#2919=EDGE_LOOP('',(#1373));
#2920=EDGE_LOOP('',(#1374));
#2921=EDGE_LOOP('',(#1375,#1376,#1377,#1378));
#2922=EDGE_LOOP('',(#1379,#1380,#1381,#1382));
#2923=EDGE_LOOP('',(#1383,#1384,#1385,#1386));
#2924=EDGE_LOOP('',(#1387,#1388,#1389,#1390));
#2925=EDGE_LOOP('',(#1391,#1392,#1393,#1394));
#2926=EDGE_LOOP('',(#1395));
#2927=EDGE_LOOP('',(#1396));
#2928=EDGE_LOOP('',(#1397));
#2929=EDGE_LOOP('',(#1398));
#2930=EDGE_LOOP('',(#1399));
#2931=EDGE_LOOP('',(#1400));
#2932=EDGE_LOOP('',(#1401));
#2933=EDGE_LOOP('',(#1402));
#2934=EDGE_LOOP('',(#1403,#1404,#1405,#1406,#1407,#1408,#1409,#1410,#1411,
#1412,#1413,#1414,#1415,#1416,#1417,#1418));
#2935=EDGE_LOOP('',(#1419,#1420,#1421,#1422));
#2936=EDGE_LOOP('',(#1423,#1424,#1425,#1426));
#2937=EDGE_LOOP('',(#1427,#1428,#1429,#1430));
#2938=EDGE_LOOP('',(#1431,#1432,#1433,#1434));
#2939=EDGE_LOOP('',(#1435));
#2940=EDGE_LOOP('',(#1436,#1437,#1438,#1439));
#2941=EDGE_LOOP('',(#1440,#1441,#1442,#1443));
#2942=EDGE_LOOP('',(#1444,#1445,#1446,#1447));
#2943=EDGE_LOOP('',(#1448,#1449,#1450,#1451));
#2944=EDGE_LOOP('',(#1452));
#2945=EDGE_LOOP('',(#1453,#1454,#1455,#1456));
#2946=EDGE_LOOP('',(#1457,#1458,#1459,#1460));
#2947=EDGE_LOOP('',(#1461,#1462,#1463,#1464));
#2948=EDGE_LOOP('',(#1465,#1466,#1467,#1468));
#2949=EDGE_LOOP('',(#1469));
#2950=EDGE_LOOP('',(#1470,#1471,#1472,#1473));
#2951=EDGE_LOOP('',(#1474,#1475,#1476,#1477));
#2952=EDGE_LOOP('',(#1478,#1479,#1480,#1481));
#2953=EDGE_LOOP('',(#1482,#1483,#1484,#1485));
#2954=EDGE_LOOP('',(#1486));
#2955=EDGE_LOOP('',(#1487,#1488,#1489,#1490));
#2956=EDGE_LOOP('',(#1491,#1492,#1493,#1494));
#2957=EDGE_LOOP('',(#1495));
#2958=EDGE_LOOP('',(#1496,#1497,#1498,#1499));
#2959=EDGE_LOOP('',(#1500,#1501,#1502,#1503));
#2960=EDGE_LOOP('',(#1504,#1505,#1506,#1507));
#2961=EDGE_LOOP('',(#1508,#1509,#1510,#1511));
#2962=EDGE_LOOP('',(#1512));
#2963=EDGE_LOOP('',(#1513,#1514,#1515,#1516));
#2964=EDGE_LOOP('',(#1517,#1518,#1519,#1520));
#2965=EDGE_LOOP('',(#1521,#1522,#1523,#1524));
#2966=EDGE_LOOP('',(#1525));
#2967=EDGE_LOOP('',(#1526,#1527,#1528,#1529));
#2968=EDGE_LOOP('',(#1530,#1531,#1532,#1533));
#2969=EDGE_LOOP('',(#1534,#1535,#1536,#1537));
#2970=EDGE_LOOP('',(#1538,#1539,#1540,#1541));
#2971=EDGE_LOOP('',(#1542));
#2972=EDGE_LOOP('',(#1543,#1544,#1545,#1546));
#2973=EDGE_LOOP('',(#1547,#1548,#1549,#1550));
#2974=EDGE_LOOP('',(#1551,#1552,#1553,#1554));
#2975=EDGE_LOOP('',(#1555));
#2976=EDGE_LOOP('',(#1556));
#2977=EDGE_LOOP('',(#1557));
#2978=EDGE_LOOP('',(#1558));
#2979=EDGE_LOOP('',(#1559));
#2980=EDGE_LOOP('',(#1560));
#2981=EDGE_LOOP('',(#1561));
#2982=EDGE_LOOP('',(#1562));
#2983=EDGE_LOOP('',(#1563));
#2984=EDGE_LOOP('',(#1564,#1565,#1566,#1567));
#2985=EDGE_LOOP('',(#1568,#1569,#1570,#1571));
#2986=EDGE_LOOP('',(#1572,#1573,#1574,#1575));
#2987=EDGE_LOOP('',(#1576));
#2988=EDGE_LOOP('',(#1577,#1578,#1579,#1580));
#2989=EDGE_LOOP('',(#1581));
#2990=EDGE_LOOP('',(#1582,#1583,#1584,#1585));
#2991=EDGE_LOOP('',(#1586,#1587,#1588,#1589));
#2992=EDGE_LOOP('',(#1590,#1591,#1592,#1593));
#2993=EDGE_LOOP('',(#1594,#1595,#1596,#1597));
#2994=EDGE_LOOP('',(#1598));
#2995=EDGE_LOOP('',(#1599,#1600,#1601,#1602));
#2996=EDGE_LOOP('',(#1603,#1604,#1605,#1606));
#2997=EDGE_LOOP('',(#1607));
#2998=EDGE_LOOP('',(#1608,#1609,#1610,#1611));
#2999=EDGE_LOOP('',(#1612,#1613,#1614,#1615));
#3000=EDGE_LOOP('',(#1616));
#3001=EDGE_LOOP('',(#1617,#1618,#1619,#1620));
#3002=EDGE_LOOP('',(#1621,#1622,#1623,#1624));
#3003=EDGE_LOOP('',(#1625));
#3004=EDGE_LOOP('',(#1626,#1627,#1628,#1629));
#3005=EDGE_LOOP('',(#1630,#1631,#1632,#1633));
#3006=EDGE_LOOP('',(#1634));
#3007=EDGE_LOOP('',(#1635));
#3008=EDGE_LOOP('',(#1636));
#3009=EDGE_LOOP('',(#1637));
#3010=EDGE_LOOP('',(#1638));
#3011=EDGE_LOOP('',(#1639));
#3012=EDGE_LOOP('',(#1640));
#3013=EDGE_LOOP('',(#1641));
#3014=EDGE_LOOP('',(#1642));
#3015=EDGE_LOOP('',(#1643));
#3016=EDGE_LOOP('',(#1644));
#3017=EDGE_LOOP('',(#1645));
#3018=EDGE_LOOP('',(#1646));
#3019=EDGE_LOOP('',(#1647));
#3020=EDGE_LOOP('',(#1648));
#3021=EDGE_LOOP('',(#1649));
#3022=EDGE_LOOP('',(#1650));
#3023=EDGE_LOOP('',(#1651));
#3024=EDGE_LOOP('',(#1652));
#3025=EDGE_LOOP('',(#1653));
#3026=EDGE_LOOP('',(#1654));
#3027=EDGE_LOOP('',(#1655));
#3028=EDGE_LOOP('',(#1656));
#3029=EDGE_LOOP('',(#1657));
#3030=EDGE_LOOP('',(#1658));
#3031=EDGE_LOOP('',(#1659));
#3032=EDGE_LOOP('',(#1660));
#3033=EDGE_LOOP('',(#1661));
#3034=EDGE_LOOP('',(#1662));
#3035=EDGE_LOOP('',(#1663));
#3036=EDGE_LOOP('',(#1664));
#3037=EDGE_LOOP('',(#1665));
#3038=EDGE_LOOP('',(#1666));
#3039=EDGE_LOOP('',(#1667));
#3040=EDGE_LOOP('',(#1668));
#3041=EDGE_LOOP('',(#1669));
#3042=EDGE_LOOP('',(#1670));
#3043=EDGE_LOOP('',(#1671));
#3044=EDGE_LOOP('',(#1672));
#3045=EDGE_LOOP('',(#1673));
#3046=EDGE_LOOP('',(#1674));
#3047=EDGE_LOOP('',(#1675));
#3048=EDGE_LOOP('',(#1676));
#3049=EDGE_LOOP('',(#1677));
#3050=EDGE_LOOP('',(#1678));
#3051=EDGE_LOOP('',(#1679));
#3052=EDGE_LOOP('',(#1680));
#3053=EDGE_LOOP('',(#1681));
#3054=EDGE_LOOP('',(#1682));
#3055=EDGE_LOOP('',(#1683));
#3056=EDGE_LOOP('',(#1684));
#3057=EDGE_LOOP('',(#1685));
#3058=EDGE_LOOP('',(#1686));
#3059=EDGE_LOOP('',(#1687));
#3060=EDGE_LOOP('',(#1688));
#3061=EDGE_LOOP('',(#1689));
#3062=EDGE_LOOP('',(#1690));
#3063=EDGE_LOOP('',(#1691));
#3064=EDGE_LOOP('',(#1692));
#3065=EDGE_LOOP('',(#1693));
#3066=EDGE_LOOP('',(#1694));
#3067=EDGE_LOOP('',(#1695));
#3068=EDGE_LOOP('',(#1696));
#3069=EDGE_LOOP('',(#1697));
#3070=EDGE_LOOP('',(#1698));
#3071=EDGE_LOOP('',(#1699));
#3072=EDGE_LOOP('',(#1700));
#3073=EDGE_LOOP('',(#1701));
#3074=EDGE_LOOP('',(#1702));
#3075=EDGE_LOOP('',(#1703));
#3076=EDGE_LOOP('',(#1704));
#3077=EDGE_LOOP('',(#1705));
#3078=EDGE_LOOP('',(#1706));
#3079=FACE_BOUND('',#2729,.T.);
#3080=FACE_BOUND('',#2730,.T.);
#3081=FACE_BOUND('',#2731,.T.);
#3082=FACE_BOUND('',#2732,.T.);
#3083=FACE_BOUND('',#2733,.T.);
#3084=FACE_BOUND('',#2734,.T.);
#3085=FACE_BOUND('',#2735,.T.);
#3086=FACE_BOUND('',#2736,.T.);
#3087=FACE_BOUND('',#2737,.T.);
#3088=FACE_BOUND('',#2738,.T.);
#3089=FACE_BOUND('',#2739,.T.);
#3090=FACE_BOUND('',#2740,.T.);
#3091=FACE_BOUND('',#2741,.T.);
#3092=FACE_BOUND('',#2742,.T.);
#3093=FACE_BOUND('',#2743,.T.);
#3094=FACE_BOUND('',#2744,.T.);
#3095=FACE_BOUND('',#2745,.T.);
#3096=FACE_BOUND('',#2746,.T.);
#3097=FACE_BOUND('',#2747,.T.);
#3098=FACE_BOUND('',#2748,.T.);
#3099=FACE_BOUND('',#2749,.T.);
#3100=FACE_BOUND('',#2750,.T.);
#3101=FACE_BOUND('',#2751,.T.);
#3102=FACE_BOUND('',#2752,.T.);
#3103=FACE_BOUND('',#2753,.T.);
#3104=FACE_BOUND('',#2754,.T.);
#3105=FACE_BOUND('',#2755,.T.);
#3106=FACE_BOUND('',#2756,.T.);
#3107=FACE_BOUND('',#2757,.T.);
#3108=FACE_BOUND('',#2758,.T.);
#3109=FACE_BOUND('',#2759,.T.);
#3110=FACE_BOUND('',#2760,.T.);
#3111=FACE_BOUND('',#2761,.T.);
#3112=FACE_BOUND('',#2762,.T.);
#3113=FACE_BOUND('',#2763,.T.);
#3114=FACE_BOUND('',#2764,.T.);
#3115=FACE_BOUND('',#2765,.T.);
#3116=FACE_BOUND('',#2766,.T.);
#3117=FACE_BOUND('',#2767,.T.);
#3118=FACE_BOUND('',#2768,.T.);
#3119=FACE_BOUND('',#2769,.T.);
#3120=FACE_BOUND('',#2770,.T.);
#3121=FACE_BOUND('',#2771,.T.);
#3122=FACE_BOUND('',#2772,.T.);
#3123=FACE_BOUND('',#2773,.T.);
#3124=FACE_BOUND('',#2774,.T.);
#3125=FACE_BOUND('',#2775,.T.);
#3126=FACE_BOUND('',#2776,.T.);
#3127=FACE_BOUND('',#2777,.T.);
#3128=FACE_BOUND('',#2778,.T.);
#3129=FACE_BOUND('',#2779,.T.);
#3130=FACE_BOUND('',#2780,.T.);
#3131=FACE_BOUND('',#2781,.T.);
#3132=FACE_BOUND('',#2782,.T.);
#3133=FACE_BOUND('',#2783,.T.);
#3134=FACE_BOUND('',#2784,.T.);
#3135=FACE_BOUND('',#2785,.T.);
#3136=FACE_BOUND('',#2786,.T.);
#3137=FACE_BOUND('',#2787,.T.);
#3138=FACE_BOUND('',#2788,.T.);
#3139=FACE_BOUND('',#2789,.T.);
#3140=FACE_BOUND('',#2790,.T.);
#3141=FACE_BOUND('',#2791,.T.);
#3142=FACE_BOUND('',#2792,.T.);
#3143=FACE_BOUND('',#2793,.T.);
#3144=FACE_BOUND('',#2794,.T.);
#3145=FACE_BOUND('',#2795,.T.);
#3146=FACE_BOUND('',#2796,.T.);
#3147=FACE_BOUND('',#2797,.T.);
#3148=FACE_BOUND('',#2798,.T.);
#3149=FACE_BOUND('',#2799,.T.);
#3150=FACE_BOUND('',#2800,.T.);
#3151=FACE_BOUND('',#2801,.T.);
#3152=FACE_BOUND('',#2802,.T.);
#3153=FACE_BOUND('',#2803,.T.);
#3154=FACE_BOUND('',#2804,.T.);
#3155=FACE_BOUND('',#2805,.T.);
#3156=FACE_BOUND('',#2806,.T.);
#3157=FACE_BOUND('',#2807,.T.);
#3158=FACE_BOUND('',#2808,.T.);
#3159=FACE_BOUND('',#2809,.T.);
#3160=FACE_BOUND('',#2810,.T.);
#3161=FACE_BOUND('',#2811,.T.);
#3162=FACE_BOUND('',#2812,.T.);
#3163=FACE_BOUND('',#2813,.T.);
#3164=FACE_BOUND('',#2814,.T.);
#3165=FACE_BOUND('',#2815,.T.);
#3166=FACE_BOUND('',#2816,.T.);
#3167=FACE_BOUND('',#2817,.T.);
#3168=FACE_BOUND('',#2818,.T.);
#3169=FACE_BOUND('',#2819,.T.);
#3170=FACE_BOUND('',#2820,.T.);
#3171=FACE_BOUND('',#2821,.T.);
#3172=FACE_BOUND('',#2822,.T.);
#3173=FACE_BOUND('',#2823,.T.);
#3174=FACE_BOUND('',#2824,.T.);
#3175=FACE_BOUND('',#2825,.T.);
#3176=FACE_BOUND('',#2826,.T.);
#3177=FACE_BOUND('',#2827,.T.);
#3178=FACE_BOUND('',#2828,.T.);
#3179=FACE_BOUND('',#2829,.T.);
#3180=FACE_BOUND('',#2830,.T.);
#3181=FACE_BOUND('',#2831,.T.);
#3182=FACE_BOUND('',#2832,.T.);
#3183=FACE_BOUND('',#2833,.T.);
#3184=FACE_BOUND('',#2834,.T.);
#3185=FACE_BOUND('',#2835,.T.);
#3186=FACE_BOUND('',#2836,.T.);
#3187=FACE_BOUND('',#2837,.T.);
#3188=FACE_BOUND('',#2838,.T.);
#3189=FACE_BOUND('',#2839,.T.);
#3190=FACE_BOUND('',#2840,.T.);
#3191=FACE_BOUND('',#2841,.T.);
#3192=FACE_BOUND('',#2842,.T.);
#3193=FACE_BOUND('',#2843,.T.);
#3194=FACE_BOUND('',#2844,.T.);
#3195=FACE_BOUND('',#2845,.T.);
#3196=FACE_BOUND('',#2846,.T.);
#3197=FACE_BOUND('',#2847,.T.);
#3198=FACE_BOUND('',#2848,.T.);
#3199=FACE_BOUND('',#2849,.T.);
#3200=FACE_BOUND('',#2850,.T.);
#3201=FACE_BOUND('',#2851,.T.);
#3202=FACE_BOUND('',#2852,.T.);
#3203=FACE_BOUND('',#2853,.T.);
#3204=FACE_BOUND('',#2854,.T.);
#3205=FACE_BOUND('',#2855,.T.);
#3206=FACE_BOUND('',#2856,.T.);
#3207=FACE_BOUND('',#2857,.T.);
#3208=FACE_BOUND('',#2858,.T.);
#3209=FACE_BOUND('',#2859,.T.);
#3210=FACE_BOUND('',#2860,.T.);
#3211=FACE_BOUND('',#2861,.T.);
#3212=FACE_BOUND('',#2862,.T.);
#3213=FACE_BOUND('',#2863,.T.);
#3214=FACE_BOUND('',#2864,.T.);
#3215=FACE_BOUND('',#2865,.T.);
#3216=FACE_BOUND('',#2866,.T.);
#3217=FACE_BOUND('',#2867,.T.);
#3218=FACE_BOUND('',#2868,.T.);
#3219=FACE_BOUND('',#2869,.T.);
#3220=FACE_BOUND('',#2870,.T.);
#3221=FACE_BOUND('',#2871,.T.);
#3222=FACE_BOUND('',#2872,.T.);
#3223=FACE_BOUND('',#2873,.T.);
#3224=FACE_BOUND('',#2874,.T.);
#3225=FACE_BOUND('',#2875,.T.);
#3226=FACE_BOUND('',#2876,.T.);
#3227=FACE_BOUND('',#2877,.T.);
#3228=FACE_BOUND('',#2878,.T.);
#3229=FACE_BOUND('',#2879,.T.);
#3230=FACE_BOUND('',#2880,.T.);
#3231=FACE_BOUND('',#2881,.T.);
#3232=FACE_BOUND('',#2882,.T.);
#3233=FACE_BOUND('',#2883,.T.);
#3234=FACE_BOUND('',#2884,.T.);
#3235=FACE_BOUND('',#2885,.T.);
#3236=FACE_BOUND('',#2886,.T.);
#3237=FACE_BOUND('',#2887,.T.);
#3238=FACE_BOUND('',#2888,.T.);
#3239=FACE_BOUND('',#2889,.T.);
#3240=FACE_BOUND('',#2890,.T.);
#3241=FACE_BOUND('',#2891,.T.);
#3242=FACE_BOUND('',#2892,.T.);
#3243=FACE_BOUND('',#2893,.T.);
#3244=FACE_BOUND('',#2894,.T.);
#3245=FACE_BOUND('',#2895,.T.);
#3246=FACE_BOUND('',#2896,.T.);
#3247=FACE_BOUND('',#2897,.T.);
#3248=FACE_BOUND('',#2898,.T.);
#3249=FACE_BOUND('',#2899,.T.);
#3250=FACE_BOUND('',#2900,.T.);
#3251=FACE_BOUND('',#2901,.T.);
#3252=FACE_BOUND('',#2902,.T.);
#3253=FACE_BOUND('',#2903,.T.);
#3254=FACE_BOUND('',#2904,.T.);
#3255=FACE_BOUND('',#2905,.T.);
#3256=FACE_BOUND('',#2906,.T.);
#3257=FACE_BOUND('',#2907,.T.);
#3258=FACE_BOUND('',#2908,.T.);
#3259=FACE_BOUND('',#2909,.T.);
#3260=FACE_BOUND('',#2910,.T.);
#3261=FACE_BOUND('',#2911,.T.);
#3262=FACE_BOUND('',#2912,.T.);
#3263=FACE_BOUND('',#2913,.T.);
#3264=FACE_BOUND('',#2914,.T.);
#3265=FACE_BOUND('',#2915,.T.);
#3266=FACE_BOUND('',#2916,.T.);
#3267=FACE_BOUND('',#2917,.T.);
#3268=FACE_BOUND('',#2918,.T.);
#3269=FACE_BOUND('',#2919,.T.);
#3270=FACE_BOUND('',#2920,.T.);
#3271=FACE_BOUND('',#2921,.T.);
#3272=FACE_BOUND('',#2922,.T.);
#3273=FACE_BOUND('',#2923,.T.);
#3274=FACE_BOUND('',#2924,.T.);
#3275=FACE_BOUND('',#2925,.T.);
#3276=FACE_BOUND('',#2926,.T.);
#3277=FACE_BOUND('',#2927,.T.);
#3278=FACE_BOUND('',#2928,.T.);
#3279=FACE_BOUND('',#2929,.T.);
#3280=FACE_BOUND('',#2930,.T.);
#3281=FACE_BOUND('',#2931,.T.);
#3282=FACE_BOUND('',#2932,.T.);
#3283=FACE_BOUND('',#2933,.T.);
#3284=FACE_BOUND('',#2934,.T.);
#3285=FACE_BOUND('',#2935,.T.);
#3286=FACE_BOUND('',#2936,.T.);
#3287=FACE_BOUND('',#2937,.T.);
#3288=FACE_BOUND('',#2938,.T.);
#3289=FACE_BOUND('',#2939,.T.);
#3290=FACE_BOUND('',#2940,.T.);
#3291=FACE_BOUND('',#2941,.T.);
#3292=FACE_BOUND('',#2942,.T.);
#3293=FACE_BOUND('',#2943,.T.);
#3294=FACE_BOUND('',#2944,.T.);
#3295=FACE_BOUND('',#2945,.T.);
#3296=FACE_BOUND('',#2946,.T.);
#3297=FACE_BOUND('',#2947,.T.);
#3298=FACE_BOUND('',#2948,.T.);
#3299=FACE_BOUND('',#2949,.T.);
#3300=FACE_BOUND('',#2950,.T.);
#3301=FACE_BOUND('',#2951,.T.);
#3302=FACE_BOUND('',#2952,.T.);
#3303=FACE_BOUND('',#2953,.T.);
#3304=FACE_BOUND('',#2954,.T.);
#3305=FACE_BOUND('',#2955,.T.);
#3306=FACE_BOUND('',#2956,.T.);
#3307=FACE_BOUND('',#2957,.T.);
#3308=FACE_BOUND('',#2958,.T.);
#3309=FACE_BOUND('',#2959,.T.);
#3310=FACE_BOUND('',#2960,.T.);
#3311=FACE_BOUND('',#2961,.T.);
#3312=FACE_BOUND('',#2962,.T.);
#3313=FACE_BOUND('',#2963,.T.);
#3314=FACE_BOUND('',#2964,.T.);
#3315=FACE_BOUND('',#2965,.T.);
#3316=FACE_BOUND('',#2966,.T.);
#3317=FACE_BOUND('',#2967,.T.);
#3318=FACE_BOUND('',#2968,.T.);
#3319=FACE_BOUND('',#2969,.T.);
#3320=FACE_BOUND('',#2970,.T.);
#3321=FACE_BOUND('',#2971,.T.);
#3322=FACE_BOUND('',#2972,.T.);
#3323=FACE_BOUND('',#2973,.T.);
#3324=FACE_BOUND('',#2974,.T.);
#3325=FACE_BOUND('',#2975,.T.);
#3326=FACE_BOUND('',#2976,.T.);
#3327=FACE_BOUND('',#2977,.T.);
#3328=FACE_BOUND('',#2978,.T.);
#3329=FACE_BOUND('',#2979,.T.);
#3330=FACE_BOUND('',#2980,.T.);
#3331=FACE_BOUND('',#2981,.T.);
#3332=FACE_BOUND('',#2982,.T.);
#3333=FACE_BOUND('',#2983,.T.);
#3334=FACE_BOUND('',#2984,.T.);
#3335=FACE_BOUND('',#2985,.T.);
#3336=FACE_BOUND('',#2986,.T.);
#3337=FACE_BOUND('',#2987,.T.);
#3338=FACE_BOUND('',#2988,.T.);
#3339=FACE_BOUND('',#2989,.T.);
#3340=FACE_BOUND('',#2990,.T.);
#3341=FACE_BOUND('',#2991,.T.);
#3342=FACE_BOUND('',#2992,.T.);
#3343=FACE_BOUND('',#2993,.T.);
#3344=FACE_BOUND('',#2994,.T.);
#3345=FACE_BOUND('',#2995,.T.);
#3346=FACE_BOUND('',#2996,.T.);
#3347=FACE_BOUND('',#2997,.T.);
#3348=FACE_BOUND('',#2998,.T.);
#3349=FACE_BOUND('',#2999,.T.);
#3350=FACE_BOUND('',#3000,.T.);
#3351=FACE_BOUND('',#3001,.T.);
#3352=FACE_BOUND('',#3002,.T.);
#3353=FACE_BOUND('',#3003,.T.);
#3354=FACE_BOUND('',#3004,.T.);
#3355=FACE_BOUND('',#3005,.T.);
#3356=FACE_BOUND('',#3006,.T.);
#3357=FACE_BOUND('',#3007,.T.);
#3358=FACE_BOUND('',#3008,.T.);
#3359=FACE_BOUND('',#3009,.T.);
#3360=FACE_BOUND('',#3010,.T.);
#3361=FACE_BOUND('',#3011,.T.);
#3362=FACE_BOUND('',#3012,.T.);
#3363=FACE_BOUND('',#3013,.T.);
#3364=FACE_BOUND('',#3014,.T.);
#3365=FACE_BOUND('',#3015,.T.);
#3366=FACE_BOUND('',#3016,.T.);
#3367=FACE_BOUND('',#3017,.T.);
#3368=FACE_BOUND('',#3018,.T.);
#3369=FACE_BOUND('',#3019,.T.);
#3370=FACE_BOUND('',#3020,.T.);
#3371=FACE_BOUND('',#3021,.T.);
#3372=FACE_BOUND('',#3022,.T.);
#3373=FACE_BOUND('',#3023,.T.);
#3374=FACE_BOUND('',#3024,.T.);
#3375=FACE_BOUND('',#3025,.T.);
#3376=FACE_BOUND('',#3026,.T.);
#3377=FACE_BOUND('',#3027,.T.);
#3378=FACE_BOUND('',#3028,.T.);
#3379=FACE_BOUND('',#3029,.T.);
#3380=FACE_BOUND('',#3030,.T.);
#3381=FACE_BOUND('',#3031,.T.);
#3382=FACE_BOUND('',#3032,.T.);
#3383=FACE_BOUND('',#3033,.T.);
#3384=FACE_BOUND('',#3034,.T.);
#3385=FACE_BOUND('',#3035,.T.);
#3386=FACE_BOUND('',#3036,.T.);
#3387=FACE_BOUND('',#3037,.T.);
#3388=FACE_BOUND('',#3038,.T.);
#3389=FACE_BOUND('',#3039,.T.);
#3390=FACE_BOUND('',#3040,.T.);
#3391=FACE_BOUND('',#3041,.T.);
#3392=FACE_BOUND('',#3042,.T.);
#3393=FACE_BOUND('',#3043,.T.);
#3394=FACE_BOUND('',#3044,.T.);
#3395=FACE_BOUND('',#3045,.T.);
#3396=FACE_BOUND('',#3046,.T.);
#3397=FACE_BOUND('',#3047,.T.);
#3398=FACE_BOUND('',#3048,.T.);
#3399=FACE_BOUND('',#3049,.T.);
#3400=FACE_BOUND('',#3050,.T.);
#3401=FACE_BOUND('',#3051,.T.);
#3402=FACE_BOUND('',#3052,.T.);
#3403=FACE_BOUND('',#3053,.T.);
#3404=FACE_BOUND('',#3054,.T.);
#3405=FACE_BOUND('',#3055,.T.);
#3406=FACE_BOUND('',#3056,.T.);
#3407=FACE_BOUND('',#3057,.T.);
#3408=FACE_BOUND('',#3058,.T.);
#3409=FACE_BOUND('',#3059,.T.);
#3410=FACE_BOUND('',#3060,.T.);
#3411=FACE_BOUND('',#3061,.T.);
#3412=FACE_BOUND('',#3062,.T.);
#3413=FACE_BOUND('',#3063,.T.);
#3414=FACE_BOUND('',#3064,.T.);
#3415=FACE_BOUND('',#3065,.T.);
#3416=FACE_BOUND('',#3066,.T.);
#3417=FACE_BOUND('',#3067,.T.);
#3418=FACE_BOUND('',#3068,.T.);
#3419=FACE_BOUND('',#3069,.T.);
#3420=FACE_BOUND('',#3070,.T.);
#3421=FACE_BOUND('',#3071,.T.);
#3422=FACE_BOUND('',#3072,.T.);
#3423=FACE_BOUND('',#3073,.T.);
#3424=FACE_BOUND('',#3074,.T.);
#3425=FACE_BOUND('',#3075,.T.);
#3426=FACE_BOUND('',#3076,.T.);
#3427=FACE_BOUND('',#3077,.T.);
#3428=FACE_BOUND('',#3078,.T.);
#3429=CYLINDRICAL_SURFACE('',#3832,0.00115);
#3430=CYLINDRICAL_SURFACE('',#3835,0.0026);
#3431=CYLINDRICAL_SURFACE('',#3860,0.0100004863831639);
#3432=CYLINDRICAL_SURFACE('',#3862,0.0670000000000014);
#3433=CYLINDRICAL_SURFACE('',#3864,0.03);
#3434=CYLINDRICAL_SURFACE('',#3867,0.03);
#3435=CYLINDRICAL_SURFACE('',#3869,0.067);
#3436=CYLINDRICAL_SURFACE('',#3871,0.0100004863831639);
#3437=CYLINDRICAL_SURFACE('',#3873,0.067);
#3438=CYLINDRICAL_SURFACE('',#3875,0.0299999999999996);
#3439=CYLINDRICAL_SURFACE('',#3878,0.0299999999999996);
#3440=CYLINDRICAL_SURFACE('',#3880,0.00115);
#3441=CYLINDRICAL_SURFACE('',#3882,0.00115);
#3442=CYLINDRICAL_SURFACE('',#3884,0.00115);
#3443=CYLINDRICAL_SURFACE('',#3886,0.00115);
#3444=CYLINDRICAL_SURFACE('',#3888,0.00115);
#3445=CYLINDRICAL_SURFACE('',#3890,0.067);
#3446=CYLINDRICAL_SURFACE('',#3892,0.00115);
#3447=CYLINDRICAL_SURFACE('',#3923,0.0026);
#3448=CYLINDRICAL_SURFACE('',#3925,0.0016);
#3449=CYLINDRICAL_SURFACE('',#3930,0.0016);
#3450=CYLINDRICAL_SURFACE('',#3933,0.0026);
#3451=CYLINDRICAL_SURFACE('',#3963,0.00170000000000091);
#3452=CYLINDRICAL_SURFACE('',#3968,0.00170000000000176);
#3453=CYLINDRICAL_SURFACE('',#3973,0.00169999999999676);
#3454=CYLINDRICAL_SURFACE('',#3978,0.00169999999999722);
#3455=CYLINDRICAL_SURFACE('',#3983,0.0016999999999998);
#3456=CYLINDRICAL_SURFACE('',#3988,0.00169999999999991);
#3457=CYLINDRICAL_SURFACE('',#3993,0.00169999999999986);
#3458=CYLINDRICAL_SURFACE('',#3998,0.00170000000000014);
#3459=CYLINDRICAL_SURFACE('',#4003,0.0016999999999968);
#3460=CYLINDRICAL_SURFACE('',#4007,0.00169999999999784);
#3461=CYLINDRICAL_SURFACE('',#4011,0.0017);
#3462=CYLINDRICAL_SURFACE('',#4015,0.00169999999999677);
#3463=CYLINDRICAL_SURFACE('',#4020,0.00170000000000574);
#3464=CYLINDRICAL_SURFACE('',#4025,0.00170000000000757);
#3465=CYLINDRICAL_SURFACE('',#4030,0.0016999999999921);
#3466=CYLINDRICAL_SURFACE('',#4035,0.00169999999999526);
#3467=CYLINDRICAL_SURFACE('',#4040,0.00170000000000746);
#3468=CYLINDRICAL_SURFACE('',#4045,0.019);
#3469=CYLINDRICAL_SURFACE('',#4049,0.019);
#3470=CYLINDRICAL_SURFACE('',#4053,0.03);
#3471=CYLINDRICAL_SURFACE('',#4056,0.03);
#3472=CYLINDRICAL_SURFACE('',#4059,0.019);
#3473=CYLINDRICAL_SURFACE('',#4063,0.019);
#3474=CYLINDRICAL_SURFACE('',#4067,0.03);
#3475=CYLINDRICAL_SURFACE('',#4070,0.0017);
#3476=CYLINDRICAL_SURFACE('',#4073,0.0017);
#3477=CYLINDRICAL_SURFACE('',#4076,0.00169999999999956);
#3478=CYLINDRICAL_SURFACE('',#4079,0.0017);
#3479=CYLINDRICAL_SURFACE('',#4082,0.00375);
#3480=CYLINDRICAL_SURFACE('',#4085,0.0017);
#3481=CYLINDRICAL_SURFACE('',#4088,0.0017);
#3482=CYLINDRICAL_SURFACE('',#4091,0.00169999999999999);
#3483=CYLINDRICAL_SURFACE('',#4094,0.0017);
#3484=CYLINDRICAL_SURFACE('',#4097,0.00375);
#3485=CYLINDRICAL_SURFACE('',#4100,0.0017);
#3486=CYLINDRICAL_SURFACE('',#4104,0.0017);
#3487=CYLINDRICAL_SURFACE('',#4107,0.0017);
#3488=CYLINDRICAL_SURFACE('',#4110,0.00375);
#3489=CYLINDRICAL_SURFACE('',#4113,0.0017);
#3490=CYLINDRICAL_SURFACE('',#4116,0.00169999999999958);
#3491=CYLINDRICAL_SURFACE('',#4119,0.0017);
#3492=CYLINDRICAL_SURFACE('',#4122,0.0017);
#3493=CYLINDRICAL_SURFACE('',#4125,0.03);
#3494=CYLINDRICAL_SURFACE('',#4127,0.00375);
#3495=CYLINDRICAL_SURFACE('',#4138,0.01575);
#3496=CYLINDRICAL_SURFACE('',#4144,0.01575);
#3497=CYLINDRICAL_SURFACE('',#4149,0.01575);
#3498=CYLINDRICAL_SURFACE('',#4155,0.01575);
#3499=CYLINDRICAL_SURFACE('',#4161,0.0019);
#3500=CYLINDRICAL_SURFACE('',#4163,0.0019);
#3501=CYLINDRICAL_SURFACE('',#4165,0.0019);
#3502=CYLINDRICAL_SURFACE('',#4167,0.0019);
#3503=CYLINDRICAL_SURFACE('',#4173,0.00115);
#3504=CYLINDRICAL_SURFACE('',#4174,0.00115);
#3505=CYLINDRICAL_SURFACE('',#4175,0.00115);
#3506=CYLINDRICAL_SURFACE('',#4176,0.00115);
#3507=CYLINDRICAL_SURFACE('',#4177,0.00115);
#3508=CYLINDRICAL_SURFACE('',#4178,0.00115);
#3509=CYLINDRICAL_SURFACE('',#4183,0.001);
#3510=CYLINDRICAL_SURFACE('',#4190,0.001);
#3511=CYLINDRICAL_SURFACE('',#4195,0.001);
#3512=CYLINDRICAL_SURFACE('',#4198,0.001);
#3513=CYLINDRICAL_SURFACE('',#4200,0.00115);
#3514=CYLINDRICAL_SURFACE('',#4203,0.0026);
#3515=CYLINDRICAL_SURFACE('',#4209,0.0026);
#3516=CYLINDRICAL_SURFACE('',#4212,0.00115);
#3517=CYLINDRICAL_SURFACE('',#4218,0.00115);
#3518=CYLINDRICAL_SURFACE('',#4221,0.0026);
#3519=CYLINDRICAL_SURFACE('',#4227,0.00115);
#3520=CYLINDRICAL_SURFACE('',#4230,0.0026);
#3521=CYLINDRICAL_SURFACE('',#4236,0.00115);
#3522=CYLINDRICAL_SURFACE('',#4239,0.0026);
#3523=ADVANCED_FACE('',(#3079,#3080),#3429,.F.);
#3524=ADVANCED_FACE('',(#3081,#3082),#3430,.T.);
#3525=ADVANCED_FACE('',(#3083,#3084),#620,.T.);
#3526=ADVANCED_FACE('',(#3085,#3086),#621,.F.);
#3527=ADVANCED_FACE('',(#3087,#3088,#3089,#3090,#3091,#3092,#3093,#3094,
#3095,#3096,#3097,#3098,#3099,#3100),#622,.T.);
#3528=ADVANCED_FACE('',(#3101),#3431,.T.);
#3529=ADVANCED_FACE('',(#3102),#3432,.F.);
#3530=ADVANCED_FACE('',(#3103),#3433,.F.);
#3531=ADVANCED_FACE('',(#3104),#623,.F.);
#3532=ADVANCED_FACE('',(#3105),#3434,.F.);
#3533=ADVANCED_FACE('',(#3106),#3435,.F.);
#3534=ADVANCED_FACE('',(#3107),#3436,.T.);
#3535=ADVANCED_FACE('',(#3108),#3437,.F.);
#3536=ADVANCED_FACE('',(#3109),#3438,.F.);
#3537=ADVANCED_FACE('',(#3110),#624,.F.);
#3538=ADVANCED_FACE('',(#3111),#3439,.F.);
#3539=ADVANCED_FACE('',(#3112,#3113),#3440,.F.);
#3540=ADVANCED_FACE('',(#3114,#3115),#3441,.F.);
#3541=ADVANCED_FACE('',(#3116,#3117),#3442,.F.);
#3542=ADVANCED_FACE('',(#3118,#3119),#3443,.F.);
#3543=ADVANCED_FACE('',(#3120,#3121),#3444,.F.);
#3544=ADVANCED_FACE('',(#3122),#3445,.F.);
#3545=ADVANCED_FACE('',(#3123,#3124),#3446,.F.);
#3546=ADVANCED_FACE('',(#3125,#3126,#3127,#3128,#3129,#3130,#3131),#625,
 .F.);
#3547=ADVANCED_FACE('',(#3132),#626,.T.);
#3548=ADVANCED_FACE('',(#3133),#627,.F.);
#3549=ADVANCED_FACE('',(#3134),#628,.F.);
#3550=ADVANCED_FACE('',(#3135),#629,.T.);
#3551=ADVANCED_FACE('',(#3136),#630,.F.);
#3552=ADVANCED_FACE('',(#3137),#631,.T.);
#3553=ADVANCED_FACE('',(#3138),#632,.T.);
#3554=ADVANCED_FACE('',(#3139),#633,.T.);
#3555=ADVANCED_FACE('',(#3140),#634,.T.);
#3556=ADVANCED_FACE('',(#3141),#635,.F.);
#3557=ADVANCED_FACE('',(#3142),#636,.T.);
#3558=ADVANCED_FACE('',(#3143),#637,.F.);
#3559=ADVANCED_FACE('',(#3144),#638,.F.);
#3560=ADVANCED_FACE('',(#3145),#639,.T.);
#3561=ADVANCED_FACE('',(#3146),#640,.T.);
#3562=ADVANCED_FACE('',(#3147),#641,.F.);
#3563=ADVANCED_FACE('',(#3148),#642,.F.);
#3564=ADVANCED_FACE('',(#3149),#643,.F.);
#3565=ADVANCED_FACE('',(#3150),#644,.F.);
#3566=ADVANCED_FACE('',(#3151),#645,.T.);
#3567=ADVANCED_FACE('',(#3152),#646,.T.);
#3568=ADVANCED_FACE('',(#3153),#647,.T.);
#3569=ADVANCED_FACE('',(#3154),#648,.F.);
#3570=ADVANCED_FACE('',(#3155),#649,.F.);
#3571=ADVANCED_FACE('',(#3156),#650,.F.);
#3572=ADVANCED_FACE('',(#3157),#651,.T.);
#3573=ADVANCED_FACE('',(#3158),#652,.T.);
#3574=ADVANCED_FACE('',(#3159),#653,.T.);
#3575=ADVANCED_FACE('',(#3160,#3161),#3447,.T.);
#3576=ADVANCED_FACE('',(#3162,#3163),#3448,.F.);
#3577=ADVANCED_FACE('',(#3164,#3165),#654,.T.);
#3578=ADVANCED_FACE('',(#3166),#655,.T.);
#3579=ADVANCED_FACE('',(#3167,#3168),#3449,.F.);
#3580=ADVANCED_FACE('',(#3169,#3170),#3450,.T.);
#3581=ADVANCED_FACE('',(#3171,#3172),#656,.T.);
#3582=ADVANCED_FACE('',(#3173),#657,.T.);
#3583=ADVANCED_FACE('',(#3174),#658,.T.);
#3584=ADVANCED_FACE('',(#3175),#659,.T.);
#3585=ADVANCED_FACE('',(#3176),#660,.F.);
#3586=ADVANCED_FACE('',(#3177),#661,.F.);
#3587=ADVANCED_FACE('',(#3178),#662,.T.);
#3588=ADVANCED_FACE('',(#3179,#3180,#3181,#3182,#3183,#3184,#3185,#3186,
#3187,#3188,#3189),#663,.F.);
#3589=ADVANCED_FACE('',(#3190),#664,.T.);
#3590=ADVANCED_FACE('',(#3191),#3451,.F.);
#3591=ADVANCED_FACE('',(#3192),#665,.F.);
#3592=ADVANCED_FACE('',(#3193),#666,.T.);
#3593=ADVANCED_FACE('',(#3194),#3452,.F.);
#3594=ADVANCED_FACE('',(#3195),#667,.F.);
#3595=ADVANCED_FACE('',(#3196),#668,.T.);
#3596=ADVANCED_FACE('',(#3197),#3453,.F.);
#3597=ADVANCED_FACE('',(#3198),#669,.F.);
#3598=ADVANCED_FACE('',(#3199),#670,.T.);
#3599=ADVANCED_FACE('',(#3200),#3454,.F.);
#3600=ADVANCED_FACE('',(#3201),#671,.F.);
#3601=ADVANCED_FACE('',(#3202),#672,.T.);
#3602=ADVANCED_FACE('',(#3203),#3455,.F.);
#3603=ADVANCED_FACE('',(#3204),#673,.F.);
#3604=ADVANCED_FACE('',(#3205),#674,.T.);
#3605=ADVANCED_FACE('',(#3206),#3456,.F.);
#3606=ADVANCED_FACE('',(#3207),#675,.F.);
#3607=ADVANCED_FACE('',(#3208),#676,.T.);
#3608=ADVANCED_FACE('',(#3209),#3457,.F.);
#3609=ADVANCED_FACE('',(#3210),#677,.F.);
#3610=ADVANCED_FACE('',(#3211),#678,.T.);
#3611=ADVANCED_FACE('',(#3212),#3458,.F.);
#3612=ADVANCED_FACE('',(#3213),#679,.F.);
#3613=ADVANCED_FACE('',(#3214),#680,.T.);
#3614=ADVANCED_FACE('',(#3215),#3459,.F.);
#3615=ADVANCED_FACE('',(#3216),#681,.F.);
#3616=ADVANCED_FACE('',(#3217),#3460,.F.);
#3617=ADVANCED_FACE('',(#3218),#682,.F.);
#3618=ADVANCED_FACE('',(#3219),#3461,.F.);
#3619=ADVANCED_FACE('',(#3220),#683,.T.);
#3620=ADVANCED_FACE('',(#3221),#3462,.F.);
#3621=ADVANCED_FACE('',(#3222),#684,.F.);
#3622=ADVANCED_FACE('',(#3223),#685,.T.);
#3623=ADVANCED_FACE('',(#3224),#3463,.F.);
#3624=ADVANCED_FACE('',(#3225),#686,.F.);
#3625=ADVANCED_FACE('',(#3226),#687,.T.);
#3626=ADVANCED_FACE('',(#3227),#3464,.F.);
#3627=ADVANCED_FACE('',(#3228),#688,.F.);
#3628=ADVANCED_FACE('',(#3229),#689,.T.);
#3629=ADVANCED_FACE('',(#3230),#3465,.F.);
#3630=ADVANCED_FACE('',(#3231),#690,.F.);
#3631=ADVANCED_FACE('',(#3232),#691,.T.);
#3632=ADVANCED_FACE('',(#3233),#3466,.F.);
#3633=ADVANCED_FACE('',(#3234),#692,.F.);
#3634=ADVANCED_FACE('',(#3235),#693,.T.);
#3635=ADVANCED_FACE('',(#3236),#3467,.F.);
#3636=ADVANCED_FACE('',(#3237),#694,.F.);
#3637=ADVANCED_FACE('',(#3238),#695,.T.);
#3638=ADVANCED_FACE('',(#3239),#3468,.T.);
#3639=ADVANCED_FACE('',(#3240),#696,.F.);
#3640=ADVANCED_FACE('',(#3241),#3469,.T.);
#3641=ADVANCED_FACE('',(#3242),#697,.F.);
#3642=ADVANCED_FACE('',(#3243),#3470,.F.);
#3643=ADVANCED_FACE('',(#3244),#698,.F.);
#3644=ADVANCED_FACE('',(#3245),#3471,.F.);
#3645=ADVANCED_FACE('',(#3246),#699,.T.);
#3646=ADVANCED_FACE('',(#3247),#3472,.T.);
#3647=ADVANCED_FACE('',(#3248),#700,.T.);
#3648=ADVANCED_FACE('',(#3249),#3473,.T.);
#3649=ADVANCED_FACE('',(#3250),#701,.F.);
#3650=ADVANCED_FACE('',(#3251),#3474,.F.);
#3651=ADVANCED_FACE('',(#3252),#702,.T.);
#3652=ADVANCED_FACE('',(#3253),#3475,.F.);
#3653=ADVANCED_FACE('',(#3254),#3476,.F.);
#3654=ADVANCED_FACE('',(#3255),#3477,.F.);
#3655=ADVANCED_FACE('',(#3256),#3478,.F.);
#3656=ADVANCED_FACE('',(#3257,#3258),#3479,.F.);
#3657=ADVANCED_FACE('',(#3259),#3480,.F.);
#3658=ADVANCED_FACE('',(#3260),#3481,.F.);
#3659=ADVANCED_FACE('',(#3261),#3482,.F.);
#3660=ADVANCED_FACE('',(#3262),#3483,.F.);
#3661=ADVANCED_FACE('',(#3263,#3264),#3484,.F.);
#3662=ADVANCED_FACE('',(#3265),#3485,.F.);
#3663=ADVANCED_FACE('',(#3266),#703,.T.);
#3664=ADVANCED_FACE('',(#3267),#3486,.F.);
#3665=ADVANCED_FACE('',(#3268),#3487,.F.);
#3666=ADVANCED_FACE('',(#3269,#3270),#3488,.F.);
#3667=ADVANCED_FACE('',(#3271),#3489,.F.);
#3668=ADVANCED_FACE('',(#3272),#3490,.F.);
#3669=ADVANCED_FACE('',(#3273),#3491,.F.);
#3670=ADVANCED_FACE('',(#3274),#3492,.F.);
#3671=ADVANCED_FACE('',(#3275),#3493,.F.);
#3672=ADVANCED_FACE('',(#3276,#3277),#3494,.F.);
#3673=ADVANCED_FACE('',(#3278,#3279,#3280,#3281,#3282,#3283,#3284,#3285,
#3286,#3287,#3288,#3289,#3290,#3291,#3292,#3293,#3294,#3295,#3296,#3297,
#3298,#3299,#3300,#3301,#3302,#3303,#3304),#704,.T.);
#3674=ADVANCED_FACE('',(#3305),#705,.F.);
#3675=ADVANCED_FACE('',(#3306,#3307),#3495,.F.);
#3676=ADVANCED_FACE('',(#3308),#706,.F.);
#3677=ADVANCED_FACE('',(#3309),#707,.F.);
#3678=ADVANCED_FACE('',(#3310),#708,.F.);
#3679=ADVANCED_FACE('',(#3311,#3312),#3496,.F.);
#3680=ADVANCED_FACE('',(#3313),#709,.F.);
#3681=ADVANCED_FACE('',(#3314),#710,.F.);
#3682=ADVANCED_FACE('',(#3315,#3316),#3497,.F.);
#3683=ADVANCED_FACE('',(#3317),#711,.T.);
#3684=ADVANCED_FACE('',(#3318),#712,.T.);
#3685=ADVANCED_FACE('',(#3319),#713,.F.);
#3686=ADVANCED_FACE('',(#3320,#3321),#3498,.F.);
#3687=ADVANCED_FACE('',(#3322),#714,.T.);
#3688=ADVANCED_FACE('',(#3323),#715,.T.);
#3689=ADVANCED_FACE('',(#3324),#716,.F.);
#3690=ADVANCED_FACE('',(#3325,#3326),#3499,.T.);
#3691=ADVANCED_FACE('',(#3327,#3328),#3500,.T.);
#3692=ADVANCED_FACE('',(#3329,#3330),#3501,.T.);
#3693=ADVANCED_FACE('',(#3331,#3332),#3502,.T.);
#3694=ADVANCED_FACE('',(#3333,#3334,#3335,#3336,#3337,#3338),#717,.F.);
#3695=ADVANCED_FACE('',(#3339,#3340,#3341,#3342,#3343,#3344),#718,.F.);
#3696=ADVANCED_FACE('',(#3345,#3346,#3347,#3348,#3349,#3350),#719,.F.);
#3697=ADVANCED_FACE('',(#3351,#3352,#3353,#3354,#3355,#3356),#720,.F.);
#3698=ADVANCED_FACE('',(#3357,#3358),#3503,.F.);
#3699=ADVANCED_FACE('',(#3359,#3360),#3504,.F.);
#3700=ADVANCED_FACE('',(#3361,#3362),#3505,.F.);
#3701=ADVANCED_FACE('',(#3363,#3364),#3506,.F.);
#3702=ADVANCED_FACE('',(#3365,#3366),#3507,.F.);
#3703=ADVANCED_FACE('',(#3367,#3368),#3508,.F.);
#3704=ADVANCED_FACE('',(#3369,#3370),#721,.T.);
#3705=ADVANCED_FACE('',(#3371),#722,.F.);
#3706=ADVANCED_FACE('',(#3372,#3373),#3509,.F.);
#3707=ADVANCED_FACE('',(#3374,#3375),#723,.T.);
#3708=ADVANCED_FACE('',(#3376,#3377),#724,.T.);
#3709=ADVANCED_FACE('',(#3378),#725,.F.);
#3710=ADVANCED_FACE('',(#3379,#3380),#3510,.F.);
#3711=ADVANCED_FACE('',(#3381,#3382),#726,.T.);
#3712=ADVANCED_FACE('',(#3383),#727,.F.);
#3713=ADVANCED_FACE('',(#3384,#3385),#3511,.F.);
#3714=ADVANCED_FACE('',(#3386),#728,.F.);
#3715=ADVANCED_FACE('',(#3387,#3388),#3512,.F.);
#3716=ADVANCED_FACE('',(#3389,#3390),#3513,.F.);
#3717=ADVANCED_FACE('',(#3391,#3392),#3514,.T.);
#3718=ADVANCED_FACE('',(#3393,#3394),#729,.T.);
#3719=ADVANCED_FACE('',(#3395,#3396),#730,.F.);
#3720=ADVANCED_FACE('',(#3397,#3398),#3515,.T.);
#3721=ADVANCED_FACE('',(#3399,#3400),#3516,.F.);
#3722=ADVANCED_FACE('',(#3401,#3402),#731,.T.);
#3723=ADVANCED_FACE('',(#3403,#3404),#732,.F.);
#3724=ADVANCED_FACE('',(#3405,#3406),#3517,.F.);
#3725=ADVANCED_FACE('',(#3407,#3408),#3518,.T.);
#3726=ADVANCED_FACE('',(#3409,#3410),#733,.T.);
#3727=ADVANCED_FACE('',(#3411,#3412),#734,.F.);
#3728=ADVANCED_FACE('',(#3413,#3414),#3519,.F.);
#3729=ADVANCED_FACE('',(#3415,#3416),#3520,.T.);
#3730=ADVANCED_FACE('',(#3417,#3418),#735,.T.);
#3731=ADVANCED_FACE('',(#3419,#3420),#736,.F.);
#3732=ADVANCED_FACE('',(#3421,#3422),#3521,.F.);
#3733=ADVANCED_FACE('',(#3423,#3424),#3522,.T.);
#3734=ADVANCED_FACE('',(#3425,#3426),#737,.T.);
#3735=ADVANCED_FACE('',(#3427,#3428),#738,.F.);
#3736=CLOSED_SHELL('',(#3523,#3524,#3525,#3526));
#3737=CLOSED_SHELL('',(#3527,#3528,#3529,#3530,#3531,#3532,#3533,#3534,
#3535,#3536,#3537,#3538,#3539,#3540,#3541,#3542,#3543,#3544,#3545,#3546,
#3547,#3548,#3549,#3550,#3551,#3552,#3553,#3554,#3555,#3556,#3557,#3558,
#3559,#3560,#3561,#3562,#3563,#3564,#3565,#3566,#3567,#3568,#3569,#3570,
#3571,#3572,#3573,#3574,#3575,#3576,#3577,#3578,#3579,#3580,#3581,#3582,
#3583,#3584,#3585,#3586,#3587));
#3738=CLOSED_SHELL('',(#3588,#3589,#3590,#3591,#3592,#3593,#3594,#3595,
#3596,#3597,#3598,#3599,#3600,#3601,#3602,#3603,#3604,#3605,#3606,#3607,
#3608,#3609,#3610,#3611,#3612,#3613,#3614,#3615,#3616,#3617,#3618,#3619,
#3620,#3621,#3622,#3623,#3624,#3625,#3626,#3627,#3628,#3629,#3630,#3631,
#3632,#3633,#3634,#3635,#3636,#3637,#3638,#3639,#3640,#3641,#3642,#3643,
#3644,#3645,#3646,#3647,#3648,#3649,#3650,#3651,#3652,#3653,#3654,#3655,
#3656,#3657,#3658,#3659,#3660,#3661,#3662,#3663,#3664,#3665,#3666,#3667,
#3668,#3669,#3670,#3671,#3672,#3673,#3674,#3675,#3676,#3677,#3678,#3679,
#3680,#3681,#3682,#3683,#3684,#3685,#3686,#3687,#3688,#3689,#3690,#3691,
#3692,#3693,#3694,#3695,#3696,#3697,#3698,#3699,#3700,#3701,#3702,#3703,
#3704,#3705,#3706,#3707,#3708,#3709,#3710,#3711,#3712,#3713,#3714,#3715));
#3739=CLOSED_SHELL('',(#3716,#3717,#3718,#3719));
#3740=CLOSED_SHELL('',(#3720,#3721,#3722,#3723));
#3741=CLOSED_SHELL('',(#3724,#3725,#3726,#3727));
#3742=CLOSED_SHELL('',(#3728,#3729,#3730,#3731));
#3743=CLOSED_SHELL('',(#3732,#3733,#3734,#3735));
#3744=STYLED_ITEM('',(#3752),#3807);
#3745=STYLED_ITEM('',(#3753),#3808);
#3746=STYLED_ITEM('',(#3754),#3809);
#3747=STYLED_ITEM('',(#3755),#3810);
#3748=STYLED_ITEM('',(#3756),#3811);
#3749=STYLED_ITEM('',(#3757),#3812);
#3750=STYLED_ITEM('',(#3758),#3813);
#3751=STYLED_ITEM('',(#3759),#3814);
#3752=PRESENTATION_STYLE_ASSIGNMENT((#3760));
#3753=PRESENTATION_STYLE_ASSIGNMENT((#3761));
#3754=PRESENTATION_STYLE_ASSIGNMENT((#3762));
#3755=PRESENTATION_STYLE_ASSIGNMENT((#3763));
#3756=PRESENTATION_STYLE_ASSIGNMENT((#3764));
#3757=PRESENTATION_STYLE_ASSIGNMENT((#3765));
#3758=PRESENTATION_STYLE_ASSIGNMENT((#3766));
#3759=PRESENTATION_STYLE_ASSIGNMENT((#3767));
#3760=SURFACE_STYLE_USAGE(.BOTH.,#3768);
#3761=SURFACE_STYLE_USAGE(.BOTH.,#3769);
#3762=SURFACE_STYLE_USAGE(.BOTH.,#3770);
#3763=SURFACE_STYLE_USAGE(.BOTH.,#3771);
#3764=SURFACE_STYLE_USAGE(.BOTH.,#3772);
#3765=SURFACE_STYLE_USAGE(.BOTH.,#3773);
#3766=SURFACE_STYLE_USAGE(.BOTH.,#3774);
#3767=SURFACE_STYLE_USAGE(.BOTH.,#3775);
#3768=SURFACE_SIDE_STYLE('',(#3776));
#3769=SURFACE_SIDE_STYLE('',(#3777));
#3770=SURFACE_SIDE_STYLE('',(#3778));
#3771=SURFACE_SIDE_STYLE('',(#3779));
#3772=SURFACE_SIDE_STYLE('',(#3780));
#3773=SURFACE_SIDE_STYLE('',(#3781));
#3774=SURFACE_SIDE_STYLE('',(#3782));
#3775=SURFACE_SIDE_STYLE('',(#3783));
#3776=SURFACE_STYLE_FILL_AREA(#3784);
#3777=SURFACE_STYLE_FILL_AREA(#3785);
#3778=SURFACE_STYLE_FILL_AREA(#3786);
#3779=SURFACE_STYLE_FILL_AREA(#3787);
#3780=SURFACE_STYLE_FILL_AREA(#3788);
#3781=SURFACE_STYLE_FILL_AREA(#3789);
#3782=SURFACE_STYLE_FILL_AREA(#3790);
#3783=SURFACE_STYLE_FILL_AREA(#3791);
#3784=FILL_AREA_STYLE('',(#3792));
#3785=FILL_AREA_STYLE('',(#3793));
#3786=FILL_AREA_STYLE('',(#3794));
#3787=FILL_AREA_STYLE('',(#3795));
#3788=FILL_AREA_STYLE('',(#3796));
#3789=FILL_AREA_STYLE('',(#3797));
#3790=FILL_AREA_STYLE('',(#3798));
#3791=FILL_AREA_STYLE('',(#3799));
#3792=FILL_AREA_STYLE_COLOUR('',#3800);
#3793=FILL_AREA_STYLE_COLOUR('',#3801);
#3794=FILL_AREA_STYLE_COLOUR('',#3801);
#3795=FILL_AREA_STYLE_COLOUR('',#3802);
#3796=FILL_AREA_STYLE_COLOUR('',#3803);
#3797=FILL_AREA_STYLE_COLOUR('',#3804);
#3798=FILL_AREA_STYLE_COLOUR('',#3805);
#3799=FILL_AREA_STYLE_COLOUR('',#3806);
#3800=COLOUR_RGB('',0.768627450980392,0.886274509803922,0.952941176470588);
#3801=COLOUR_RGB('',0.615686274509804,0.811764705882353,0.929411764705882);
#3802=COLOUR_RGB('',0.231372549019608,0.380392156862745,0.705882352941177);
#3803=COLOUR_RGB('',0.917647058823529,0.917647058823529,0.917647058823529);
#3804=COLOUR_RGB('',0.972549019607843,0.529411764705882,0.00392156862745098);
#3805=COLOUR_RGB('',0.498039215686275,0.498039215686275,0.498039215686275);
#3806=COLOUR_RGB('',0.980392156862745,0.713725490196078,0.00392156862745098);
#3807=MANIFOLD_SOLID_BREP('Standoff',#3736);
#3808=MANIFOLD_SOLID_BREP('TopPlate',#3737);
#3809=MANIFOLD_SOLID_BREP('BottomPlate',#3738);
#3810=MANIFOLD_SOLID_BREP('Standoff',#3739);
#3811=MANIFOLD_SOLID_BREP('Standoff',#3740);
#3812=MANIFOLD_SOLID_BREP('Standoff',#3741);
#3813=MANIFOLD_SOLID_BREP('Standoff',#3742);
#3814=MANIFOLD_SOLID_BREP('Standoff',#3743);
#3815=SHAPE_DEFINITION_REPRESENTATION(#6463,#3823);
#3816=SHAPE_DEFINITION_REPRESENTATION(#6464,#3824);
#3817=SHAPE_DEFINITION_REPRESENTATION(#6465,#3825);
#3818=SHAPE_DEFINITION_REPRESENTATION(#6466,#3826);
#3819=SHAPE_DEFINITION_REPRESENTATION(#6467,#3827);
#3820=SHAPE_DEFINITION_REPRESENTATION(#6468,#3828);
#3821=SHAPE_DEFINITION_REPRESENTATION(#6469,#3829);
#3822=SHAPE_DEFINITION_REPRESENTATION(#6470,#3830);
#3823=SHAPE_REPRESENTATION('Standoff',(#3831),#6423);
#3824=SHAPE_REPRESENTATION('TopPlate',(#3840),#6424);
#3825=SHAPE_REPRESENTATION('BottomPlate',(#3942),#6425);
#3826=SHAPE_REPRESENTATION('Standoff',(#4199),#6426);
#3827=SHAPE_REPRESENTATION('Standoff',(#4208),#6427);
#3828=SHAPE_REPRESENTATION('Standoff',(#4217),#6428);
#3829=SHAPE_REPRESENTATION('Standoff',(#4226),#6429);
#3830=SHAPE_REPRESENTATION('Standoff',(#4235),#6430);
#3831=AXIS2_PLACEMENT_3D('',#5362,#4244,#4245);
#3832=AXIS2_PLACEMENT_3D('',#5363,#4246,#4247);
#3833=AXIS2_PLACEMENT_3D('',#5364,#4248,#4249);
#3834=AXIS2_PLACEMENT_3D('',#5366,#4250,#4251);
#3835=AXIS2_PLACEMENT_3D('',#5368,#4252,#4253);
#3836=AXIS2_PLACEMENT_3D('',#5369,#4254,#4255);
#3837=AXIS2_PLACEMENT_3D('',#5371,#4256,#4257);
#3838=AXIS2_PLACEMENT_3D('',#5373,#4258,#4259);
#3839=AXIS2_PLACEMENT_3D('',#5374,#4260,#4261);
#3840=AXIS2_PLACEMENT_3D('',#5375,#4262,#4263);
#3841=AXIS2_PLACEMENT_3D('',#5376,#4264,#4265);
#3842=AXIS2_PLACEMENT_3D('',#5425,#4290,#4291);
#3843=AXIS2_PLACEMENT_3D('',#5427,#4292,#4293);
#3844=AXIS2_PLACEMENT_3D('',#5429,#4294,#4295);
#3845=AXIS2_PLACEMENT_3D('',#5431,#4296,#4297);
#3846=AXIS2_PLACEMENT_3D('',#5433,#4298,#4299);
#3847=AXIS2_PLACEMENT_3D('',#5435,#4300,#4301);
#3848=AXIS2_PLACEMENT_3D('',#5437,#4302,#4303);
#3849=AXIS2_PLACEMENT_3D('',#5440,#4304,#4305);
#3850=AXIS2_PLACEMENT_3D('',#5442,#4306,#4307);
#3851=AXIS2_PLACEMENT_3D('',#5446,#4309,#4310);
#3852=AXIS2_PLACEMENT_3D('',#5448,#4311,#4312);
#3853=AXIS2_PLACEMENT_3D('',#5450,#4313,#4314);
#3854=AXIS2_PLACEMENT_3D('',#5452,#4315,#4316);
#3855=AXIS2_PLACEMENT_3D('',#5454,#4317,#4318);
#3856=AXIS2_PLACEMENT_3D('',#5458,#4320,#4321);
#3857=AXIS2_PLACEMENT_3D('',#5460,#4322,#4323);
#3858=AXIS2_PLACEMENT_3D('',#5461,#4324,#4325);
#3859=AXIS2_PLACEMENT_3D('',#5463,#4326,#4327);
#3860=AXIS2_PLACEMENT_3D('',#5473,#4332,#4333);
#3861=AXIS2_PLACEMENT_3D('',#5474,#4334,#4335);
#3862=AXIS2_PLACEMENT_3D('',#5479,#4338,#4339);
#3863=AXIS2_PLACEMENT_3D('',#5480,#4340,#4341);
#3864=AXIS2_PLACEMENT_3D('',#5483,#4343,#4344);
#3865=AXIS2_PLACEMENT_3D('',#5484,#4345,#4346);
#3866=AXIS2_PLACEMENT_3D('',#5487,#4348,#4349);
#3867=AXIS2_PLACEMENT_3D('',#5491,#4352,#4353);
#3868=AXIS2_PLACEMENT_3D('',#5492,#4354,#4355);
#3869=AXIS2_PLACEMENT_3D('',#5495,#4357,#4358);
#3870=AXIS2_PLACEMENT_3D('',#5496,#4359,#4360);
#3871=AXIS2_PLACEMENT_3D('',#5499,#4362,#4363);
#3872=AXIS2_PLACEMENT_3D('',#5500,#4364,#4365);
#3873=AXIS2_PLACEMENT_3D('',#5503,#4367,#4368);
#3874=AXIS2_PLACEMENT_3D('',#5504,#4369,#4370);
#3875=AXIS2_PLACEMENT_3D('',#5507,#4372,#4373);
#3876=AXIS2_PLACEMENT_3D('',#5508,#4374,#4375);
#3877=AXIS2_PLACEMENT_3D('',#5511,#4377,#4378);
#3878=AXIS2_PLACEMENT_3D('',#5515,#4381,#4382);
#3879=AXIS2_PLACEMENT_3D('',#5516,#4383,#4384);
#3880=AXIS2_PLACEMENT_3D('',#5519,#4386,#4387);
#3881=AXIS2_PLACEMENT_3D('',#5520,#4388,#4389);
#3882=AXIS2_PLACEMENT_3D('',#5522,#4390,#4391);
#3883=AXIS2_PLACEMENT_3D('',#5523,#4392,#4393);
#3884=AXIS2_PLACEMENT_3D('',#5525,#4394,#4395);
#3885=AXIS2_PLACEMENT_3D('',#5526,#4396,#4397);
#3886=AXIS2_PLACEMENT_3D('',#5528,#4398,#4399);
#3887=AXIS2_PLACEMENT_3D('',#5529,#4400,#4401);
#3888=AXIS2_PLACEMENT_3D('',#5531,#4402,#4403);
#3889=AXIS2_PLACEMENT_3D('',#5532,#4404,#4405);
#3890=AXIS2_PLACEMENT_3D('',#5534,#4406,#4407);
#3891=AXIS2_PLACEMENT_3D('',#5535,#4408,#4409);
#3892=AXIS2_PLACEMENT_3D('',#5536,#4410,#4411);
#3893=AXIS2_PLACEMENT_3D('',#5537,#4412,#4413);
#3894=AXIS2_PLACEMENT_3D('',#5539,#4414,#4415);
#3895=AXIS2_PLACEMENT_3D('',#5540,#4416,#4417);
#3896=AXIS2_PLACEMENT_3D('',#5546,#4421,#4422);
#3897=AXIS2_PLACEMENT_3D('',#5550,#4425,#4426);
#3898=AXIS2_PLACEMENT_3D('',#5554,#4429,#4430);
#3899=AXIS2_PLACEMENT_3D('',#5558,#4433,#4434);
#3900=AXIS2_PLACEMENT_3D('',#5562,#4437,#4438);
#3901=AXIS2_PLACEMENT_3D('',#5564,#4440,#4441);
#3902=AXIS2_PLACEMENT_3D('',#5565,#4442,#4443);
#3903=AXIS2_PLACEMENT_3D('',#5571,#4447,#4448);
#3904=AXIS2_PLACEMENT_3D('',#5575,#4451,#4452);
#3905=AXIS2_PLACEMENT_3D('',#5579,#4455,#4456);
#3906=AXIS2_PLACEMENT_3D('',#5583,#4459,#4460);
#3907=AXIS2_PLACEMENT_3D('',#5587,#4463,#4464);
#3908=AXIS2_PLACEMENT_3D('',#5589,#4466,#4467);
#3909=AXIS2_PLACEMENT_3D('',#5590,#4468,#4469);
#3910=AXIS2_PLACEMENT_3D('',#5596,#4473,#4474);
#3911=AXIS2_PLACEMENT_3D('',#5600,#4477,#4478);
#3912=AXIS2_PLACEMENT_3D('',#5604,#4481,#4482);
#3913=AXIS2_PLACEMENT_3D('',#5608,#4485,#4486);
#3914=AXIS2_PLACEMENT_3D('',#5612,#4489,#4490);
#3915=AXIS2_PLACEMENT_3D('',#5614,#4492,#4493);
#3916=AXIS2_PLACEMENT_3D('',#5615,#4494,#4495);
#3917=AXIS2_PLACEMENT_3D('',#5621,#4499,#4500);
#3918=AXIS2_PLACEMENT_3D('',#5625,#4503,#4504);
#3919=AXIS2_PLACEMENT_3D('',#5629,#4507,#4508);
#3920=AXIS2_PLACEMENT_3D('',#5633,#4511,#4512);
#3921=AXIS2_PLACEMENT_3D('',#5637,#4515,#4516);
#3922=AXIS2_PLACEMENT_3D('',#5639,#4518,#4519);
#3923=AXIS2_PLACEMENT_3D('',#5640,#4520,#4521);
#3924=AXIS2_PLACEMENT_3D('',#5641,#4522,#4523);
#3925=AXIS2_PLACEMENT_3D('',#5643,#4524,#4525);
#3926=AXIS2_PLACEMENT_3D('',#5644,#4526,#4527);
#3927=AXIS2_PLACEMENT_3D('',#5646,#4528,#4529);
#3928=AXIS2_PLACEMENT_3D('',#5648,#4530,#4531);
#3929=AXIS2_PLACEMENT_3D('',#5649,#4532,#4533);
#3930=AXIS2_PLACEMENT_3D('',#5650,#4534,#4535);
#3931=AXIS2_PLACEMENT_3D('',#5651,#4536,#4537);
#3932=AXIS2_PLACEMENT_3D('',#5653,#4538,#4539);
#3933=AXIS2_PLACEMENT_3D('',#5655,#4540,#4541);
#3934=AXIS2_PLACEMENT_3D('',#5656,#4542,#4543);
#3935=AXIS2_PLACEMENT_3D('',#5658,#4544,#4545);
#3936=AXIS2_PLACEMENT_3D('',#5659,#4546,#4547);
#3937=AXIS2_PLACEMENT_3D('',#5660,#4548,#4549);
#3938=AXIS2_PLACEMENT_3D('',#5666,#4553,#4554);
#3939=AXIS2_PLACEMENT_3D('',#5670,#4557,#4558);
#3940=AXIS2_PLACEMENT_3D('',#5674,#4561,#4562);
#3941=AXIS2_PLACEMENT_3D('',#5676,#4564,#4565);
#3942=AXIS2_PLACEMENT_3D('',#5677,#4566,#4567);
#3943=AXIS2_PLACEMENT_3D('',#5678,#4568,#4569);
#3944=AXIS2_PLACEMENT_3D('',#5679,#4570,#4571);
#3945=AXIS2_PLACEMENT_3D('',#5681,#4572,#4573);
#3946=AXIS2_PLACEMENT_3D('',#5683,#4574,#4575);
#3947=AXIS2_PLACEMENT_3D('',#5685,#4576,#4577);
#3948=AXIS2_PLACEMENT_3D('',#5687,#4578,#4579);
#3949=AXIS2_PLACEMENT_3D('',#5689,#4580,#4581);
#3950=AXIS2_PLACEMENT_3D('',#5691,#4582,#4583);
#3951=AXIS2_PLACEMENT_3D('',#5693,#4584,#4585);
#3952=AXIS2_PLACEMENT_3D('',#5695,#4586,#4587);
#3953=AXIS2_PLACEMENT_3D('',#5697,#4588,#4589);
#3954=AXIS2_PLACEMENT_3D('',#5702,#4591,#4592);
#3955=AXIS2_PLACEMENT_3D('',#5708,#4595,#4596);
#3956=AXIS2_PLACEMENT_3D('',#5712,#4598,#4599);
#3957=AXIS2_PLACEMENT_3D('',#5718,#4602,#4603);
#3958=AXIS2_PLACEMENT_3D('',#5726,#4607,#4608);
#3959=AXIS2_PLACEMENT_3D('',#5732,#4611,#4612);
#3960=AXIS2_PLACEMENT_3D('',#5736,#4614,#4615);
#3961=AXIS2_PLACEMENT_3D('',#5742,#4618,#4619);
#3962=AXIS2_PLACEMENT_3D('',#5747,#4622,#4623);
#3963=AXIS2_PLACEMENT_3D('',#5756,#4628,#4629);
#3964=AXIS2_PLACEMENT_3D('',#5757,#4630,#4631);
#3965=AXIS2_PLACEMENT_3D('',#5761,#4633,#4634);
#3966=AXIS2_PLACEMENT_3D('',#5762,#4635,#4636);
#3967=AXIS2_PLACEMENT_3D('',#5768,#4640,#4641);
#3968=AXIS2_PLACEMENT_3D('',#5777,#4646,#4647);
#3969=AXIS2_PLACEMENT_3D('',#5778,#4648,#4649);
#3970=AXIS2_PLACEMENT_3D('',#5782,#4651,#4652);
#3971=AXIS2_PLACEMENT_3D('',#5783,#4653,#4654);
#3972=AXIS2_PLACEMENT_3D('',#5789,#4658,#4659);
#3973=AXIS2_PLACEMENT_3D('',#5798,#4664,#4665);
#3974=AXIS2_PLACEMENT_3D('',#5799,#4666,#4667);
#3975=AXIS2_PLACEMENT_3D('',#5803,#4669,#4670);
#3976=AXIS2_PLACEMENT_3D('',#5804,#4671,#4672);
#3977=AXIS2_PLACEMENT_3D('',#5810,#4676,#4677);
#3978=AXIS2_PLACEMENT_3D('',#5819,#4682,#4683);
#3979=AXIS2_PLACEMENT_3D('',#5820,#4684,#4685);
#3980=AXIS2_PLACEMENT_3D('',#5824,#4687,#4688);
#3981=AXIS2_PLACEMENT_3D('',#5825,#4689,#4690);
#3982=AXIS2_PLACEMENT_3D('',#5831,#4694,#4695);
#3983=AXIS2_PLACEMENT_3D('',#5840,#4700,#4701);
#3984=AXIS2_PLACEMENT_3D('',#5841,#4702,#4703);
#3985=AXIS2_PLACEMENT_3D('',#5845,#4705,#4706);
#3986=AXIS2_PLACEMENT_3D('',#5846,#4707,#4708);
#3987=AXIS2_PLACEMENT_3D('',#5852,#4712,#4713);
#3988=AXIS2_PLACEMENT_3D('',#5861,#4718,#4719);
#3989=AXIS2_PLACEMENT_3D('',#5862,#4720,#4721);
#3990=AXIS2_PLACEMENT_3D('',#5866,#4723,#4724);
#3991=AXIS2_PLACEMENT_3D('',#5867,#4725,#4726);
#3992=AXIS2_PLACEMENT_3D('',#5873,#4730,#4731);
#3993=AXIS2_PLACEMENT_3D('',#5882,#4736,#4737);
#3994=AXIS2_PLACEMENT_3D('',#5883,#4738,#4739);
#3995=AXIS2_PLACEMENT_3D('',#5887,#4741,#4742);
#3996=AXIS2_PLACEMENT_3D('',#5888,#4743,#4744);
#3997=AXIS2_PLACEMENT_3D('',#5894,#4748,#4749);
#3998=AXIS2_PLACEMENT_3D('',#5903,#4754,#4755);
#3999=AXIS2_PLACEMENT_3D('',#5904,#4756,#4757);
#4000=AXIS2_PLACEMENT_3D('',#5908,#4759,#4760);
#4001=AXIS2_PLACEMENT_3D('',#5909,#4761,#4762);
#4002=AXIS2_PLACEMENT_3D('',#5915,#4766,#4767);
#4003=AXIS2_PLACEMENT_3D('',#5924,#4772,#4773);
#4004=AXIS2_PLACEMENT_3D('',#5925,#4774,#4775);
#4005=AXIS2_PLACEMENT_3D('',#5929,#4777,#4778);
#4006=AXIS2_PLACEMENT_3D('',#5930,#4779,#4780);
#4007=AXIS2_PLACEMENT_3D('',#5936,#4784,#4785);
#4008=AXIS2_PLACEMENT_3D('',#5940,#4787,#4788);
#4009=AXIS2_PLACEMENT_3D('',#5944,#4790,#4791);
#4010=AXIS2_PLACEMENT_3D('',#5945,#4792,#4793);
#4011=AXIS2_PLACEMENT_3D('',#5951,#4797,#4798);
#4012=AXIS2_PLACEMENT_3D('',#5952,#4799,#4800);
#4013=AXIS2_PLACEMENT_3D('',#5956,#4802,#4803);
#4014=AXIS2_PLACEMENT_3D('',#5957,#4804,#4805);
#4015=AXIS2_PLACEMENT_3D('',#5966,#4810,#4811);
#4016=AXIS2_PLACEMENT_3D('',#5967,#4812,#4813);
#4017=AXIS2_PLACEMENT_3D('',#5971,#4815,#4816);
#4018=AXIS2_PLACEMENT_3D('',#5972,#4817,#4818);
#4019=AXIS2_PLACEMENT_3D('',#5978,#4822,#4823);
#4020=AXIS2_PLACEMENT_3D('',#5987,#4828,#4829);
#4021=AXIS2_PLACEMENT_3D('',#5988,#4830,#4831);
#4022=AXIS2_PLACEMENT_3D('',#5992,#4833,#4834);
#4023=AXIS2_PLACEMENT_3D('',#5993,#4835,#4836);
#4024=AXIS2_PLACEMENT_3D('',#5999,#4840,#4841);
#4025=AXIS2_PLACEMENT_3D('',#6008,#4846,#4847);
#4026=AXIS2_PLACEMENT_3D('',#6009,#4848,#4849);
#4027=AXIS2_PLACEMENT_3D('',#6013,#4851,#4852);
#4028=AXIS2_PLACEMENT_3D('',#6014,#4853,#4854);
#4029=AXIS2_PLACEMENT_3D('',#6020,#4858,#4859);
#4030=AXIS2_PLACEMENT_3D('',#6029,#4864,#4865);
#4031=AXIS2_PLACEMENT_3D('',#6030,#4866,#4867);
#4032=AXIS2_PLACEMENT_3D('',#6034,#4869,#4870);
#4033=AXIS2_PLACEMENT_3D('',#6035,#4871,#4872);
#4034=AXIS2_PLACEMENT_3D('',#6041,#4876,#4877);
#4035=AXIS2_PLACEMENT_3D('',#6050,#4882,#4883);
#4036=AXIS2_PLACEMENT_3D('',#6051,#4884,#4885);
#4037=AXIS2_PLACEMENT_3D('',#6055,#4887,#4888);
#4038=AXIS2_PLACEMENT_3D('',#6056,#4889,#4890);
#4039=AXIS2_PLACEMENT_3D('',#6062,#4894,#4895);
#4040=AXIS2_PLACEMENT_3D('',#6071,#4900,#4901);
#4041=AXIS2_PLACEMENT_3D('',#6072,#4902,#4903);
#4042=AXIS2_PLACEMENT_3D('',#6076,#4905,#4906);
#4043=AXIS2_PLACEMENT_3D('',#6077,#4907,#4908);
#4044=AXIS2_PLACEMENT_3D('',#6083,#4912,#4913);
#4045=AXIS2_PLACEMENT_3D('',#6089,#4917,#4918);
#4046=AXIS2_PLACEMENT_3D('',#6092,#4920,#4921);
#4047=AXIS2_PLACEMENT_3D('',#6097,#4924,#4925);
#4048=AXIS2_PLACEMENT_3D('',#6098,#4926,#4927);
#4049=AXIS2_PLACEMENT_3D('',#6102,#4930,#4931);
#4050=AXIS2_PLACEMENT_3D('',#6105,#4933,#4934);
#4051=AXIS2_PLACEMENT_3D('',#6110,#4937,#4938);
#4052=AXIS2_PLACEMENT_3D('',#6111,#4939,#4940);
#4053=AXIS2_PLACEMENT_3D('',#6115,#4943,#4944);
#4054=AXIS2_PLACEMENT_3D('',#6118,#4946,#4947);
#4055=AXIS2_PLACEMENT_3D('',#6119,#4948,#4949);
#4056=AXIS2_PLACEMENT_3D('',#6123,#4952,#4953);
#4057=AXIS2_PLACEMENT_3D('',#6126,#4955,#4956);
#4058=AXIS2_PLACEMENT_3D('',#6127,#4957,#4958);
#4059=AXIS2_PLACEMENT_3D('',#6131,#4961,#4962);
#4060=AXIS2_PLACEMENT_3D('',#6134,#4964,#4965);
#4061=AXIS2_PLACEMENT_3D('',#6139,#4968,#4969);
#4062=AXIS2_PLACEMENT_3D('',#6140,#4970,#4971);
#4063=AXIS2_PLACEMENT_3D('',#6144,#4974,#4975);
#4064=AXIS2_PLACEMENT_3D('',#6147,#4977,#4978);
#4065=AXIS2_PLACEMENT_3D('',#6152,#4981,#4982);
#4066=AXIS2_PLACEMENT_3D('',#6153,#4983,#4984);
#4067=AXIS2_PLACEMENT_3D('',#6157,#4987,#4988);
#4068=AXIS2_PLACEMENT_3D('',#6160,#4990,#4991);
#4069=AXIS2_PLACEMENT_3D('',#6161,#4992,#4993);
#4070=AXIS2_PLACEMENT_3D('',#6165,#4996,#4997);
#4071=AXIS2_PLACEMENT_3D('',#6166,#4998,#4999);
#4072=AXIS2_PLACEMENT_3D('',#6167,#5000,#5001);
#4073=AXIS2_PLACEMENT_3D('',#6168,#5002,#5003);
#4074=AXIS2_PLACEMENT_3D('',#6169,#5004,#5005);
#4075=AXIS2_PLACEMENT_3D('',#6170,#5006,#5007);
#4076=AXIS2_PLACEMENT_3D('',#6171,#5008,#5009);
#4077=AXIS2_PLACEMENT_3D('',#6172,#5010,#5011);
#4078=AXIS2_PLACEMENT_3D('',#6173,#5012,#5013);
#4079=AXIS2_PLACEMENT_3D('',#6174,#5014,#5015);
#4080=AXIS2_PLACEMENT_3D('',#6175,#5016,#5017);
#4081=AXIS2_PLACEMENT_3D('',#6176,#5018,#5019);
#4082=AXIS2_PLACEMENT_3D('',#6177,#5020,#5021);
#4083=AXIS2_PLACEMENT_3D('',#6178,#5022,#5023);
#4084=AXIS2_PLACEMENT_3D('',#6180,#5024,#5025);
#4085=AXIS2_PLACEMENT_3D('',#6182,#5026,#5027);
#4086=AXIS2_PLACEMENT_3D('',#6183,#5028,#5029);
#4087=AXIS2_PLACEMENT_3D('',#6184,#5030,#5031);
#4088=AXIS2_PLACEMENT_3D('',#6185,#5032,#5033);
#4089=AXIS2_PLACEMENT_3D('',#6186,#5034,#5035);
#4090=AXIS2_PLACEMENT_3D('',#6187,#5036,#5037);
#4091=AXIS2_PLACEMENT_3D('',#6188,#5038,#5039);
#4092=AXIS2_PLACEMENT_3D('',#6189,#5040,#5041);
#4093=AXIS2_PLACEMENT_3D('',#6190,#5042,#5043);
#4094=AXIS2_PLACEMENT_3D('',#6191,#5044,#5045);
#4095=AXIS2_PLACEMENT_3D('',#6192,#5046,#5047);
#4096=AXIS2_PLACEMENT_3D('',#6193,#5048,#5049);
#4097=AXIS2_PLACEMENT_3D('',#6194,#5050,#5051);
#4098=AXIS2_PLACEMENT_3D('',#6195,#5052,#5053);
#4099=AXIS2_PLACEMENT_3D('',#6197,#5054,#5055);
#4100=AXIS2_PLACEMENT_3D('',#6199,#5056,#5057);
#4101=AXIS2_PLACEMENT_3D('',#6200,#5058,#5059);
#4102=AXIS2_PLACEMENT_3D('',#6201,#5060,#5061);
#4103=AXIS2_PLACEMENT_3D('',#6202,#5062,#5063);
#4104=AXIS2_PLACEMENT_3D('',#6205,#5066,#5067);
#4105=AXIS2_PLACEMENT_3D('',#6206,#5068,#5069);
#4106=AXIS2_PLACEMENT_3D('',#6207,#5070,#5071);
#4107=AXIS2_PLACEMENT_3D('',#6208,#5072,#5073);
#4108=AXIS2_PLACEMENT_3D('',#6209,#5074,#5075);
#4109=AXIS2_PLACEMENT_3D('',#6210,#5076,#5077);
#4110=AXIS2_PLACEMENT_3D('',#6211,#5078,#5079);
#4111=AXIS2_PLACEMENT_3D('',#6212,#5080,#5081);
#4112=AXIS2_PLACEMENT_3D('',#6214,#5082,#5083);
#4113=AXIS2_PLACEMENT_3D('',#6216,#5084,#5085);
#4114=AXIS2_PLACEMENT_3D('',#6217,#5086,#5087);
#4115=AXIS2_PLACEMENT_3D('',#6218,#5088,#5089);
#4116=AXIS2_PLACEMENT_3D('',#6219,#5090,#5091);
#4117=AXIS2_PLACEMENT_3D('',#6220,#5092,#5093);
#4118=AXIS2_PLACEMENT_3D('',#6221,#5094,#5095);
#4119=AXIS2_PLACEMENT_3D('',#6222,#5096,#5097);
#4120=AXIS2_PLACEMENT_3D('',#6223,#5098,#5099);
#4121=AXIS2_PLACEMENT_3D('',#6224,#5100,#5101);
#4122=AXIS2_PLACEMENT_3D('',#6225,#5102,#5103);
#4123=AXIS2_PLACEMENT_3D('',#6226,#5104,#5105);
#4124=AXIS2_PLACEMENT_3D('',#6227,#5106,#5107);
#4125=AXIS2_PLACEMENT_3D('',#6228,#5108,#5109);
#4126=AXIS2_PLACEMENT_3D('',#6229,#5110,#5111);
#4127=AXIS2_PLACEMENT_3D('',#6230,#5112,#5113);
#4128=AXIS2_PLACEMENT_3D('',#6231,#5114,#5115);
#4129=AXIS2_PLACEMENT_3D('',#6233,#5116,#5117);
#4130=AXIS2_PLACEMENT_3D('',#6235,#5118,#5119);
#4131=AXIS2_PLACEMENT_3D('',#6236,#5120,#5121);
#4132=AXIS2_PLACEMENT_3D('',#6238,#5122,#5123);
#4133=AXIS2_PLACEMENT_3D('',#6240,#5124,#5125);
#4134=AXIS2_PLACEMENT_3D('',#6242,#5126,#5127);
#4135=AXIS2_PLACEMENT_3D('',#6244,#5128,#5129);
#4136=AXIS2_PLACEMENT_3D('',#6246,#5130,#5131);
#4137=AXIS2_PLACEMENT_3D('',#6248,#5132,#5133);
#4138=AXIS2_PLACEMENT_3D('',#6252,#5136,#5137);
#4139=AXIS2_PLACEMENT_3D('',#6255,#5139,#5140);
#4140=AXIS2_PLACEMENT_3D('',#6256,#5141,#5142);
#4141=AXIS2_PLACEMENT_3D('',#6258,#5143,#5144);
#4142=AXIS2_PLACEMENT_3D('',#6260,#5146,#5147);
#4143=AXIS2_PLACEMENT_3D('',#6261,#5148,#5149);
#4144=AXIS2_PLACEMENT_3D('',#6265,#5152,#5153);
#4145=AXIS2_PLACEMENT_3D('',#6268,#5155,#5156);
#4146=AXIS2_PLACEMENT_3D('',#6269,#5157,#5158);
#4147=AXIS2_PLACEMENT_3D('',#6271,#5159,#5160);
#4148=AXIS2_PLACEMENT_3D('',#6273,#5162,#5163);
#4149=AXIS2_PLACEMENT_3D('',#6274,#5164,#5165);
#4150=AXIS2_PLACEMENT_3D('',#6279,#5168,#5169);
#4151=AXIS2_PLACEMENT_3D('',#6280,#5170,#5171);
#4152=AXIS2_PLACEMENT_3D('',#6282,#5172,#5173);
#4153=AXIS2_PLACEMENT_3D('',#6284,#5175,#5176);
#4154=AXIS2_PLACEMENT_3D('',#6286,#5178,#5179);
#4155=AXIS2_PLACEMENT_3D('',#6287,#5180,#5181);
#4156=AXIS2_PLACEMENT_3D('',#6292,#5184,#5185);
#4157=AXIS2_PLACEMENT_3D('',#6293,#5186,#5187);
#4158=AXIS2_PLACEMENT_3D('',#6295,#5188,#5189);
#4159=AXIS2_PLACEMENT_3D('',#6297,#5191,#5192);
#4160=AXIS2_PLACEMENT_3D('',#6299,#5194,#5195);
#4161=AXIS2_PLACEMENT_3D('',#6300,#5196,#5197);
#4162=AXIS2_PLACEMENT_3D('',#6301,#5198,#5199);
#4163=AXIS2_PLACEMENT_3D('',#6303,#5200,#5201);
#4164=AXIS2_PLACEMENT_3D('',#6304,#5202,#5203);
#4165=AXIS2_PLACEMENT_3D('',#6306,#5204,#5205);
#4166=AXIS2_PLACEMENT_3D('',#6307,#5206,#5207);
#4167=AXIS2_PLACEMENT_3D('',#6309,#5208,#5209);
#4168=AXIS2_PLACEMENT_3D('',#6310,#5210,#5211);
#4169=AXIS2_PLACEMENT_3D('',#6312,#5212,#5213);
#4170=AXIS2_PLACEMENT_3D('',#6313,#5214,#5215);
#4171=AXIS2_PLACEMENT_3D('',#6314,#5216,#5217);
#4172=AXIS2_PLACEMENT_3D('',#6315,#5218,#5219);
#4173=AXIS2_PLACEMENT_3D('',#6316,#5220,#5221);
#4174=AXIS2_PLACEMENT_3D('',#6317,#5222,#5223);
#4175=AXIS2_PLACEMENT_3D('',#6318,#5224,#5225);
#4176=AXIS2_PLACEMENT_3D('',#6319,#5226,#5227);
#4177=AXIS2_PLACEMENT_3D('',#6320,#5228,#5229);
#4178=AXIS2_PLACEMENT_3D('',#6321,#5230,#5231);
#4179=AXIS2_PLACEMENT_3D('',#6322,#5232,#5233);
#4180=AXIS2_PLACEMENT_3D('',#6323,#5234,#5235);
#4181=AXIS2_PLACEMENT_3D('',#6325,#5236,#5237);
#4182=AXIS2_PLACEMENT_3D('',#6326,#5238,#5239);
#4183=AXIS2_PLACEMENT_3D('',#6328,#5240,#5241);
#4184=AXIS2_PLACEMENT_3D('',#6329,#5242,#5243);
#4185=AXIS2_PLACEMENT_3D('',#6330,#5244,#5245);
#4186=AXIS2_PLACEMENT_3D('',#6332,#5246,#5247);
#4187=AXIS2_PLACEMENT_3D('',#6333,#5248,#5249);
#4188=AXIS2_PLACEMENT_3D('',#6335,#5250,#5251);
#4189=AXIS2_PLACEMENT_3D('',#6336,#5252,#5253);
#4190=AXIS2_PLACEMENT_3D('',#6338,#5254,#5255);
#4191=AXIS2_PLACEMENT_3D('',#6339,#5256,#5257);
#4192=AXIS2_PLACEMENT_3D('',#6340,#5258,#5259);
#4193=AXIS2_PLACEMENT_3D('',#6342,#5260,#5261);
#4194=AXIS2_PLACEMENT_3D('',#6343,#5262,#5263);
#4195=AXIS2_PLACEMENT_3D('',#6345,#5264,#5265);
#4196=AXIS2_PLACEMENT_3D('',#6346,#5266,#5267);
#4197=AXIS2_PLACEMENT_3D('',#6347,#5268,#5269);
#4198=AXIS2_PLACEMENT_3D('',#6349,#5270,#5271);
#4199=AXIS2_PLACEMENT_3D('',#6350,#5272,#5273);
#4200=AXIS2_PLACEMENT_3D('',#6351,#5274,#5275);
#4201=AXIS2_PLACEMENT_3D('',#6352,#5276,#5277);
#4202=AXIS2_PLACEMENT_3D('',#6354,#5278,#5279);
#4203=AXIS2_PLACEMENT_3D('',#6356,#5280,#5281);
#4204=AXIS2_PLACEMENT_3D('',#6357,#5282,#5283);
#4205=AXIS2_PLACEMENT_3D('',#6359,#5284,#5285);
#4206=AXIS2_PLACEMENT_3D('',#6361,#5286,#5287);
#4207=AXIS2_PLACEMENT_3D('',#6362,#5288,#5289);
#4208=AXIS2_PLACEMENT_3D('',#6363,#5290,#5291);
#4209=AXIS2_PLACEMENT_3D('',#6364,#5292,#5293);
#4210=AXIS2_PLACEMENT_3D('',#6365,#5294,#5295);
#4211=AXIS2_PLACEMENT_3D('',#6367,#5296,#5297);
#4212=AXIS2_PLACEMENT_3D('',#6369,#5298,#5299);
#4213=AXIS2_PLACEMENT_3D('',#6370,#5300,#5301);
#4214=AXIS2_PLACEMENT_3D('',#6372,#5302,#5303);
#4215=AXIS2_PLACEMENT_3D('',#6374,#5304,#5305);
#4216=AXIS2_PLACEMENT_3D('',#6375,#5306,#5307);
#4217=AXIS2_PLACEMENT_3D('',#6376,#5308,#5309);
#4218=AXIS2_PLACEMENT_3D('',#6377,#5310,#5311);
#4219=AXIS2_PLACEMENT_3D('',#6378,#5312,#5313);
#4220=AXIS2_PLACEMENT_3D('',#6380,#5314,#5315);
#4221=AXIS2_PLACEMENT_3D('',#6382,#5316,#5317);
#4222=AXIS2_PLACEMENT_3D('',#6383,#5318,#5319);
#4223=AXIS2_PLACEMENT_3D('',#6385,#5320,#5321);
#4224=AXIS2_PLACEMENT_3D('',#6387,#5322,#5323);
#4225=AXIS2_PLACEMENT_3D('',#6388,#5324,#5325);
#4226=AXIS2_PLACEMENT_3D('',#6389,#5326,#5327);
#4227=AXIS2_PLACEMENT_3D('',#6390,#5328,#5329);
#4228=AXIS2_PLACEMENT_3D('',#6391,#5330,#5331);
#4229=AXIS2_PLACEMENT_3D('',#6393,#5332,#5333);
#4230=AXIS2_PLACEMENT_3D('',#6395,#5334,#5335);
#4231=AXIS2_PLACEMENT_3D('',#6396,#5336,#5337);
#4232=AXIS2_PLACEMENT_3D('',#6398,#5338,#5339);
#4233=AXIS2_PLACEMENT_3D('',#6400,#5340,#5341);
#4234=AXIS2_PLACEMENT_3D('',#6401,#5342,#5343);
#4235=AXIS2_PLACEMENT_3D('',#6402,#5344,#5345);
#4236=AXIS2_PLACEMENT_3D('',#6403,#5346,#5347);
#4237=AXIS2_PLACEMENT_3D('',#6404,#5348,#5349);
#4238=AXIS2_PLACEMENT_3D('',#6406,#5350,#5351);
#4239=AXIS2_PLACEMENT_3D('',#6408,#5352,#5353);
#4240=AXIS2_PLACEMENT_3D('',#6409,#5354,#5355);
#4241=AXIS2_PLACEMENT_3D('',#6411,#5356,#5357);
#4242=AXIS2_PLACEMENT_3D('',#6413,#5358,#5359);
#4243=AXIS2_PLACEMENT_3D('',#6414,#5360,#5361);
#4244=DIRECTION('',(0.,0.,1.));
#4245=DIRECTION('',(1.,0.,0.));
#4246=DIRECTION('',(0.,0.,1.));
#4247=DIRECTION('',(1.,0.,0.));
#4248=DIRECTION('',(0.,0.,-1.));
#4249=DIRECTION('',(-1.,0.,0.));
#4250=DIRECTION('',(0.,0.,-1.));
#4251=DIRECTION('',(-1.,0.,0.));
#4252=DIRECTION('',(0.,0.,1.));
#4253=DIRECTION('',(1.,0.,0.));
#4254=DIRECTION('',(0.,0.,-1.));
#4255=DIRECTION('',(-1.,0.,0.));
#4256=DIRECTION('',(0.,0.,-1.));
#4257=DIRECTION('',(-1.,0.,0.));
#4258=DIRECTION('',(0.,0.,-1.));
#4259=DIRECTION('',(1.,0.,0.));
#4260=DIRECTION('',(0.,0.,-1.));
#4261=DIRECTION('',(1.,0.,0.));
#4262=DIRECTION('',(0.,0.,1.));
#4263=DIRECTION('',(1.,0.,0.));
#4264=DIRECTION('',(0.,0.,-1.));
#4265=DIRECTION('',(1.,0.,0.));
#4266=DIRECTION('',(1.,0.,0.));
#4267=DIRECTION('',(0.,-1.,0.));
#4268=DIRECTION('',(1.,0.,0.));
#4269=DIRECTION('',(0.,-1.,0.));
#4270=DIRECTION('',(-1.,0.,0.));
#4271=DIRECTION('',(-6.93889390390724E-16,-1.,0.));
#4272=DIRECTION('',(1.,0.,0.));
#4273=DIRECTION('',(-1.38777878078144E-15,-1.,0.));
#4274=DIRECTION('',(1.,0.,0.));
#4275=DIRECTION('',(0.,-1.,0.));
#4276=DIRECTION('',(1.,0.,0.));
#4277=DIRECTION('',(-1.5770213417971E-15,-1.,0.));
#4278=DIRECTION('',(0.,-1.,0.));
#4279=DIRECTION('',(1.,0.,0.));
#4280=DIRECTION('',(0.,-1.,0.));
#4281=DIRECTION('',(1.,0.,0.));
#4282=DIRECTION('',(0.,-1.,0.));
#4283=DIRECTION('',(1.,0.,0.));
#4284=DIRECTION('',(1.,0.,0.));
#4285=DIRECTION('',(0.,-1.,0.));
#4286=DIRECTION('',(1.,0.,0.));
#4287=DIRECTION('',(0.,-1.,0.));
#4288=DIRECTION('',(1.,0.,0.));
#4289=DIRECTION('',(0.,-1.,0.));
#4290=DIRECTION('',(0.,0.,-1.));
#4291=DIRECTION('',(-1.,0.,0.));
#4292=DIRECTION('',(0.,0.,-1.));
#4293=DIRECTION('',(-1.,0.,0.));
#4294=DIRECTION('',(0.,0.,-1.));
#4295=DIRECTION('',(-1.,0.,0.));
#4296=DIRECTION('',(0.,0.,-1.));
#4297=DIRECTION('',(-1.,0.,0.));
#4298=DIRECTION('',(0.,0.,-1.));
#4299=DIRECTION('',(-1.,0.,0.));
#4300=DIRECTION('',(0.,0.,-1.));
#4301=DIRECTION('',(-1.,0.,0.));
#4302=DIRECTION('',(0.,0.,-1.));
#4303=DIRECTION('',(-1.,0.,0.));
#4304=DIRECTION('',(0.,0.,-1.));
#4305=DIRECTION('',(-1.,0.,0.));
#4306=DIRECTION('',(0.,0.,-1.));
#4307=DIRECTION('',(-1.,0.,0.));
#4308=DIRECTION('',(3.70074341541719E-15,-1.,0.));
#4309=DIRECTION('',(0.,0.,-1.));
#4310=DIRECTION('',(-1.,0.,0.));
#4311=DIRECTION('',(0.,0.,-1.));
#4312=DIRECTION('',(-1.,0.,0.));
#4313=DIRECTION('',(0.,0.,-1.));
#4314=DIRECTION('',(-1.,0.,0.));
#4315=DIRECTION('',(0.,0.,-1.));
#4316=DIRECTION('',(-1.,0.,0.));
#4317=DIRECTION('',(0.,0.,-1.));
#4318=DIRECTION('',(-1.,0.,0.));
#4319=DIRECTION('',(-4.22942104619108E-15,1.,0.));
#4320=DIRECTION('',(0.,0.,-1.));
#4321=DIRECTION('',(-1.,0.,0.));
#4322=DIRECTION('',(0.,0.,-1.));
#4323=DIRECTION('',(-1.,0.,0.));
#4324=DIRECTION('',(0.,0.,-1.));
#4325=DIRECTION('',(-1.,0.,0.));
#4326=DIRECTION('',(0.,0.,-1.));
#4327=DIRECTION('',(-1.,0.,0.));
#4328=DIRECTION('',(-1.,0.,0.));
#4329=DIRECTION('',(0.,1.,0.));
#4330=DIRECTION('',(-1.,0.,0.));
#4331=DIRECTION('',(0.,1.,0.));
#4332=DIRECTION('',(0.,0.,1.));
#4333=DIRECTION('',(1.,0.,0.));
#4334=DIRECTION('',(0.,0.,-1.));
#4335=DIRECTION('',(-1.,0.,0.));
#4336=DIRECTION('',(0.,0.,1.));
#4337=DIRECTION('',(0.,0.,1.));
#4338=DIRECTION('',(0.,0.,1.));
#4339=DIRECTION('',(1.,0.,0.));
#4340=DIRECTION('',(0.,0.,-1.));
#4341=DIRECTION('',(-1.,0.,0.));
#4342=DIRECTION('',(0.,0.,1.));
#4343=DIRECTION('',(0.,0.,1.));
#4344=DIRECTION('',(1.,0.,0.));
#4345=DIRECTION('',(0.,0.,-1.));
#4346=DIRECTION('',(-1.,0.,0.));
#4347=DIRECTION('',(0.,0.,1.));
#4348=DIRECTION('',(-1.,-3.70074341541719E-15,0.));
#4349=DIRECTION('',(3.70074341541719E-15,-1.,0.));
#4350=DIRECTION('',(3.70074341541719E-15,-1.,0.));
#4351=DIRECTION('',(0.,0.,1.));
#4352=DIRECTION('',(0.,0.,1.));
#4353=DIRECTION('',(1.,0.,0.));
#4354=DIRECTION('',(0.,0.,-1.));
#4355=DIRECTION('',(-1.,0.,0.));
#4356=DIRECTION('',(0.,0.,1.));
#4357=DIRECTION('',(0.,0.,1.));
#4358=DIRECTION('',(1.,0.,0.));
#4359=DIRECTION('',(0.,0.,-1.));
#4360=DIRECTION('',(-1.,0.,0.));
#4361=DIRECTION('',(0.,0.,1.));
#4362=DIRECTION('',(0.,0.,1.));
#4363=DIRECTION('',(1.,0.,0.));
#4364=DIRECTION('',(0.,0.,-1.));
#4365=DIRECTION('',(-1.,0.,0.));
#4366=DIRECTION('',(0.,0.,1.));
#4367=DIRECTION('',(0.,0.,1.));
#4368=DIRECTION('',(1.,0.,0.));
#4369=DIRECTION('',(0.,0.,-1.));
#4370=DIRECTION('',(-1.,0.,0.));
#4371=DIRECTION('',(0.,0.,1.));
#4372=DIRECTION('',(0.,0.,1.));
#4373=DIRECTION('',(1.,0.,0.));
#4374=DIRECTION('',(0.,0.,-1.));
#4375=DIRECTION('',(-1.,0.,0.));
#4376=DIRECTION('',(0.,0.,1.));
#4377=DIRECTION('',(1.,4.22942104619108E-15,0.));
#4378=DIRECTION('',(-4.22942104619108E-15,1.,0.));
#4379=DIRECTION('',(-4.22942104619108E-15,1.,0.));
#4380=DIRECTION('',(0.,0.,1.));
#4381=DIRECTION('',(0.,0.,1.));
#4382=DIRECTION('',(1.,0.,0.));
#4383=DIRECTION('',(0.,0.,-1.));
#4384=DIRECTION('',(-1.,0.,0.));
#4385=DIRECTION('',(0.,0.,1.));
#4386=DIRECTION('',(0.,0.,1.));
#4387=DIRECTION('',(1.,0.,0.));
#4388=DIRECTION('',(0.,0.,-1.));
#4389=DIRECTION('',(-1.,0.,0.));
#4390=DIRECTION('',(0.,0.,1.));
#4391=DIRECTION('',(1.,0.,0.));
#4392=DIRECTION('',(0.,0.,-1.));
#4393=DIRECTION('',(-1.,0.,0.));
#4394=DIRECTION('',(0.,0.,1.));
#4395=DIRECTION('',(1.,0.,0.));
#4396=DIRECTION('',(0.,0.,-1.));
#4397=DIRECTION('',(-1.,0.,0.));
#4398=DIRECTION('',(0.,0.,1.));
#4399=DIRECTION('',(1.,0.,0.));
#4400=DIRECTION('',(0.,0.,-1.));
#4401=DIRECTION('',(-1.,0.,0.));
#4402=DIRECTION('',(0.,0.,1.));
#4403=DIRECTION('',(1.,0.,0.));
#4404=DIRECTION('',(0.,0.,-1.));
#4405=DIRECTION('',(-1.,0.,0.));
#4406=DIRECTION('',(0.,0.,1.));
#4407=DIRECTION('',(1.,0.,0.));
#4408=DIRECTION('',(0.,0.,-1.));
#4409=DIRECTION('',(-1.,0.,0.));
#4410=DIRECTION('',(0.,0.,1.));
#4411=DIRECTION('',(1.,0.,0.));
#4412=DIRECTION('',(0.,0.,-1.));
#4413=DIRECTION('',(-1.,0.,0.));
#4414=DIRECTION('',(0.,0.,-1.));
#4415=DIRECTION('',(1.,0.,0.));
#4416=DIRECTION('',(-1.,0.,0.));
#4417=DIRECTION('',(0.,0.,1.));
#4418=DIRECTION('',(0.,0.,1.));
#4419=DIRECTION('',(0.,-1.,0.));
#4420=DIRECTION('',(0.,0.,1.));
#4421=DIRECTION('',(0.,-1.,0.));
#4422=DIRECTION('',(0.,0.,-1.));
#4423=DIRECTION('',(0.,0.,1.));
#4424=DIRECTION('',(1.,0.,0.));
#4425=DIRECTION('',(-1.,0.,0.));
#4426=DIRECTION('',(0.,0.,1.));
#4427=DIRECTION('',(0.,0.,1.));
#4428=DIRECTION('',(0.,-1.,0.));
#4429=DIRECTION('',(0.,-1.,0.));
#4430=DIRECTION('',(0.,0.,-1.));
#4431=DIRECTION('',(0.,0.,1.));
#4432=DIRECTION('',(1.,0.,0.));
#4433=DIRECTION('',(-1.,0.,0.));
#4434=DIRECTION('',(0.,0.,1.));
#4435=DIRECTION('',(0.,0.,1.));
#4436=DIRECTION('',(0.,-1.,0.));
#4437=DIRECTION('',(0.,-1.,0.));
#4438=DIRECTION('',(0.,0.,-1.));
#4439=DIRECTION('',(1.,0.,0.));
#4440=DIRECTION('',(0.,0.,-1.));
#4441=DIRECTION('',(1.,0.,0.));
#4442=DIRECTION('',(0.,-1.,0.));
#4443=DIRECTION('',(0.,0.,-1.));
#4444=DIRECTION('',(0.,0.,1.));
#4445=DIRECTION('',(1.,0.,0.));
#4446=DIRECTION('',(0.,0.,1.));
#4447=DIRECTION('',(-1.,0.,0.));
#4448=DIRECTION('',(0.,0.,1.));
#4449=DIRECTION('',(0.,0.,1.));
#4450=DIRECTION('',(0.,-1.,0.));
#4451=DIRECTION('',(0.,-1.,0.));
#4452=DIRECTION('',(0.,0.,-1.));
#4453=DIRECTION('',(0.,0.,1.));
#4454=DIRECTION('',(1.,0.,0.));
#4455=DIRECTION('',(-1.,0.,0.));
#4456=DIRECTION('',(0.,0.,1.));
#4457=DIRECTION('',(0.,0.,1.));
#4458=DIRECTION('',(0.,-1.,0.));
#4459=DIRECTION('',(0.,-1.,0.));
#4460=DIRECTION('',(0.,0.,-1.));
#4461=DIRECTION('',(0.,0.,1.));
#4462=DIRECTION('',(1.,0.,0.));
#4463=DIRECTION('',(-1.,0.,0.));
#4464=DIRECTION('',(0.,0.,1.));
#4465=DIRECTION('',(0.,-1.,0.));
#4466=DIRECTION('',(0.,0.,-1.));
#4467=DIRECTION('',(1.,0.,0.));
#4468=DIRECTION('',(-1.,1.38777878078144E-15,0.));
#4469=DIRECTION('',(-1.38777878078144E-15,-1.,0.));
#4470=DIRECTION('',(0.,0.,1.));
#4471=DIRECTION('',(-1.38777878078144E-15,-1.,0.));
#4472=DIRECTION('',(0.,0.,1.));
#4473=DIRECTION('',(0.,-1.,0.));
#4474=DIRECTION('',(0.,0.,-1.));
#4475=DIRECTION('',(0.,0.,1.));
#4476=DIRECTION('',(1.,0.,0.));
#4477=DIRECTION('',(-1.,1.5770213417971E-15,0.));
#4478=DIRECTION('',(-1.5770213417971E-15,-1.,0.));
#4479=DIRECTION('',(0.,0.,1.));
#4480=DIRECTION('',(-1.5770213417971E-15,-1.,0.));
#4481=DIRECTION('',(0.,-1.,0.));
#4482=DIRECTION('',(0.,0.,-1.));
#4483=DIRECTION('',(0.,0.,1.));
#4484=DIRECTION('',(1.,0.,0.));
#4485=DIRECTION('',(-1.,0.,0.));
#4486=DIRECTION('',(0.,0.,1.));
#4487=DIRECTION('',(0.,0.,1.));
#4488=DIRECTION('',(0.,-1.,0.));
#4489=DIRECTION('',(0.,-1.,0.));
#4490=DIRECTION('',(0.,0.,-1.));
#4491=DIRECTION('',(1.,0.,0.));
#4492=DIRECTION('',(0.,0.,-1.));
#4493=DIRECTION('',(1.,0.,0.));
#4494=DIRECTION('',(-1.,0.,0.));
#4495=DIRECTION('',(0.,0.,1.));
#4496=DIRECTION('',(0.,0.,1.));
#4497=DIRECTION('',(0.,-1.,0.));
#4498=DIRECTION('',(0.,0.,1.));
#4499=DIRECTION('',(0.,-1.,0.));
#4500=DIRECTION('',(0.,0.,-1.));
#4501=DIRECTION('',(0.,0.,1.));
#4502=DIRECTION('',(1.,0.,0.));
#4503=DIRECTION('',(-1.,6.93889390390724E-16,0.));
#4504=DIRECTION('',(-6.93889390390724E-16,-1.,0.));
#4505=DIRECTION('',(0.,0.,1.));
#4506=DIRECTION('',(-6.93889390390724E-16,-1.,0.));
#4507=DIRECTION('',(0.,1.,0.));
#4508=DIRECTION('',(0.,0.,1.));
#4509=DIRECTION('',(0.,0.,1.));
#4510=DIRECTION('',(-1.,0.,0.));
#4511=DIRECTION('',(-1.,0.,0.));
#4512=DIRECTION('',(0.,0.,1.));
#4513=DIRECTION('',(0.,0.,1.));
#4514=DIRECTION('',(0.,-1.,0.));
#4515=DIRECTION('',(0.,-1.,0.));
#4516=DIRECTION('',(0.,0.,-1.));
#4517=DIRECTION('',(1.,0.,0.));
#4518=DIRECTION('',(0.,0.,-1.));
#4519=DIRECTION('',(1.,0.,0.));
#4520=DIRECTION('',(0.,0.,1.));
#4521=DIRECTION('',(1.,0.,0.));
#4522=DIRECTION('',(0.,0.,-1.));
#4523=DIRECTION('',(-1.,0.,0.));
#4524=DIRECTION('',(0.,0.,1.));
#4525=DIRECTION('',(1.,0.,0.));
#4526=DIRECTION('',(0.,0.,-1.));
#4527=DIRECTION('',(-1.,0.,0.));
#4528=DIRECTION('',(0.,0.,-1.));
#4529=DIRECTION('',(-1.,0.,0.));
#4530=DIRECTION('',(0.,0.,-1.));
#4531=DIRECTION('',(1.,0.,0.));
#4532=DIRECTION('',(0.,0.,-1.));
#4533=DIRECTION('',(1.,0.,0.));
#4534=DIRECTION('',(0.,0.,1.));
#4535=DIRECTION('',(1.,0.,0.));
#4536=DIRECTION('',(0.,0.,-1.));
#4537=DIRECTION('',(-1.,0.,0.));
#4538=DIRECTION('',(0.,0.,-1.));
#4539=DIRECTION('',(-1.,0.,0.));
#4540=DIRECTION('',(0.,0.,1.));
#4541=DIRECTION('',(1.,0.,0.));
#4542=DIRECTION('',(0.,0.,-1.));
#4543=DIRECTION('',(-1.,0.,0.));
#4544=DIRECTION('',(0.,0.,-1.));
#4545=DIRECTION('',(1.,0.,0.));
#4546=DIRECTION('',(0.,0.,-1.));
#4547=DIRECTION('',(1.,0.,0.));
#4548=DIRECTION('',(0.,1.,0.));
#4549=DIRECTION('',(0.,0.,1.));
#4550=DIRECTION('',(0.,0.,1.));
#4551=DIRECTION('',(-1.,0.,0.));
#4552=DIRECTION('',(0.,0.,1.));
#4553=DIRECTION('',(1.,0.,0.));
#4554=DIRECTION('',(0.,0.,-1.));
#4555=DIRECTION('',(0.,0.,1.));
#4556=DIRECTION('',(0.,1.,0.));
#4557=DIRECTION('',(0.,1.,0.));
#4558=DIRECTION('',(0.,0.,1.));
#4559=DIRECTION('',(0.,0.,1.));
#4560=DIRECTION('',(-1.,0.,0.));
#4561=DIRECTION('',(1.,0.,0.));
#4562=DIRECTION('',(0.,0.,-1.));
#4563=DIRECTION('',(0.,1.,0.));
#4564=DIRECTION('',(0.,0.,-1.));
#4565=DIRECTION('',(1.,0.,0.));
#4566=DIRECTION('',(0.,0.,1.));
#4567=DIRECTION('',(1.,0.,0.));
#4568=DIRECTION('',(0.,0.,1.));
#4569=DIRECTION('',(1.,0.,0.));
#4570=DIRECTION('',(0.,0.,1.));
#4571=DIRECTION('',(1.,0.,0.));
#4572=DIRECTION('',(0.,0.,1.));
#4573=DIRECTION('',(1.,0.,0.));
#4574=DIRECTION('',(0.,0.,1.));
#4575=DIRECTION('',(1.,0.,0.));
#4576=DIRECTION('',(0.,0.,1.));
#4577=DIRECTION('',(1.,0.,0.));
#4578=DIRECTION('',(0.,0.,1.));
#4579=DIRECTION('',(1.,0.,0.));
#4580=DIRECTION('',(0.,0.,1.));
#4581=DIRECTION('',(1.,0.,0.));
#4582=DIRECTION('',(0.,0.,1.));
#4583=DIRECTION('',(1.,0.,0.));
#4584=DIRECTION('',(0.,0.,1.));
#4585=DIRECTION('',(1.,0.,0.));
#4586=DIRECTION('',(0.,0.,1.));
#4587=DIRECTION('',(1.,0.,0.));
#4588=DIRECTION('',(0.,0.,1.));
#4589=DIRECTION('',(1.,0.,0.));
#4590=DIRECTION('',(0.,1.,0.));
#4591=DIRECTION('',(0.,0.,1.));
#4592=DIRECTION('',(1.,0.,0.));
#4593=DIRECTION('',(0.,1.,0.));
#4594=DIRECTION('',(1.,0.,0.));
#4595=DIRECTION('',(0.,0.,1.));
#4596=DIRECTION('',(1.,0.,0.));
#4597=DIRECTION('',(4.22942104619107E-15,-1.,0.));
#4598=DIRECTION('',(0.,0.,1.));
#4599=DIRECTION('',(1.,0.,0.));
#4600=DIRECTION('',(1.,3.92999300752268E-15,0.));
#4601=DIRECTION('',(8.54017711250112E-15,-1.,0.));
#4602=DIRECTION('',(0.,0.,-1.));
#4603=DIRECTION('',(1.,0.,0.));
#4604=DIRECTION('',(0.,-1.,0.));
#4605=DIRECTION('',(-1.,-3.73812466203756E-15,0.));
#4606=DIRECTION('',(3.71437631178309E-15,-1.,0.));
#4607=DIRECTION('',(0.,0.,-1.));
#4608=DIRECTION('',(1.,0.,0.));
#4609=DIRECTION('',(3.7143763117831E-15,-1.,0.));
#4610=DIRECTION('',(-1.,-3.92999300752267E-15,0.));
#4611=DIRECTION('',(0.,0.,1.));
#4612=DIRECTION('',(1.,0.,0.));
#4613=DIRECTION('',(3.70074341541719E-15,-1.,0.));
#4614=DIRECTION('',(0.,0.,1.));
#4615=DIRECTION('',(1.,0.,0.));
#4616=DIRECTION('',(-1.,0.,0.));
#4617=DIRECTION('',(0.,1.,0.));
#4618=DIRECTION('',(0.,0.,1.));
#4619=DIRECTION('',(1.,0.,0.));
#4620=DIRECTION('',(0.,1.,0.));
#4621=DIRECTION('',(-1.,0.,0.));
#4622=DIRECTION('',(-0.707106781186545,0.70710678118655,0.));
#4623=DIRECTION('',(-0.70710678118655,-0.707106781186545,0.));
#4624=DIRECTION('',(0.70710678118655,0.707106781186545,0.));
#4625=DIRECTION('',(0.,0.,-1.));
#4626=DIRECTION('',(0.70710678118655,0.707106781186545,0.));
#4627=DIRECTION('',(0.,0.,-1.));
#4628=DIRECTION('',(0.,0.,-1.));
#4629=DIRECTION('',(-1.,0.,0.));
#4630=DIRECTION('',(0.,0.,1.));
#4631=DIRECTION('',(1.,0.,0.));
#4632=DIRECTION('',(0.,0.,-1.));
#4633=DIRECTION('',(0.,0.,1.));
#4634=DIRECTION('',(1.,0.,0.));
#4635=DIRECTION('',(-0.707106781186546,0.707106781186549,0.));
#4636=DIRECTION('',(-0.707106781186549,-0.707106781186546,0.));
#4637=DIRECTION('',(0.707106781186549,0.707106781186547,0.));
#4638=DIRECTION('',(0.,0.,-1.));
#4639=DIRECTION('',(0.707106781186549,0.707106781186547,0.));
#4640=DIRECTION('',(0.70710678118655,0.707106781186545,0.));
#4641=DIRECTION('',(-0.707106781186545,0.70710678118655,0.));
#4642=DIRECTION('',(0.707106781186545,-0.70710678118655,0.));
#4643=DIRECTION('',(0.,0.,-1.));
#4644=DIRECTION('',(0.707106781186545,-0.70710678118655,0.));
#4645=DIRECTION('',(0.,0.,-1.));
#4646=DIRECTION('',(0.,0.,-1.));
#4647=DIRECTION('',(-1.,0.,0.));
#4648=DIRECTION('',(0.,0.,1.));
#4649=DIRECTION('',(1.,0.,0.));
#4650=DIRECTION('',(0.,0.,-1.));
#4651=DIRECTION('',(0.,0.,1.));
#4652=DIRECTION('',(1.,0.,0.));
#4653=DIRECTION('',(0.70710678118655,0.707106781186545,0.));
#4654=DIRECTION('',(-0.707106781186545,0.70710678118655,0.));
#4655=DIRECTION('',(0.707106781186545,-0.70710678118655,0.));
#4656=DIRECTION('',(0.,0.,-1.));
#4657=DIRECTION('',(0.707106781186545,-0.70710678118655,0.));
#4658=DIRECTION('',(-0.707106781186552,-0.707106781186543,0.));
#4659=DIRECTION('',(0.707106781186543,-0.707106781186552,0.));
#4660=DIRECTION('',(-0.707106781186543,0.707106781186552,0.));
#4661=DIRECTION('',(0.,0.,-1.));
#4662=DIRECTION('',(-0.707106781186543,0.707106781186552,0.));
#4663=DIRECTION('',(0.,0.,-1.));
#4664=DIRECTION('',(0.,0.,-1.));
#4665=DIRECTION('',(-1.,0.,0.));
#4666=DIRECTION('',(0.,0.,1.));
#4667=DIRECTION('',(1.,0.,0.));
#4668=DIRECTION('',(0.,0.,-1.));
#4669=DIRECTION('',(0.,0.,1.));
#4670=DIRECTION('',(1.,0.,0.));
#4671=DIRECTION('',(-0.707106781186548,-0.707106781186548,0.));
#4672=DIRECTION('',(0.707106781186548,-0.707106781186548,0.));
#4673=DIRECTION('',(-0.707106781186548,0.707106781186548,0.));
#4674=DIRECTION('',(0.,0.,-1.));
#4675=DIRECTION('',(-0.707106781186548,0.707106781186548,0.));
#4676=DIRECTION('',(0.707106781186546,-0.707106781186549,0.));
#4677=DIRECTION('',(0.707106781186549,0.707106781186546,0.));
#4678=DIRECTION('',(-0.707106781186549,-0.707106781186546,0.));
#4679=DIRECTION('',(0.,0.,-1.));
#4680=DIRECTION('',(-0.707106781186549,-0.707106781186546,0.));
#4681=DIRECTION('',(0.,0.,-1.));
#4682=DIRECTION('',(0.,0.,-1.));
#4683=DIRECTION('',(-1.,0.,0.));
#4684=DIRECTION('',(0.,0.,1.));
#4685=DIRECTION('',(1.,0.,0.));
#4686=DIRECTION('',(0.,0.,-1.));
#4687=DIRECTION('',(0.,0.,1.));
#4688=DIRECTION('',(1.,0.,0.));
#4689=DIRECTION('',(0.707106781186545,-0.70710678118655,0.));
#4690=DIRECTION('',(0.70710678118655,0.707106781186545,0.));
#4691=DIRECTION('',(-0.70710678118655,-0.707106781186545,0.));
#4692=DIRECTION('',(0.,0.,-1.));
#4693=DIRECTION('',(-0.70710678118655,-0.707106781186545,0.));
#4694=DIRECTION('',(-0.707106781186548,0.707106781186548,0.));
#4695=DIRECTION('',(-0.707106781186548,-0.707106781186548,0.));
#4696=DIRECTION('',(0.707106781186548,0.707106781186548,0.));
#4697=DIRECTION('',(0.,0.,-1.));
#4698=DIRECTION('',(0.707106781186548,0.707106781186548,0.));
#4699=DIRECTION('',(0.,0.,-1.));
#4700=DIRECTION('',(0.,0.,-1.));
#4701=DIRECTION('',(-1.,0.,0.));
#4702=DIRECTION('',(0.,0.,1.));
#4703=DIRECTION('',(1.,0.,0.));
#4704=DIRECTION('',(0.,0.,-1.));
#4705=DIRECTION('',(0.,0.,1.));
#4706=DIRECTION('',(1.,0.,0.));
#4707=DIRECTION('',(-0.707106781186548,0.707106781186548,0.));
#4708=DIRECTION('',(-0.707106781186548,-0.707106781186548,0.));
#4709=DIRECTION('',(0.707106781186548,0.707106781186548,0.));
#4710=DIRECTION('',(0.,0.,-1.));
#4711=DIRECTION('',(0.707106781186548,0.707106781186548,0.));
#4712=DIRECTION('',(0.707106781186547,0.707106781186548,0.));
#4713=DIRECTION('',(-0.707106781186548,0.707106781186547,0.));
#4714=DIRECTION('',(0.707106781186548,-0.707106781186547,0.));
#4715=DIRECTION('',(0.,0.,-1.));
#4716=DIRECTION('',(0.707106781186548,-0.707106781186547,0.));
#4717=DIRECTION('',(0.,0.,-1.));
#4718=DIRECTION('',(0.,0.,-1.));
#4719=DIRECTION('',(-1.,0.,0.));
#4720=DIRECTION('',(0.,0.,1.));
#4721=DIRECTION('',(1.,0.,0.));
#4722=DIRECTION('',(0.,0.,-1.));
#4723=DIRECTION('',(0.,0.,1.));
#4724=DIRECTION('',(1.,0.,0.));
#4725=DIRECTION('',(0.707106781186548,0.707106781186548,0.));
#4726=DIRECTION('',(-0.707106781186548,0.707106781186548,0.));
#4727=DIRECTION('',(0.707106781186548,-0.707106781186548,0.));
#4728=DIRECTION('',(0.,0.,-1.));
#4729=DIRECTION('',(0.707106781186548,-0.707106781186548,0.));
#4730=DIRECTION('',(-0.707106781186547,-0.707106781186548,0.));
#4731=DIRECTION('',(0.707106781186548,-0.707106781186547,0.));
#4732=DIRECTION('',(-0.707106781186548,0.707106781186547,0.));
#4733=DIRECTION('',(0.,0.,-1.));
#4734=DIRECTION('',(-0.707106781186548,0.707106781186547,0.));
#4735=DIRECTION('',(0.,0.,-1.));
#4736=DIRECTION('',(0.,0.,-1.));
#4737=DIRECTION('',(-1.,0.,0.));
#4738=DIRECTION('',(0.,0.,1.));
#4739=DIRECTION('',(1.,0.,0.));
#4740=DIRECTION('',(0.,0.,-1.));
#4741=DIRECTION('',(0.,0.,1.));
#4742=DIRECTION('',(1.,0.,0.));
#4743=DIRECTION('',(-0.707106781186547,-0.707106781186548,0.));
#4744=DIRECTION('',(0.707106781186548,-0.707106781186547,0.));
#4745=DIRECTION('',(-0.707106781186548,0.707106781186547,0.));
#4746=DIRECTION('',(0.,0.,-1.));
#4747=DIRECTION('',(-0.707106781186548,0.707106781186547,0.));
#4748=DIRECTION('',(0.707106781186548,-0.707106781186548,0.));
#4749=DIRECTION('',(0.707106781186548,0.707106781186548,0.));
#4750=DIRECTION('',(-0.707106781186548,-0.707106781186548,0.));
#4751=DIRECTION('',(0.,0.,-1.));
#4752=DIRECTION('',(-0.707106781186548,-0.707106781186548,0.));
#4753=DIRECTION('',(0.,0.,-1.));
#4754=DIRECTION('',(0.,0.,-1.));
#4755=DIRECTION('',(-1.,0.,0.));
#4756=DIRECTION('',(0.,0.,1.));
#4757=DIRECTION('',(1.,0.,0.));
#4758=DIRECTION('',(0.,0.,-1.));
#4759=DIRECTION('',(0.,0.,1.));
#4760=DIRECTION('',(1.,0.,0.));
#4761=DIRECTION('',(0.707106781186548,-0.707106781186548,0.));
#4762=DIRECTION('',(0.707106781186548,0.707106781186548,0.));
#4763=DIRECTION('',(-0.707106781186548,-0.707106781186548,0.));
#4764=DIRECTION('',(0.,0.,-1.));
#4765=DIRECTION('',(-0.707106781186548,-0.707106781186548,0.));
#4766=DIRECTION('',(0.707106781186543,0.707106781186552,0.));
#4767=DIRECTION('',(-0.707106781186552,0.707106781186543,0.));
#4768=DIRECTION('',(0.707106781186552,-0.707106781186543,0.));
#4769=DIRECTION('',(0.,0.,-1.));
#4770=DIRECTION('',(0.707106781186552,-0.707106781186543,0.));
#4771=DIRECTION('',(0.,0.,-1.));
#4772=DIRECTION('',(0.,0.,-1.));
#4773=DIRECTION('',(-1.,0.,0.));
#4774=DIRECTION('',(0.,0.,-1.));
#4775=DIRECTION('',(1.,0.,0.));
#4776=DIRECTION('',(0.,0.,-1.));
#4777=DIRECTION('',(0.,0.,-1.));
#4778=DIRECTION('',(1.,0.,0.));
#4779=DIRECTION('',(0.70710678118654,0.707106781186556,0.));
#4780=DIRECTION('',(-0.707106781186556,0.70710678118654,0.));
#4781=DIRECTION('',(0.707106781186556,-0.70710678118654,0.));
#4782=DIRECTION('',(0.,0.,-1.));
#4783=DIRECTION('',(0.707106781186556,-0.70710678118654,0.));
#4784=DIRECTION('',(0.,0.,-1.));
#4785=DIRECTION('',(-1.,0.,0.));
#4786=DIRECTION('',(0.,0.,-1.));
#4787=DIRECTION('',(0.,0.,-1.));
#4788=DIRECTION('',(1.,0.,0.));
#4789=DIRECTION('',(0.,0.,-1.));
#4790=DIRECTION('',(0.,0.,-1.));
#4791=DIRECTION('',(1.,0.,0.));
#4792=DIRECTION('',(-0.70710678118655,0.707106781186545,0.));
#4793=DIRECTION('',(-0.707106781186545,-0.70710678118655,0.));
#4794=DIRECTION('',(0.707106781186545,0.70710678118655,0.));
#4795=DIRECTION('',(0.,0.,-1.));
#4796=DIRECTION('',(0.707106781186545,0.70710678118655,0.));
#4797=DIRECTION('',(0.,0.,-1.));
#4798=DIRECTION('',(-1.,0.,0.));
#4799=DIRECTION('',(0.,0.,-1.));
#4800=DIRECTION('',(1.,0.,0.));
#4801=DIRECTION('',(0.,0.,-1.));
#4802=DIRECTION('',(0.,0.,-1.));
#4803=DIRECTION('',(1.,0.,0.));
#4804=DIRECTION('',(-0.707106781186544,-0.707106781186551,0.));
#4805=DIRECTION('',(0.707106781186551,-0.707106781186544,0.));
#4806=DIRECTION('',(-0.707106781186551,0.707106781186544,0.));
#4807=DIRECTION('',(0.,0.,-1.));
#4808=DIRECTION('',(-0.707106781186551,0.707106781186544,0.));
#4809=DIRECTION('',(0.,0.,-1.));
#4810=DIRECTION('',(0.,0.,-1.));
#4811=DIRECTION('',(-1.,0.,0.));
#4812=DIRECTION('',(0.,0.,-1.));
#4813=DIRECTION('',(1.,0.,0.));
#4814=DIRECTION('',(0.,0.,-1.));
#4815=DIRECTION('',(0.,0.,-1.));
#4816=DIRECTION('',(1.,0.,0.));
#4817=DIRECTION('',(-0.707106781186542,-0.707106781186553,0.));
#4818=DIRECTION('',(0.707106781186553,-0.707106781186542,0.));
#4819=DIRECTION('',(-0.707106781186553,0.707106781186542,0.));
#4820=DIRECTION('',(0.,0.,-1.));
#4821=DIRECTION('',(-0.707106781186553,0.707106781186542,0.));
#4822=DIRECTION('',(0.707106781186551,-0.707106781186544,0.));
#4823=DIRECTION('',(0.707106781186544,0.707106781186551,0.));
#4824=DIRECTION('',(-0.707106781186544,-0.707106781186551,0.));
#4825=DIRECTION('',(0.,0.,-1.));
#4826=DIRECTION('',(-0.707106781186544,-0.707106781186551,0.));
#4827=DIRECTION('',(0.,0.,-1.));
#4828=DIRECTION('',(0.,0.,-1.));
#4829=DIRECTION('',(-1.,0.,0.));
#4830=DIRECTION('',(0.,0.,-1.));
#4831=DIRECTION('',(1.,0.,0.));
#4832=DIRECTION('',(0.,0.,-1.));
#4833=DIRECTION('',(0.,0.,-1.));
#4834=DIRECTION('',(1.,0.,0.));
#4835=DIRECTION('',(0.707106781186551,-0.707106781186544,0.));
#4836=DIRECTION('',(0.707106781186544,0.707106781186551,0.));
#4837=DIRECTION('',(-0.707106781186544,-0.707106781186551,0.));
#4838=DIRECTION('',(0.,0.,-1.));
#4839=DIRECTION('',(-0.707106781186544,-0.707106781186551,0.));
#4840=DIRECTION('',(-0.707106781186538,-0.707106781186557,0.));
#4841=DIRECTION('',(0.707106781186557,-0.707106781186538,0.));
#4842=DIRECTION('',(-0.707106781186557,0.707106781186538,0.));
#4843=DIRECTION('',(0.,0.,-1.));
#4844=DIRECTION('',(-0.707106781186557,0.707106781186538,0.));
#4845=DIRECTION('',(0.,0.,-1.));
#4846=DIRECTION('',(0.,0.,-1.));
#4847=DIRECTION('',(-1.,0.,0.));
#4848=DIRECTION('',(0.,0.,-1.));
#4849=DIRECTION('',(1.,0.,0.));
#4850=DIRECTION('',(0.,0.,-1.));
#4851=DIRECTION('',(0.,0.,-1.));
#4852=DIRECTION('',(1.,0.,0.));
#4853=DIRECTION('',(-0.707106781186548,-0.707106781186548,0.));
#4854=DIRECTION('',(0.707106781186548,-0.707106781186548,0.));
#4855=DIRECTION('',(-0.707106781186548,0.707106781186548,0.));
#4856=DIRECTION('',(0.,0.,-1.));
#4857=DIRECTION('',(-0.707106781186548,0.707106781186548,0.));
#4858=DIRECTION('',(0.707106781186557,-0.707106781186538,0.));
#4859=DIRECTION('',(0.707106781186538,0.707106781186557,0.));
#4860=DIRECTION('',(-0.707106781186538,-0.707106781186557,0.));
#4861=DIRECTION('',(0.,0.,-1.));
#4862=DIRECTION('',(-0.707106781186538,-0.707106781186557,0.));
#4863=DIRECTION('',(0.,0.,-1.));
#4864=DIRECTION('',(0.,0.,-1.));
#4865=DIRECTION('',(-1.,0.,0.));
#4866=DIRECTION('',(0.,0.,-1.));
#4867=DIRECTION('',(1.,0.,0.));
#4868=DIRECTION('',(0.,0.,-1.));
#4869=DIRECTION('',(0.,0.,-1.));
#4870=DIRECTION('',(1.,0.,0.));
#4871=DIRECTION('',(0.707106781186548,-0.707106781186548,0.));
#4872=DIRECTION('',(0.707106781186548,0.707106781186548,0.));
#4873=DIRECTION('',(-0.707106781186548,-0.707106781186548,0.));
#4874=DIRECTION('',(0.,0.,-1.));
#4875=DIRECTION('',(-0.707106781186548,-0.707106781186548,0.));
#4876=DIRECTION('',(0.707106781186548,0.707106781186548,0.));
#4877=DIRECTION('',(-0.707106781186548,0.707106781186548,0.));
#4878=DIRECTION('',(0.707106781186548,-0.707106781186548,0.));
#4879=DIRECTION('',(0.,0.,-1.));
#4880=DIRECTION('',(0.707106781186548,-0.707106781186548,0.));
#4881=DIRECTION('',(0.,0.,-1.));
#4882=DIRECTION('',(0.,0.,-1.));
#4883=DIRECTION('',(-1.,0.,0.));
#4884=DIRECTION('',(0.,0.,-1.));
#4885=DIRECTION('',(1.,0.,0.));
#4886=DIRECTION('',(0.,0.,-1.));
#4887=DIRECTION('',(0.,0.,-1.));
#4888=DIRECTION('',(1.,0.,0.));
#4889=DIRECTION('',(0.707106781186548,0.707106781186548,0.));
#4890=DIRECTION('',(-0.707106781186548,0.707106781186548,0.));
#4891=DIRECTION('',(0.707106781186548,-0.707106781186548,0.));
#4892=DIRECTION('',(0.,0.,-1.));
#4893=DIRECTION('',(0.707106781186548,-0.707106781186548,0.));
#4894=DIRECTION('',(-0.707106781186548,0.707106781186548,0.));
#4895=DIRECTION('',(-0.707106781186548,-0.707106781186548,0.));
#4896=DIRECTION('',(0.707106781186548,0.707106781186548,0.));
#4897=DIRECTION('',(0.,0.,-1.));
#4898=DIRECTION('',(0.707106781186548,0.707106781186548,0.));
#4899=DIRECTION('',(0.,0.,-1.));
#4900=DIRECTION('',(0.,0.,-1.));
#4901=DIRECTION('',(-1.,0.,0.));
#4902=DIRECTION('',(0.,0.,-1.));
#4903=DIRECTION('',(1.,0.,0.));
#4904=DIRECTION('',(0.,0.,-1.));
#4905=DIRECTION('',(0.,0.,-1.));
#4906=DIRECTION('',(1.,0.,0.));
#4907=DIRECTION('',(-0.707106781186538,0.707106781186557,0.));
#4908=DIRECTION('',(-0.707106781186557,-0.707106781186538,0.));
#4909=DIRECTION('',(0.707106781186557,0.707106781186538,0.));
#4910=DIRECTION('',(0.,0.,-1.));
#4911=DIRECTION('',(0.707106781186557,0.707106781186538,0.));
#4912=DIRECTION('',(3.92999300752267E-15,-1.,0.));
#4913=DIRECTION('',(1.,3.92999300752267E-15,0.));
#4914=DIRECTION('',(0.,0.,-1.));
#4915=DIRECTION('',(-1.,-3.92999300752267E-15,0.));
#4916=DIRECTION('',(0.,0.,-1.));
#4917=DIRECTION('',(0.,0.,-1.));
#4918=DIRECTION('',(-1.,0.,0.));
#4919=DIRECTION('',(0.,0.,1.));
#4920=DIRECTION('',(0.,0.,-1.));
#4921=DIRECTION('',(1.,0.,0.));
#4922=DIRECTION('',(0.,0.,1.));
#4923=DIRECTION('',(0.,0.,-1.));
#4924=DIRECTION('',(0.,0.,-1.));
#4925=DIRECTION('',(1.,0.,0.));
#4926=DIRECTION('',(3.73812466203756E-15,-1.,0.));
#4927=DIRECTION('',(1.,3.73812466203756E-15,0.));
#4928=DIRECTION('',(0.,0.,-1.));
#4929=DIRECTION('',(-1.,-3.73812466203756E-15,0.));
#4930=DIRECTION('',(0.,0.,-1.));
#4931=DIRECTION('',(-1.,0.,0.));
#4932=DIRECTION('',(0.,0.,1.));
#4933=DIRECTION('',(0.,0.,-1.));
#4934=DIRECTION('',(1.,0.,0.));
#4935=DIRECTION('',(0.,0.,1.));
#4936=DIRECTION('',(0.,0.,-1.));
#4937=DIRECTION('',(0.,0.,-1.));
#4938=DIRECTION('',(1.,0.,0.));
#4939=DIRECTION('',(-3.92999300752268E-15,1.,0.));
#4940=DIRECTION('',(-1.,-3.92999300752268E-15,0.));
#4941=DIRECTION('',(0.,0.,-1.));
#4942=DIRECTION('',(1.,3.92999300752268E-15,0.));
#4943=DIRECTION('',(0.,0.,-1.));
#4944=DIRECTION('',(-1.,0.,0.));
#4945=DIRECTION('',(0.,0.,-1.));
#4946=DIRECTION('',(0.,0.,1.));
#4947=DIRECTION('',(1.,0.,0.));
#4948=DIRECTION('',(1.,4.22942104619107E-15,0.));
#4949=DIRECTION('',(-4.22942104619107E-15,1.,0.));
#4950=DIRECTION('',(0.,0.,-1.));
#4951=DIRECTION('',(4.22942104619107E-15,-1.,0.));
#4952=DIRECTION('',(0.,0.,-1.));
#4953=DIRECTION('',(-1.,0.,0.));
#4954=DIRECTION('',(0.,0.,-1.));
#4955=DIRECTION('',(0.,0.,1.));
#4956=DIRECTION('',(1.,0.,0.));
#4957=DIRECTION('',(0.,1.,0.));
#4958=DIRECTION('',(0.,0.,1.));
#4959=DIRECTION('',(0.,0.,-1.));
#4960=DIRECTION('',(1.,0.,0.));
#4961=DIRECTION('',(0.,0.,-1.));
#4962=DIRECTION('',(-1.,0.,0.));
#4963=DIRECTION('',(0.,0.,1.));
#4964=DIRECTION('',(0.,0.,1.));
#4965=DIRECTION('',(1.,0.,0.));
#4966=DIRECTION('',(0.,0.,1.));
#4967=DIRECTION('',(0.,0.,-1.));
#4968=DIRECTION('',(0.,0.,1.));
#4969=DIRECTION('',(1.,0.,0.));
#4970=DIRECTION('',(0.,-1.,0.));
#4971=DIRECTION('',(0.,0.,-1.));
#4972=DIRECTION('',(0.,0.,-1.));
#4973=DIRECTION('',(-1.,0.,0.));
#4974=DIRECTION('',(0.,0.,-1.));
#4975=DIRECTION('',(-1.,0.,0.));
#4976=DIRECTION('',(0.,0.,1.));
#4977=DIRECTION('',(0.,0.,1.));
#4978=DIRECTION('',(1.,0.,0.));
#4979=DIRECTION('',(0.,0.,1.));
#4980=DIRECTION('',(0.,0.,-1.));
#4981=DIRECTION('',(0.,0.,1.));
#4982=DIRECTION('',(1.,0.,0.));
#4983=DIRECTION('',(0.,-1.,0.));
#4984=DIRECTION('',(0.,0.,-1.));
#4985=DIRECTION('',(0.,0.,-1.));
#4986=DIRECTION('',(-1.,0.,0.));
#4987=DIRECTION('',(0.,0.,-1.));
#4988=DIRECTION('',(-1.,0.,0.));
#4989=DIRECTION('',(0.,0.,-1.));
#4990=DIRECTION('',(0.,0.,1.));
#4991=DIRECTION('',(1.,0.,0.));
#4992=DIRECTION('',(1.,3.70074341541719E-15,0.));
#4993=DIRECTION('',(-3.70074341541719E-15,1.,0.));
#4994=DIRECTION('',(0.,0.,-1.));
#4995=DIRECTION('',(3.70074341541719E-15,-1.,0.));
#4996=DIRECTION('',(0.,0.,-1.));
#4997=DIRECTION('',(-1.,0.,0.));
#4998=DIRECTION('',(0.,0.,1.));
#4999=DIRECTION('',(1.,0.,0.));
#5000=DIRECTION('',(0.,0.,1.));
#5001=DIRECTION('',(1.,0.,0.));
#5002=DIRECTION('',(0.,0.,-1.));
#5003=DIRECTION('',(-1.,0.,0.));
#5004=DIRECTION('',(0.,0.,1.));
#5005=DIRECTION('',(1.,0.,0.));
#5006=DIRECTION('',(0.,0.,1.));
#5007=DIRECTION('',(1.,0.,0.));
#5008=DIRECTION('',(0.,0.,-1.));
#5009=DIRECTION('',(-1.,0.,0.));
#5010=DIRECTION('',(0.,0.,1.));
#5011=DIRECTION('',(1.,0.,0.));
#5012=DIRECTION('',(0.,0.,1.));
#5013=DIRECTION('',(1.,0.,0.));
#5014=DIRECTION('',(0.,0.,-1.));
#5015=DIRECTION('',(-1.,0.,0.));
#5016=DIRECTION('',(0.,0.,1.));
#5017=DIRECTION('',(1.,0.,0.));
#5018=DIRECTION('',(0.,0.,1.));
#5019=DIRECTION('',(1.,0.,0.));
#5020=DIRECTION('',(0.,0.,-1.));
#5021=DIRECTION('',(-1.,0.,0.));
#5022=DIRECTION('',(0.,0.,1.));
#5023=DIRECTION('',(1.,0.,0.));
#5024=DIRECTION('',(0.,0.,1.));
#5025=DIRECTION('',(1.,0.,0.));
#5026=DIRECTION('',(0.,0.,-1.));
#5027=DIRECTION('',(-1.,0.,0.));
#5028=DIRECTION('',(0.,0.,1.));
#5029=DIRECTION('',(1.,0.,0.));
#5030=DIRECTION('',(0.,0.,1.));
#5031=DIRECTION('',(1.,0.,0.));
#5032=DIRECTION('',(0.,0.,-1.));
#5033=DIRECTION('',(-1.,0.,0.));
#5034=DIRECTION('',(0.,0.,1.));
#5035=DIRECTION('',(1.,0.,0.));
#5036=DIRECTION('',(0.,0.,1.));
#5037=DIRECTION('',(1.,0.,0.));
#5038=DIRECTION('',(0.,0.,-1.));
#5039=DIRECTION('',(-0.707106781186548,0.707106781186547,0.));
#5040=DIRECTION('',(0.,0.,1.));
#5041=DIRECTION('',(0.90667958667403,-0.421820017434699,0.));
#5042=DIRECTION('',(0.,0.,1.));
#5043=DIRECTION('',(0.90667958667403,-0.421820017434699,0.));
#5044=DIRECTION('',(0.,0.,-1.));
#5045=DIRECTION('',(-1.,0.,0.));
#5046=DIRECTION('',(0.,0.,1.));
#5047=DIRECTION('',(1.,0.,0.));
#5048=DIRECTION('',(0.,0.,1.));
#5049=DIRECTION('',(1.,0.,0.));
#5050=DIRECTION('',(0.,0.,-1.));
#5051=DIRECTION('',(-1.,0.,0.));
#5052=DIRECTION('',(0.,0.,1.));
#5053=DIRECTION('',(1.,0.,0.));
#5054=DIRECTION('',(0.,0.,1.));
#5055=DIRECTION('',(1.,0.,0.));
#5056=DIRECTION('',(0.,0.,-1.));
#5057=DIRECTION('',(-1.,0.,0.));
#5058=DIRECTION('',(0.,0.,-1.));
#5059=DIRECTION('',(1.,0.,0.));
#5060=DIRECTION('',(0.,0.,-1.));
#5061=DIRECTION('',(1.,0.,0.));
#5062=DIRECTION('',(-0.707106781186549,0.707106781186546,0.));
#5063=DIRECTION('',(-0.707106781186546,-0.707106781186549,0.));
#5064=DIRECTION('',(0.707106781186547,0.707106781186549,0.));
#5065=DIRECTION('',(0.707106781186547,0.707106781186549,0.));
#5066=DIRECTION('',(0.,0.,-1.));
#5067=DIRECTION('',(-1.,0.,0.));
#5068=DIRECTION('',(0.,0.,-1.));
#5069=DIRECTION('',(1.,0.,0.));
#5070=DIRECTION('',(0.,0.,-1.));
#5071=DIRECTION('',(1.,0.,0.));
#5072=DIRECTION('',(0.,0.,-1.));
#5073=DIRECTION('',(-1.,0.,0.));
#5074=DIRECTION('',(0.,0.,-1.));
#5075=DIRECTION('',(1.,0.,0.));
#5076=DIRECTION('',(0.,0.,-1.));
#5077=DIRECTION('',(1.,0.,0.));
#5078=DIRECTION('',(0.,0.,-1.));
#5079=DIRECTION('',(-1.,0.,0.));
#5080=DIRECTION('',(0.,0.,1.));
#5081=DIRECTION('',(1.,0.,0.));
#5082=DIRECTION('',(0.,0.,1.));
#5083=DIRECTION('',(1.,0.,0.));
#5084=DIRECTION('',(0.,0.,-1.));
#5085=DIRECTION('',(-1.,0.,0.));
#5086=DIRECTION('',(0.,0.,-1.));
#5087=DIRECTION('',(1.,0.,0.));
#5088=DIRECTION('',(0.,0.,-1.));
#5089=DIRECTION('',(1.,0.,0.));
#5090=DIRECTION('',(0.,0.,-1.));
#5091=DIRECTION('',(-1.,0.,0.));
#5092=DIRECTION('',(0.,0.,-1.));
#5093=DIRECTION('',(1.,0.,0.));
#5094=DIRECTION('',(0.,0.,-1.));
#5095=DIRECTION('',(1.,0.,0.));
#5096=DIRECTION('',(0.,0.,-1.));
#5097=DIRECTION('',(-1.,0.,0.));
#5098=DIRECTION('',(0.,0.,-1.));
#5099=DIRECTION('',(1.,0.,0.));
#5100=DIRECTION('',(0.,0.,-1.));
#5101=DIRECTION('',(1.,0.,0.));
#5102=DIRECTION('',(0.,0.,-1.));
#5103=DIRECTION('',(-1.,0.,0.));
#5104=DIRECTION('',(0.,0.,-1.));
#5105=DIRECTION('',(1.,0.,0.));
#5106=DIRECTION('',(0.,0.,-1.));
#5107=DIRECTION('',(1.,0.,0.));
#5108=DIRECTION('',(0.,0.,-1.));
#5109=DIRECTION('',(-1.,0.,0.));
#5110=DIRECTION('',(0.,0.,1.));
#5111=DIRECTION('',(1.,0.,0.));
#5112=DIRECTION('',(0.,0.,-1.));
#5113=DIRECTION('',(-1.,0.,0.));
#5114=DIRECTION('',(0.,0.,1.));
#5115=DIRECTION('',(1.,0.,0.));
#5116=DIRECTION('',(0.,0.,1.));
#5117=DIRECTION('',(1.,0.,0.));
#5118=DIRECTION('',(0.,0.,1.));
#5119=DIRECTION('',(1.,0.,0.));
#5120=DIRECTION('',(0.,0.,1.));
#5121=DIRECTION('',(1.,0.,0.));
#5122=DIRECTION('',(0.,0.,1.));
#5123=DIRECTION('',(1.,0.,0.));
#5124=DIRECTION('',(0.,0.,1.));
#5125=DIRECTION('',(1.,0.,0.));
#5126=DIRECTION('',(0.,0.,1.));
#5127=DIRECTION('',(1.,0.,0.));
#5128=DIRECTION('',(0.,0.,1.));
#5129=DIRECTION('',(1.,0.,0.));
#5130=DIRECTION('',(0.,0.,1.));
#5131=DIRECTION('',(1.,0.,0.));
#5132=DIRECTION('',(1.,0.,0.));
#5133=DIRECTION('',(0.,0.,-1.));
#5134=DIRECTION('',(0.,1.,0.));
#5135=DIRECTION('',(0.,0.,1.));
#5136=DIRECTION('',(0.,0.,1.));
#5137=DIRECTION('',(1.,0.,0.));
#5138=DIRECTION('',(0.,0.,1.));
#5139=DIRECTION('',(0.,0.,1.));
#5140=DIRECTION('',(1.,0.,0.));
#5141=DIRECTION('',(0.,0.,1.));
#5142=DIRECTION('',(1.,0.,0.));
#5143=DIRECTION('',(1.,0.,0.));
#5144=DIRECTION('',(0.,0.,-1.));
#5145=DIRECTION('',(0.,1.,0.));
#5146=DIRECTION('',(0.,0.,1.));
#5147=DIRECTION('',(1.,0.,0.));
#5148=DIRECTION('',(-1.,-8.54017711250112E-15,0.));
#5149=DIRECTION('',(8.54017711250112E-15,-1.,0.));
#5150=DIRECTION('',(8.54017711250112E-15,-1.,0.));
#5151=DIRECTION('',(0.,0.,1.));
#5152=DIRECTION('',(0.,0.,1.));
#5153=DIRECTION('',(1.,0.,0.));
#5154=DIRECTION('',(0.,0.,1.));
#5155=DIRECTION('',(0.,0.,-1.));
#5156=DIRECTION('',(1.,0.,0.));
#5157=DIRECTION('',(0.,0.,-1.));
#5158=DIRECTION('',(1.,0.,0.));
#5159=DIRECTION('',(-1.,0.,0.));
#5160=DIRECTION('',(0.,0.,1.));
#5161=DIRECTION('',(0.,-1.,0.));
#5162=DIRECTION('',(0.,0.,1.));
#5163=DIRECTION('',(1.,0.,0.));
#5164=DIRECTION('',(0.,0.,1.));
#5165=DIRECTION('',(1.,0.,0.));
#5166=DIRECTION('',(0.,0.,1.));
#5167=DIRECTION('',(0.,0.,1.));
#5168=DIRECTION('',(0.,0.,-1.));
#5169=DIRECTION('',(1.,0.,0.));
#5170=DIRECTION('',(0.,0.,-1.));
#5171=DIRECTION('',(1.,0.,0.));
#5172=DIRECTION('',(-1.,-3.7143763117831E-15,0.));
#5173=DIRECTION('',(3.7143763117831E-15,-1.,0.));
#5174=DIRECTION('',(3.7143763117831E-15,-1.,0.));
#5175=DIRECTION('',(-1.,-3.71437631178309E-15,0.));
#5176=DIRECTION('',(3.71437631178309E-15,-1.,0.));
#5177=DIRECTION('',(3.71437631178309E-15,-1.,0.));
#5178=DIRECTION('',(0.,0.,1.));
#5179=DIRECTION('',(1.,0.,0.));
#5180=DIRECTION('',(0.,0.,1.));
#5181=DIRECTION('',(1.,0.,0.));
#5182=DIRECTION('',(0.,0.,1.));
#5183=DIRECTION('',(0.,0.,1.));
#5184=DIRECTION('',(0.,0.,1.));
#5185=DIRECTION('',(1.,0.,0.));
#5186=DIRECTION('',(0.,0.,1.));
#5187=DIRECTION('',(1.,0.,0.));
#5188=DIRECTION('',(1.,0.,0.));
#5189=DIRECTION('',(0.,0.,-1.));
#5190=DIRECTION('',(0.,1.,0.));
#5191=DIRECTION('',(1.,0.,0.));
#5192=DIRECTION('',(0.,0.,-1.));
#5193=DIRECTION('',(0.,1.,0.));
#5194=DIRECTION('',(0.,0.,1.));
#5195=DIRECTION('',(1.,0.,0.));
#5196=DIRECTION('',(0.,0.,1.));
#5197=DIRECTION('',(1.,0.,0.));
#5198=DIRECTION('',(0.,0.,-1.));
#5199=DIRECTION('',(-1.,0.,0.));
#5200=DIRECTION('',(0.,0.,1.));
#5201=DIRECTION('',(1.,0.,0.));
#5202=DIRECTION('',(0.,0.,-1.));
#5203=DIRECTION('',(-1.,0.,0.));
#5204=DIRECTION('',(0.,0.,1.));
#5205=DIRECTION('',(1.,0.,0.));
#5206=DIRECTION('',(0.,0.,-1.));
#5207=DIRECTION('',(-1.,0.,0.));
#5208=DIRECTION('',(0.,0.,1.));
#5209=DIRECTION('',(1.,0.,0.));
#5210=DIRECTION('',(0.,0.,-1.));
#5211=DIRECTION('',(-1.,0.,0.));
#5212=DIRECTION('',(0.,0.,1.));
#5213=DIRECTION('',(1.,0.,0.));
#5214=DIRECTION('',(0.,0.,1.));
#5215=DIRECTION('',(1.,0.,0.));
#5216=DIRECTION('',(0.,0.,1.));
#5217=DIRECTION('',(1.,0.,0.));
#5218=DIRECTION('',(0.,0.,1.));
#5219=DIRECTION('',(1.,0.,0.));
#5220=DIRECTION('',(0.,0.,-1.));
#5221=DIRECTION('',(-1.,0.,0.));
#5222=DIRECTION('',(0.,0.,-1.));
#5223=DIRECTION('',(-1.,0.,0.));
#5224=DIRECTION('',(0.,0.,-1.));
#5225=DIRECTION('',(-1.,0.,0.));
#5226=DIRECTION('',(0.,0.,-1.));
#5227=DIRECTION('',(-1.,0.,0.));
#5228=DIRECTION('',(0.,0.,-1.));
#5229=DIRECTION('',(-1.,0.,0.));
#5230=DIRECTION('',(0.,0.,-1.));
#5231=DIRECTION('',(-1.,0.,0.));
#5232=DIRECTION('',(0.,0.,-1.));
#5233=DIRECTION('',(1.,0.,0.));
#5234=DIRECTION('',(0.,0.,-1.));
#5235=DIRECTION('',(-1.,0.,0.));
#5236=DIRECTION('',(0.,0.,1.));
#5237=DIRECTION('',(1.,0.,0.));
#5238=DIRECTION('',(0.,0.,-1.));
#5239=DIRECTION('',(-1.,0.,0.));
#5240=DIRECTION('',(0.,0.,1.));
#5241=DIRECTION('',(1.,0.,0.));
#5242=DIRECTION('',(0.,0.,-1.));
#5243=DIRECTION('',(1.,0.,0.));
#5244=DIRECTION('',(0.,0.,-1.));
#5245=DIRECTION('',(-1.,0.,0.));
#5246=DIRECTION('',(0.,0.,-1.));
#5247=DIRECTION('',(1.,0.,0.));
#5248=DIRECTION('',(0.,0.,-1.));
#5249=DIRECTION('',(-1.,0.,0.));
#5250=DIRECTION('',(0.,0.,1.));
#5251=DIRECTION('',(1.,0.,0.));
#5252=DIRECTION('',(0.,0.,-1.));
#5253=DIRECTION('',(-1.,0.,0.));
#5254=DIRECTION('',(0.,0.,1.));
#5255=DIRECTION('',(1.,0.,0.));
#5256=DIRECTION('',(0.,0.,-1.));
#5257=DIRECTION('',(1.,0.,0.));
#5258=DIRECTION('',(0.,0.,-1.));
#5259=DIRECTION('',(-1.,0.,0.));
#5260=DIRECTION('',(0.,0.,1.));
#5261=DIRECTION('',(1.,0.,0.));
#5262=DIRECTION('',(0.,0.,-1.));
#5263=DIRECTION('',(-1.,0.,0.));
#5264=DIRECTION('',(0.,0.,1.));
#5265=DIRECTION('',(1.,0.,0.));
#5266=DIRECTION('',(0.,0.,1.));
#5267=DIRECTION('',(1.,0.,0.));
#5268=DIRECTION('',(0.,0.,-1.));
#5269=DIRECTION('',(-1.,0.,0.));
#5270=DIRECTION('',(0.,0.,1.));
#5271=DIRECTION('',(1.,0.,0.));
#5272=DIRECTION('',(0.,0.,1.));
#5273=DIRECTION('',(1.,0.,0.));
#5274=DIRECTION('',(0.,0.,1.));
#5275=DIRECTION('',(1.,0.,0.));
#5276=DIRECTION('',(0.,0.,-1.));
#5277=DIRECTION('',(-1.,0.,0.));
#5278=DIRECTION('',(0.,0.,-1.));
#5279=DIRECTION('',(-1.,0.,0.));
#5280=DIRECTION('',(0.,0.,1.));
#5281=DIRECTION('',(1.,0.,0.));
#5282=DIRECTION('',(0.,0.,-1.));
#5283=DIRECTION('',(-1.,0.,0.));
#5284=DIRECTION('',(0.,0.,-1.));
#5285=DIRECTION('',(-1.,0.,0.));
#5286=DIRECTION('',(0.,0.,-1.));
#5287=DIRECTION('',(1.,0.,0.));
#5288=DIRECTION('',(0.,0.,-1.));
#5289=DIRECTION('',(1.,0.,0.));
#5290=DIRECTION('',(0.,0.,1.));
#5291=DIRECTION('',(1.,0.,0.));
#5292=DIRECTION('',(0.,0.,1.));
#5293=DIRECTION('',(1.,0.,0.));
#5294=DIRECTION('',(0.,0.,-1.));
#5295=DIRECTION('',(-1.,0.,0.));
#5296=DIRECTION('',(0.,0.,-1.));
#5297=DIRECTION('',(-1.,0.,0.));
#5298=DIRECTION('',(0.,0.,1.));
#5299=DIRECTION('',(1.,0.,0.));
#5300=DIRECTION('',(0.,0.,-1.));
#5301=DIRECTION('',(-1.,0.,0.));
#5302=DIRECTION('',(0.,0.,-1.));
#5303=DIRECTION('',(-1.,0.,0.));
#5304=DIRECTION('',(0.,0.,-1.));
#5305=DIRECTION('',(1.,0.,0.));
#5306=DIRECTION('',(0.,0.,-1.));
#5307=DIRECTION('',(1.,0.,0.));
#5308=DIRECTION('',(0.,0.,1.));
#5309=DIRECTION('',(1.,0.,0.));
#5310=DIRECTION('',(0.,0.,1.));
#5311=DIRECTION('',(1.,0.,0.));
#5312=DIRECTION('',(0.,0.,-1.));
#5313=DIRECTION('',(-1.,0.,0.));
#5314=DIRECTION('',(0.,0.,-1.));
#5315=DIRECTION('',(-1.,0.,0.));
#5316=DIRECTION('',(0.,0.,1.));
#5317=DIRECTION('',(1.,0.,0.));
#5318=DIRECTION('',(0.,0.,-1.));
#5319=DIRECTION('',(-1.,0.,0.));
#5320=DIRECTION('',(0.,0.,-1.));
#5321=DIRECTION('',(-1.,0.,0.));
#5322=DIRECTION('',(0.,0.,-1.));
#5323=DIRECTION('',(1.,0.,0.));
#5324=DIRECTION('',(0.,0.,-1.));
#5325=DIRECTION('',(1.,0.,0.));
#5326=DIRECTION('',(0.,0.,1.));
#5327=DIRECTION('',(1.,0.,0.));
#5328=DIRECTION('',(0.,0.,1.));
#5329=DIRECTION('',(1.,0.,0.));
#5330=DIRECTION('',(0.,0.,-1.));
#5331=DIRECTION('',(-1.,0.,0.));
#5332=DIRECTION('',(0.,0.,-1.));
#5333=DIRECTION('',(-1.,0.,0.));
#5334=DIRECTION('',(0.,0.,1.));
#5335=DIRECTION('',(1.,0.,0.));
#5336=DIRECTION('',(0.,0.,-1.));
#5337=DIRECTION('',(-1.,0.,0.));
#5338=DIRECTION('',(0.,0.,-1.));
#5339=DIRECTION('',(-1.,0.,0.));
#5340=DIRECTION('',(0.,0.,-1.));
#5341=DIRECTION('',(1.,0.,0.));
#5342=DIRECTION('',(0.,0.,-1.));
#5343=DIRECTION('',(1.,0.,0.));
#5344=DIRECTION('',(0.,0.,1.));
#5345=DIRECTION('',(1.,0.,0.));
#5346=DIRECTION('',(0.,0.,1.));
#5347=DIRECTION('',(1.,0.,0.));
#5348=DIRECTION('',(0.,0.,-1.));
#5349=DIRECTION('',(-1.,0.,0.));
#5350=DIRECTION('',(0.,0.,-1.));
#5351=DIRECTION('',(-1.,0.,0.));
#5352=DIRECTION('',(0.,0.,1.));
#5353=DIRECTION('',(1.,0.,0.));
#5354=DIRECTION('',(0.,0.,-1.));
#5355=DIRECTION('',(-1.,0.,0.));
#5356=DIRECTION('',(0.,0.,-1.));
#5357=DIRECTION('',(-1.,0.,0.));
#5358=DIRECTION('',(0.,0.,-1.));
#5359=DIRECTION('',(1.,0.,0.));
#5360=DIRECTION('',(0.,0.,-1.));
#5361=DIRECTION('',(1.,0.,0.));
#5362=CARTESIAN_POINT('',(0.,0.,0.));
#5363=CARTESIAN_POINT('',(-0.08725,0.1015,-0.025));
#5364=CARTESIAN_POINT('',(-0.08725,0.1015,-0.025));
#5365=CARTESIAN_POINT('',(-0.0884,0.1015,-0.025));
#5366=CARTESIAN_POINT('',(-0.08725,0.1015,0.));
#5367=CARTESIAN_POINT('',(-0.0884,0.1015,0.));
#5368=CARTESIAN_POINT('',(-0.08725,0.1015,-0.025));
#5369=CARTESIAN_POINT('',(-0.08725,0.1015,-0.025));
#5370=CARTESIAN_POINT('',(-0.08985,0.1015,-0.025));
#5371=CARTESIAN_POINT('',(-0.08725,0.1015,0.));
#5372=CARTESIAN_POINT('',(-0.08985,0.1015,0.));
#5373=CARTESIAN_POINT('',(-0.07425,0.07525,-0.025));
#5374=CARTESIAN_POINT('',(-0.07425,0.07525,0.));
#5375=CARTESIAN_POINT('',(0.,0.,0.));
#5376=CARTESIAN_POINT('',(-0.07425,0.07525,-0.03));
#5377=CARTESIAN_POINT('',(-0.06355,0.11645,-0.03));
#5378=CARTESIAN_POINT('',(-0.06855,0.11645,-0.03));
#5379=CARTESIAN_POINT('',(-0.05855,0.11645,-0.03));
#5380=CARTESIAN_POINT('',(-0.06855,0.11585,-0.03));
#5381=CARTESIAN_POINT('',(-0.06855,0.11525,-0.03));
#5382=CARTESIAN_POINT('',(-0.06415,0.11525,-0.03));
#5383=CARTESIAN_POINT('',(-0.05975,0.11525,-0.03));
#5384=CARTESIAN_POINT('',(-0.05975,0.11085,-0.03));
#5385=CARTESIAN_POINT('',(-0.05975,0.10645,-0.03));
#5386=CARTESIAN_POINT('',(-0.05915,0.10645,-0.03));
#5387=CARTESIAN_POINT('',(-0.05855,0.10645,-0.03));
#5388=CARTESIAN_POINT('',(-0.05855,0.11145,-0.03));
#5389=CARTESIAN_POINT('',(-0.08935,0.06805,-0.03));
#5390=CARTESIAN_POINT('',(-0.08995,0.06805,-0.03));
#5391=CARTESIAN_POINT('',(-0.08875,0.06805,-0.03));
#5392=CARTESIAN_POINT('',(-0.08995,0.06305,-0.03));
#5393=CARTESIAN_POINT('',(-0.08995,0.05805,-0.03));
#5394=CARTESIAN_POINT('',(-0.08495,0.05805,-0.03));
#5395=CARTESIAN_POINT('',(-0.07995,0.05805,-0.03));
#5396=CARTESIAN_POINT('',(-0.07995,0.05865,-0.03));
#5397=CARTESIAN_POINT('',(-0.07995,0.05925,-0.03));
#5398=CARTESIAN_POINT('',(-0.08435,0.05925,-0.03));
#5399=CARTESIAN_POINT('',(-0.08875,0.05925,-0.03));
#5400=CARTESIAN_POINT('',(-0.08875,0.06365,-0.03));
#5401=CARTESIAN_POINT('',(-0.06855,0.05865,-0.03));
#5402=CARTESIAN_POINT('',(-0.06855,0.05925,-0.03));
#5403=CARTESIAN_POINT('',(-0.06855,0.05805,-0.03));
#5404=CARTESIAN_POINT('',(-0.06355,0.05805,-0.03));
#5405=CARTESIAN_POINT('',(-0.05855,0.05805,-0.03));
#5406=CARTESIAN_POINT('',(-0.05855,0.06305,-0.03));
#5407=CARTESIAN_POINT('',(-0.05855,0.06805,-0.03));
#5408=CARTESIAN_POINT('',(-0.05915,0.06805,-0.03));
#5409=CARTESIAN_POINT('',(-0.05975,0.06805,-0.03));
#5410=CARTESIAN_POINT('',(-0.05975,0.06365,-0.03));
#5411=CARTESIAN_POINT('',(-0.05975,0.05925,-0.03));
#5412=CARTESIAN_POINT('',(-0.06415,0.05925,-0.03));
#5413=CARTESIAN_POINT('',(-0.08495,0.11645,-0.03));
#5414=CARTESIAN_POINT('',(-0.08995,0.11645,-0.03));
#5415=CARTESIAN_POINT('',(-0.07995,0.11645,-0.03));
#5416=CARTESIAN_POINT('',(-0.08995,0.11145,-0.03));
#5417=CARTESIAN_POINT('',(-0.08995,0.10645,-0.03));
#5418=CARTESIAN_POINT('',(-0.08935,0.10645,-0.03));
#5419=CARTESIAN_POINT('',(-0.08875,0.10645,-0.03));
#5420=CARTESIAN_POINT('',(-0.08875,0.11085,-0.03));
#5421=CARTESIAN_POINT('',(-0.08875,0.11525,-0.03));
#5422=CARTESIAN_POINT('',(-0.08435,0.11525,-0.03));
#5423=CARTESIAN_POINT('',(-0.07995,0.11525,-0.03));
#5424=CARTESIAN_POINT('',(-0.07995,0.11585,-0.03));
#5425=CARTESIAN_POINT('',(-0.07425,-0.016,-0.03));
#5426=CARTESIAN_POINT('',(-0.0754,-0.016,-0.03));
#5427=CARTESIAN_POINT('',(-0.06125,0.049,-0.03));
#5428=CARTESIAN_POINT('',(-0.0624,0.049,-0.03));
#5429=CARTESIAN_POINT('',(-0.06125,0.1015,-0.03));
#5430=CARTESIAN_POINT('',(-0.0624,0.1015,-0.03));
#5431=CARTESIAN_POINT('',(-0.07425,0.1665,-0.03));
#5432=CARTESIAN_POINT('',(-0.0754,0.1665,-0.03));
#5433=CARTESIAN_POINT('',(-0.08725,0.1015,-0.03));
#5434=CARTESIAN_POINT('',(-0.0884,0.1015,-0.03));
#5435=CARTESIAN_POINT('',(-0.08725,0.049,-0.03));
#5436=CARTESIAN_POINT('',(-0.0884,0.049,-0.03));
#5437=CARTESIAN_POINT('',(-0.07425,0.1695,-0.03));
#5438=CARTESIAN_POINT('',(-0.0842504863831643,0.1695,-0.03));
#5439=CARTESIAN_POINT('',(-0.0642495136168364,0.1695,-0.03));
#5440=CARTESIAN_POINT('',(9.99200722162641E-16,0.1505,-0.03));
#5441=CARTESIAN_POINT('',(-0.055789554684549,0.113398442241602,-0.03));
#5442=CARTESIAN_POINT('',(-0.02825,0.1015,-0.03));
#5443=CARTESIAN_POINT('',(-0.05825,0.1015,-0.03));
#5444=CARTESIAN_POINT('',(-0.05825,0.07525,-0.03));
#5445=CARTESIAN_POINT('',(-0.05825,0.049,-0.03));
#5446=CARTESIAN_POINT('',(-0.02825,0.049,-0.03));
#5447=CARTESIAN_POINT('',(-0.0557895546845489,0.0371015577583978,-0.03));
#5448=CARTESIAN_POINT('',(5.55111512312578E-17,-4.68375338513738E-17,-0.03));
#5449=CARTESIAN_POINT('',(-0.0642495136168361,-0.019,-0.03));
#5450=CARTESIAN_POINT('',(-0.07425,-0.019,-0.03));
#5451=CARTESIAN_POINT('',(-0.0842504863831639,-0.019,-0.03));
#5452=CARTESIAN_POINT('',(-0.1485,-1.05818132034585E-16,-0.03));
#5453=CARTESIAN_POINT('',(-0.0927104453154511,0.0371015577583978,-0.03));
#5454=CARTESIAN_POINT('',(-0.12025,0.049,-0.03));
#5455=CARTESIAN_POINT('',(-0.09025,0.049,-0.03));
#5456=CARTESIAN_POINT('',(-0.09025,0.07525,-0.03));
#5457=CARTESIAN_POINT('',(-0.09025,0.1015,-0.03));
#5458=CARTESIAN_POINT('',(-0.12025,0.1015,-0.03));
#5459=CARTESIAN_POINT('',(-0.0927104453154513,0.113398442241602,-0.03));
#5460=CARTESIAN_POINT('',(-0.1485,0.1505,-0.03));
#5461=CARTESIAN_POINT('',(-0.0845,0.04455,-0.03));
#5462=CARTESIAN_POINT('',(-0.0871,0.04455,-0.03));
#5463=CARTESIAN_POINT('',(-0.064,0.04455,-0.03));
#5464=CARTESIAN_POINT('',(-0.0666,0.04455,-0.03));
#5465=CARTESIAN_POINT('',(-0.079375,0.05415,-0.03));
#5466=CARTESIAN_POINT('',(-0.064,0.05415,-0.03));
#5467=CARTESIAN_POINT('',(-0.0845,0.05415,-0.03));
#5468=CARTESIAN_POINT('',(-0.0845,0.05305,-0.03));
#5469=CARTESIAN_POINT('',(-0.0845,0.05195,-0.03));
#5470=CARTESIAN_POINT('',(-0.079375,0.05195,-0.03));
#5471=CARTESIAN_POINT('',(-0.064,0.05195,-0.03));
#5472=CARTESIAN_POINT('',(-0.064,0.05305,-0.03));
#5473=CARTESIAN_POINT('',(-0.07425,0.1695,-0.03));
#5474=CARTESIAN_POINT('',(-0.07425,0.1695,-0.025));
#5475=CARTESIAN_POINT('',(-0.0842504863831643,0.1695,-0.025));
#5476=CARTESIAN_POINT('',(-0.0642495136168364,0.1695,-0.025));
#5477=CARTESIAN_POINT('',(-0.0642495136168364,0.1695,-0.03));
#5478=CARTESIAN_POINT('',(-0.0842504863831643,0.1695,-0.03));
#5479=CARTESIAN_POINT('',(9.99200722162641E-16,0.1505,-0.03));
#5480=CARTESIAN_POINT('',(9.99200722162641E-16,0.1505,-0.025));
#5481=CARTESIAN_POINT('',(-0.055789554684549,0.113398442241602,-0.025));
#5482=CARTESIAN_POINT('',(-0.055789554684549,0.113398442241602,-0.03));
#5483=CARTESIAN_POINT('',(-0.02825,0.1015,-0.03));
#5484=CARTESIAN_POINT('',(-0.02825,0.1015,-0.025));
#5485=CARTESIAN_POINT('',(-0.05825,0.1015,-0.025));
#5486=CARTESIAN_POINT('',(-0.05825,0.1015,-0.03));
#5487=CARTESIAN_POINT('',(-0.05825,0.07525,-0.03));
#5488=CARTESIAN_POINT('',(-0.05825,0.07525,-0.025));
#5489=CARTESIAN_POINT('',(-0.05825,0.049,-0.025));
#5490=CARTESIAN_POINT('',(-0.05825,0.049,-0.03));
#5491=CARTESIAN_POINT('',(-0.02825,0.049,-0.03));
#5492=CARTESIAN_POINT('',(-0.02825,0.049,-0.025));
#5493=CARTESIAN_POINT('',(-0.0557895546845489,0.0371015577583978,-0.025));
#5494=CARTESIAN_POINT('',(-0.0557895546845489,0.0371015577583978,-0.03));
#5495=CARTESIAN_POINT('',(5.55111512312578E-17,-4.68375338513738E-17,-0.03));
#5496=CARTESIAN_POINT('',(5.55111512312578E-17,-4.68375338513738E-17,-0.025));
#5497=CARTESIAN_POINT('',(-0.0642495136168361,-0.019,-0.025));
#5498=CARTESIAN_POINT('',(-0.0642495136168361,-0.019,-0.03));
#5499=CARTESIAN_POINT('',(-0.07425,-0.019,-0.03));
#5500=CARTESIAN_POINT('',(-0.07425,-0.019,-0.025));
#5501=CARTESIAN_POINT('',(-0.0842504863831639,-0.019,-0.025));
#5502=CARTESIAN_POINT('',(-0.0842504863831639,-0.019,-0.03));
#5503=CARTESIAN_POINT('',(-0.1485,-1.05818132034585E-16,-0.03));
#5504=CARTESIAN_POINT('',(-0.1485,-1.05818132034585E-16,-0.025));
#5505=CARTESIAN_POINT('',(-0.0927104453154511,0.0371015577583978,-0.025));
#5506=CARTESIAN_POINT('',(-0.0927104453154511,0.0371015577583978,-0.03));
#5507=CARTESIAN_POINT('',(-0.12025,0.049,-0.03));
#5508=CARTESIAN_POINT('',(-0.12025,0.049,-0.025));
#5509=CARTESIAN_POINT('',(-0.09025,0.049,-0.025));
#5510=CARTESIAN_POINT('',(-0.09025,0.049,-0.03));
#5511=CARTESIAN_POINT('',(-0.09025,0.07525,-0.03));
#5512=CARTESIAN_POINT('',(-0.09025,0.07525,-0.025));
#5513=CARTESIAN_POINT('',(-0.09025,0.1015,-0.025));
#5514=CARTESIAN_POINT('',(-0.09025,0.1015,-0.03));
#5515=CARTESIAN_POINT('',(-0.12025,0.1015,-0.03));
#5516=CARTESIAN_POINT('',(-0.12025,0.1015,-0.025));
#5517=CARTESIAN_POINT('',(-0.0927104453154513,0.113398442241602,-0.025));
#5518=CARTESIAN_POINT('',(-0.0927104453154513,0.113398442241602,-0.03));
#5519=CARTESIAN_POINT('',(-0.06125,0.049,-0.03));
#5520=CARTESIAN_POINT('',(-0.06125,0.049,-0.025));
#5521=CARTESIAN_POINT('',(-0.0624,0.049,-0.025));
#5522=CARTESIAN_POINT('',(-0.06125,0.1015,-0.03));
#5523=CARTESIAN_POINT('',(-0.06125,0.1015,-0.025));
#5524=CARTESIAN_POINT('',(-0.0624,0.1015,-0.025));
#5525=CARTESIAN_POINT('',(-0.07425,0.1665,-0.03));
#5526=CARTESIAN_POINT('',(-0.07425,0.1665,-0.025));
#5527=CARTESIAN_POINT('',(-0.0754,0.1665,-0.025));
#5528=CARTESIAN_POINT('',(-0.08725,0.1015,-0.03));
#5529=CARTESIAN_POINT('',(-0.08725,0.1015,-0.025));
#5530=CARTESIAN_POINT('',(-0.0884,0.1015,-0.025));
#5531=CARTESIAN_POINT('',(-0.08725,0.049,-0.03));
#5532=CARTESIAN_POINT('',(-0.08725,0.049,-0.025));
#5533=CARTESIAN_POINT('',(-0.0884,0.049,-0.025));
#5534=CARTESIAN_POINT('',(-0.1485,0.1505,-0.03));
#5535=CARTESIAN_POINT('',(-0.1485,0.1505,-0.025));
#5536=CARTESIAN_POINT('',(-0.07425,-0.016,-0.03));
#5537=CARTESIAN_POINT('',(-0.07425,-0.016,-0.025));
#5538=CARTESIAN_POINT('',(-0.0754,-0.016,-0.025));
#5539=CARTESIAN_POINT('',(-0.07425,0.07525,-0.025));
#5540=CARTESIAN_POINT('',(-0.08995,0.11145,-0.037));
#5541=CARTESIAN_POINT('',(-0.08995,0.11645,-0.037));
#5542=CARTESIAN_POINT('',(-0.08995,0.11645,-0.037));
#5543=CARTESIAN_POINT('',(-0.08995,0.11145,-0.037));
#5544=CARTESIAN_POINT('',(-0.08995,0.10645,-0.037));
#5545=CARTESIAN_POINT('',(-0.08995,0.10645,-0.037));
#5546=CARTESIAN_POINT('',(-0.08495,0.11645,-0.037));
#5547=CARTESIAN_POINT('',(-0.07995,0.11645,-0.037));
#5548=CARTESIAN_POINT('',(-0.07995,0.11645,-0.037));
#5549=CARTESIAN_POINT('',(-0.08495,0.11645,-0.037));
#5550=CARTESIAN_POINT('',(-0.07995,0.11585,-0.037));
#5551=CARTESIAN_POINT('',(-0.07995,0.11525,-0.037));
#5552=CARTESIAN_POINT('',(-0.07995,0.11525,-0.037));
#5553=CARTESIAN_POINT('',(-0.07995,0.11585,-0.037));
#5554=CARTESIAN_POINT('',(-0.08435,0.11525,-0.037));
#5555=CARTESIAN_POINT('',(-0.08875,0.11525,-0.037));
#5556=CARTESIAN_POINT('',(-0.08875,0.11525,-0.037));
#5557=CARTESIAN_POINT('',(-0.08435,0.11525,-0.037));
#5558=CARTESIAN_POINT('',(-0.08875,0.11085,-0.037));
#5559=CARTESIAN_POINT('',(-0.08875,0.10645,-0.037));
#5560=CARTESIAN_POINT('',(-0.08875,0.10645,-0.037));
#5561=CARTESIAN_POINT('',(-0.08875,0.11085,-0.037));
#5562=CARTESIAN_POINT('',(-0.08935,0.10645,-0.037));
#5563=CARTESIAN_POINT('',(-0.08935,0.10645,-0.037));
#5564=CARTESIAN_POINT('',(-0.07425,0.07525,-0.037));
#5565=CARTESIAN_POINT('',(-0.06355,0.05805,-0.037));
#5566=CARTESIAN_POINT('',(-0.06855,0.05805,-0.037));
#5567=CARTESIAN_POINT('',(-0.06855,0.05805,-0.037));
#5568=CARTESIAN_POINT('',(-0.06355,0.05805,-0.037));
#5569=CARTESIAN_POINT('',(-0.05855,0.05805,-0.037));
#5570=CARTESIAN_POINT('',(-0.05855,0.05805,-0.037));
#5571=CARTESIAN_POINT('',(-0.06855,0.05865,-0.037));
#5572=CARTESIAN_POINT('',(-0.06855,0.05925,-0.037));
#5573=CARTESIAN_POINT('',(-0.06855,0.05925,-0.037));
#5574=CARTESIAN_POINT('',(-0.06855,0.05865,-0.037));
#5575=CARTESIAN_POINT('',(-0.06415,0.05925,-0.037));
#5576=CARTESIAN_POINT('',(-0.05975,0.05925,-0.037));
#5577=CARTESIAN_POINT('',(-0.05975,0.05925,-0.037));
#5578=CARTESIAN_POINT('',(-0.06415,0.05925,-0.037));
#5579=CARTESIAN_POINT('',(-0.05975,0.06365,-0.037));
#5580=CARTESIAN_POINT('',(-0.05975,0.06805,-0.037));
#5581=CARTESIAN_POINT('',(-0.05975,0.06805,-0.037));
#5582=CARTESIAN_POINT('',(-0.05975,0.06365,-0.037));
#5583=CARTESIAN_POINT('',(-0.05915,0.06805,-0.037));
#5584=CARTESIAN_POINT('',(-0.05855,0.06805,-0.037));
#5585=CARTESIAN_POINT('',(-0.05855,0.06805,-0.037));
#5586=CARTESIAN_POINT('',(-0.05915,0.06805,-0.037));
#5587=CARTESIAN_POINT('',(-0.05855,0.06305,-0.037));
#5588=CARTESIAN_POINT('',(-0.05855,0.06305,-0.037));
#5589=CARTESIAN_POINT('',(-0.07425,0.07525,-0.037));
#5590=CARTESIAN_POINT('',(-0.08995,0.06305,-0.037));
#5591=CARTESIAN_POINT('',(-0.08995,0.06805,-0.037));
#5592=CARTESIAN_POINT('',(-0.08995,0.06805,-0.037));
#5593=CARTESIAN_POINT('',(-0.08995,0.06305,-0.037));
#5594=CARTESIAN_POINT('',(-0.08995,0.05805,-0.037));
#5595=CARTESIAN_POINT('',(-0.08995,0.05805,-0.037));
#5596=CARTESIAN_POINT('',(-0.08935,0.06805,-0.037));
#5597=CARTESIAN_POINT('',(-0.08875,0.06805,-0.037));
#5598=CARTESIAN_POINT('',(-0.08875,0.06805,-0.037));
#5599=CARTESIAN_POINT('',(-0.08935,0.06805,-0.037));
#5600=CARTESIAN_POINT('',(-0.08875,0.06365,-0.037));
#5601=CARTESIAN_POINT('',(-0.08875,0.05925,-0.037));
#5602=CARTESIAN_POINT('',(-0.08875,0.05925,-0.037));
#5603=CARTESIAN_POINT('',(-0.08875,0.06365,-0.037));
#5604=CARTESIAN_POINT('',(-0.08435,0.05925,-0.037));
#5605=CARTESIAN_POINT('',(-0.07995,0.05925,-0.037));
#5606=CARTESIAN_POINT('',(-0.07995,0.05925,-0.037));
#5607=CARTESIAN_POINT('',(-0.08435,0.05925,-0.037));
#5608=CARTESIAN_POINT('',(-0.07995,0.05865,-0.037));
#5609=CARTESIAN_POINT('',(-0.07995,0.05805,-0.037));
#5610=CARTESIAN_POINT('',(-0.07995,0.05805,-0.037));
#5611=CARTESIAN_POINT('',(-0.07995,0.05865,-0.037));
#5612=CARTESIAN_POINT('',(-0.08495,0.05805,-0.037));
#5613=CARTESIAN_POINT('',(-0.08495,0.05805,-0.037));
#5614=CARTESIAN_POINT('',(-0.07425,0.07525,-0.037));
#5615=CARTESIAN_POINT('',(-0.06855,0.11585,-0.037));
#5616=CARTESIAN_POINT('',(-0.06855,0.11645,-0.037));
#5617=CARTESIAN_POINT('',(-0.06855,0.11645,-0.037));
#5618=CARTESIAN_POINT('',(-0.06855,0.11585,-0.037));
#5619=CARTESIAN_POINT('',(-0.06855,0.11525,-0.037));
#5620=CARTESIAN_POINT('',(-0.06855,0.11525,-0.037));
#5621=CARTESIAN_POINT('',(-0.06355,0.11645,-0.037));
#5622=CARTESIAN_POINT('',(-0.05855,0.11645,-0.037));
#5623=CARTESIAN_POINT('',(-0.05855,0.11645,-0.037));
#5624=CARTESIAN_POINT('',(-0.06355,0.11645,-0.037));
#5625=CARTESIAN_POINT('',(-0.05855,0.11145,-0.037));
#5626=CARTESIAN_POINT('',(-0.05855,0.10645,-0.037));
#5627=CARTESIAN_POINT('',(-0.05855,0.10645,-0.037));
#5628=CARTESIAN_POINT('',(-0.05855,0.11145,-0.037));
#5629=CARTESIAN_POINT('',(-0.05915,0.10645,-0.037));
#5630=CARTESIAN_POINT('',(-0.05975,0.10645,-0.037));
#5631=CARTESIAN_POINT('',(-0.05975,0.10645,-0.037));
#5632=CARTESIAN_POINT('',(-0.05915,0.10645,-0.037));
#5633=CARTESIAN_POINT('',(-0.05975,0.11085,-0.037));
#5634=CARTESIAN_POINT('',(-0.05975,0.11525,-0.037));
#5635=CARTESIAN_POINT('',(-0.05975,0.11525,-0.037));
#5636=CARTESIAN_POINT('',(-0.05975,0.11085,-0.037));
#5637=CARTESIAN_POINT('',(-0.06415,0.11525,-0.037));
#5638=CARTESIAN_POINT('',(-0.06415,0.11525,-0.037));
#5639=CARTESIAN_POINT('',(-0.07425,0.07525,-0.037));
#5640=CARTESIAN_POINT('',(-0.0845,0.04455,-0.035));
#5641=CARTESIAN_POINT('',(-0.0845,0.04455,-0.035));
#5642=CARTESIAN_POINT('',(-0.0871,0.04455,-0.035));
#5643=CARTESIAN_POINT('',(-0.0845,0.04455,-0.035));
#5644=CARTESIAN_POINT('',(-0.0845,0.04455,-0.035));
#5645=CARTESIAN_POINT('',(-0.0861,0.04455,-0.035));
#5646=CARTESIAN_POINT('',(-0.0845,0.04455,-0.03));
#5647=CARTESIAN_POINT('',(-0.0861,0.04455,-0.03));
#5648=CARTESIAN_POINT('',(-0.07425,0.07525,-0.035));
#5649=CARTESIAN_POINT('',(-0.07425,0.07525,-0.03));
#5650=CARTESIAN_POINT('',(-0.064,0.04455,-0.035));
#5651=CARTESIAN_POINT('',(-0.064,0.04455,-0.035));
#5652=CARTESIAN_POINT('',(-0.0656,0.04455,-0.035));
#5653=CARTESIAN_POINT('',(-0.064,0.04455,-0.03));
#5654=CARTESIAN_POINT('',(-0.0656,0.04455,-0.03));
#5655=CARTESIAN_POINT('',(-0.064,0.04455,-0.035));
#5656=CARTESIAN_POINT('',(-0.064,0.04455,-0.035));
#5657=CARTESIAN_POINT('',(-0.0666,0.04455,-0.035));
#5658=CARTESIAN_POINT('',(-0.07425,0.07525,-0.035));
#5659=CARTESIAN_POINT('',(-0.07425,0.07525,-0.03));
#5660=CARTESIAN_POINT('',(-0.079375,0.05415,-0.035));
#5661=CARTESIAN_POINT('',(-0.064,0.05415,-0.035));
#5662=CARTESIAN_POINT('',(-0.064,0.05415,-0.035));
#5663=CARTESIAN_POINT('',(-0.079375,0.05415,-0.035));
#5664=CARTESIAN_POINT('',(-0.0845,0.05415,-0.035));
#5665=CARTESIAN_POINT('',(-0.0845,0.05415,-0.035));
#5666=CARTESIAN_POINT('',(-0.064,0.05305,-0.035));
#5667=CARTESIAN_POINT('',(-0.064,0.05195,-0.035));
#5668=CARTESIAN_POINT('',(-0.064,0.05195,-0.035));
#5669=CARTESIAN_POINT('',(-0.064,0.05305,-0.035));
#5670=CARTESIAN_POINT('',(-0.079375,0.05195,-0.035));
#5671=CARTESIAN_POINT('',(-0.0845,0.05195,-0.035));
#5672=CARTESIAN_POINT('',(-0.0845,0.05195,-0.035));
#5673=CARTESIAN_POINT('',(-0.079375,0.05195,-0.035));
#5674=CARTESIAN_POINT('',(-0.0845,0.05305,-0.035));
#5675=CARTESIAN_POINT('',(-0.0845,0.05305,-0.035));
#5676=CARTESIAN_POINT('',(-0.07425,0.07525,-0.035));
#5677=CARTESIAN_POINT('',(0.,0.,0.));
#5678=CARTESIAN_POINT('',(-0.07425,0.07525,0.));
#5679=CARTESIAN_POINT('',(-0.07425,0.1665,0.));
#5680=CARTESIAN_POINT('',(-0.0731,0.1665,0.));
#5681=CARTESIAN_POINT('',(-0.08725,0.1015,0.));
#5682=CARTESIAN_POINT('',(-0.0861,0.1015,0.));
#5683=CARTESIAN_POINT('',(-0.06125,0.1015,0.));
#5684=CARTESIAN_POINT('',(-0.0601,0.1015,0.));
#5685=CARTESIAN_POINT('',(-0.06125,0.049,0.));
#5686=CARTESIAN_POINT('',(-0.0601,0.049,0.));
#5687=CARTESIAN_POINT('',(-0.08725,0.049,0.));
#5688=CARTESIAN_POINT('',(-0.0861,0.049,0.));
#5689=CARTESIAN_POINT('',(-0.07425,-0.016,0.));
#5690=CARTESIAN_POINT('',(-0.0731,-0.016,0.));
#5691=CARTESIAN_POINT('',(-0.06855,0.0517285,0.));
#5692=CARTESIAN_POINT('',(-0.06665,0.0517285,0.));
#5693=CARTESIAN_POINT('',(-0.07995,0.0987715,0.));
#5694=CARTESIAN_POINT('',(-0.07805,0.0987715,0.));
#5695=CARTESIAN_POINT('',(-0.06855,0.0987715,0.));
#5696=CARTESIAN_POINT('',(-0.06665,0.0987715,0.));
#5697=CARTESIAN_POINT('',(-0.07995,0.0517285,0.));
#5698=CARTESIAN_POINT('',(-0.07805,0.0517285,0.));
#5699=CARTESIAN_POINT('',(-0.1485,-0.017375,0.));
#5700=CARTESIAN_POINT('',(-0.1485,-0.019,0.));
#5701=CARTESIAN_POINT('',(-0.1485,-0.01575,0.));
#5702=CARTESIAN_POINT('',(-0.1485,-4.16333634234433E-17,0.));
#5703=CARTESIAN_POINT('',(-0.1485,0.01575,0.));
#5704=CARTESIAN_POINT('',(-0.1485,0.017375,0.));
#5705=CARTESIAN_POINT('',(-0.1485,0.019,0.));
#5706=CARTESIAN_POINT('',(-0.134375,0.019,0.));
#5707=CARTESIAN_POINT('',(-0.12025,0.019,0.));
#5708=CARTESIAN_POINT('',(-0.12025,0.049,0.));
#5709=CARTESIAN_POINT('',(-0.09025,0.049,0.));
#5710=CARTESIAN_POINT('',(-0.09025,0.088375,0.));
#5711=CARTESIAN_POINT('',(-0.09025,0.1015,0.));
#5712=CARTESIAN_POINT('',(-0.12025,0.1015,0.));
#5713=CARTESIAN_POINT('',(-0.12025,0.1315,0.));
#5714=CARTESIAN_POINT('',(-0.134375,0.1315,0.));
#5715=CARTESIAN_POINT('',(-0.1485,0.1315,0.));
#5716=CARTESIAN_POINT('',(-0.1485,0.133125,0.));
#5717=CARTESIAN_POINT('',(-0.1485,0.13475,0.));
#5718=CARTESIAN_POINT('',(-0.1485,0.1505,0.));
#5719=CARTESIAN_POINT('',(-0.1485,0.16625,0.));
#5720=CARTESIAN_POINT('',(-0.1485,0.167875,0.));
#5721=CARTESIAN_POINT('',(-0.1485,0.1695,0.));
#5722=CARTESIAN_POINT('',(-0.037125,0.1695,0.));
#5723=CARTESIAN_POINT('',(-3.50079967385557E-16,0.1695,0.));
#5724=CARTESIAN_POINT('',(-3.44044105878909E-16,0.167875,0.));
#5725=CARTESIAN_POINT('',(-3.39432184487701E-16,0.16625,0.));
#5726=CARTESIAN_POINT('',(-2.77777703862901E-16,0.1505,0.));
#5727=CARTESIAN_POINT('',(-2.1262602071053E-16,0.13475,0.));
#5728=CARTESIAN_POINT('',(-2.14969529044447E-16,0.133125,0.));
#5729=CARTESIAN_POINT('',(-1.94190735064463E-16,0.1315,0.));
#5730=CARTESIAN_POINT('',(-0.0141250000000002,0.1315,0.));
#5731=CARTESIAN_POINT('',(-0.02825,0.1315,0.));
#5732=CARTESIAN_POINT('',(-0.02825,0.1015,0.));
#5733=CARTESIAN_POINT('',(-0.05825,0.1015,0.));
#5734=CARTESIAN_POINT('',(-0.05825,0.088375,0.));
#5735=CARTESIAN_POINT('',(-0.05825,0.049,0.));
#5736=CARTESIAN_POINT('',(-0.02825,0.049,0.));
#5737=CARTESIAN_POINT('',(-0.02825,0.019,0.));
#5738=CARTESIAN_POINT('',(-0.014125,0.019,0.));
#5739=CARTESIAN_POINT('',(0.,0.019,0.));
#5740=CARTESIAN_POINT('',(0.,0.017375,0.));
#5741=CARTESIAN_POINT('',(9.64409354328541E-19,0.01575,0.));
#5742=CARTESIAN_POINT('',(-9.6440935432854E-19,0.,0.));
#5743=CARTESIAN_POINT('',(-2.89322806298562E-18,-0.01575,0.));
#5744=CARTESIAN_POINT('',(0.,-0.017375,0.));
#5745=CARTESIAN_POINT('',(0.,-0.019,0.));
#5746=CARTESIAN_POINT('',(-0.037125,-0.019,0.));
#5747=CARTESIAN_POINT('',(-0.141110748557873,0.00498508838609289,0.005));
#5748=CARTESIAN_POINT('',(-0.141110748557873,0.00498508838609289,0.002));
#5749=CARTESIAN_POINT('',(-0.141641078643763,0.00445475830020303,0.002));
#5750=CARTESIAN_POINT('',(-0.140580418471983,0.00551541847198281,0.002));
#5751=CARTESIAN_POINT('',(-0.141641078643763,0.00445475830020303,0.005));
#5752=CARTESIAN_POINT('',(-0.141641078643763,0.00445475830020303,0.005));
#5753=CARTESIAN_POINT('',(-0.141110748557873,0.00498508838609289,0.005));
#5754=CARTESIAN_POINT('',(-0.140580418471983,0.00551541847198281,0.005));
#5755=CARTESIAN_POINT('',(-0.140580418471983,0.00551541847198281,0.005));
#5756=CARTESIAN_POINT('',(-0.142843160171781,0.00565683982822065,0.005));
#5757=CARTESIAN_POINT('',(-0.142843160171781,0.00565683982822065,0.002));
#5758=CARTESIAN_POINT('',(-0.144045241699797,0.0068589213562373,0.002));
#5759=CARTESIAN_POINT('',(-0.144045241699797,0.0068589213562373,0.005));
#5760=CARTESIAN_POINT('',(-0.144045241699797,0.0068589213562373,0.005));
#5761=CARTESIAN_POINT('',(-0.142843160171781,0.00565683982822065,0.005));
#5762=CARTESIAN_POINT('',(-0.143514911613907,0.00738925144212714,0.005));
#5763=CARTESIAN_POINT('',(-0.143514911613907,0.00738925144212714,0.002));
#5764=CARTESIAN_POINT('',(-0.142984581528017,0.00791958152801708,0.002));
#5765=CARTESIAN_POINT('',(-0.142984581528017,0.00791958152801708,0.005));
#5766=CARTESIAN_POINT('',(-0.142984581528017,0.00791958152801708,0.005));
#5767=CARTESIAN_POINT('',(-0.143514911613907,0.00738925144212714,0.005));
#5768=CARTESIAN_POINT('',(-0.143514911613907,-0.00738925144212725,0.005));
#5769=CARTESIAN_POINT('',(-0.143514911613907,-0.00738925144212725,0.002));
#5770=CARTESIAN_POINT('',(-0.144045241699797,-0.00685892135623741,0.002));
#5771=CARTESIAN_POINT('',(-0.142984581528017,-0.00791958152801717,0.002));
#5772=CARTESIAN_POINT('',(-0.144045241699797,-0.00685892135623741,0.005));
#5773=CARTESIAN_POINT('',(-0.144045241699797,-0.00685892135623741,0.005));
#5774=CARTESIAN_POINT('',(-0.143514911613907,-0.00738925144212725,0.005));
#5775=CARTESIAN_POINT('',(-0.142984581528017,-0.00791958152801717,0.005));
#5776=CARTESIAN_POINT('',(-0.142984581528017,-0.00791958152801717,0.005));
#5777=CARTESIAN_POINT('',(-0.142843160171781,-0.0056568398282214,0.005));
#5778=CARTESIAN_POINT('',(-0.142843160171781,-0.0056568398282214,0.002));
#5779=CARTESIAN_POINT('',(-0.141641078643763,-0.00445475830020305,0.002));
#5780=CARTESIAN_POINT('',(-0.141641078643763,-0.00445475830020305,0.005));
#5781=CARTESIAN_POINT('',(-0.141641078643763,-0.00445475830020305,0.005));
#5782=CARTESIAN_POINT('',(-0.142843160171781,-0.0056568398282214,0.005));
#5783=CARTESIAN_POINT('',(-0.141110748557873,-0.00498508838609299,0.005));
#5784=CARTESIAN_POINT('',(-0.141110748557873,-0.00498508838609299,0.002));
#5785=CARTESIAN_POINT('',(-0.140580418471983,-0.00551541847198291,0.002));
#5786=CARTESIAN_POINT('',(-0.140580418471983,-0.00551541847198291,0.005));
#5787=CARTESIAN_POINT('',(-0.140580418471983,-0.00551541847198291,0.005));
#5788=CARTESIAN_POINT('',(-0.141110748557873,-0.00498508838609299,0.005));
#5789=CARTESIAN_POINT('',(-0.153485088386093,0.00738925144212712,0.005));
#5790=CARTESIAN_POINT('',(-0.153485088386093,0.00738925144212712,0.002));
#5791=CARTESIAN_POINT('',(-0.152954758300203,0.00685892135623733,0.002));
#5792=CARTESIAN_POINT('',(-0.154015418471983,0.00791958152801682,0.002));
#5793=CARTESIAN_POINT('',(-0.152954758300203,0.00685892135623733,0.005));
#5794=CARTESIAN_POINT('',(-0.152954758300203,0.00685892135623733,0.005));
#5795=CARTESIAN_POINT('',(-0.153485088386093,0.00738925144212712,0.005));
#5796=CARTESIAN_POINT('',(-0.154015418471983,0.00791958152801682,0.005));
#5797=CARTESIAN_POINT('',(-0.154015418471983,0.00791958152801682,0.005));
#5798=CARTESIAN_POINT('',(-0.154156839828218,0.00565683982822233,0.005));
#5799=CARTESIAN_POINT('',(-0.154156839828218,0.00565683982822233,0.002));
#5800=CARTESIAN_POINT('',(-0.155358921356237,0.00445475830020306,0.002));
#5801=CARTESIAN_POINT('',(-0.155358921356237,0.00445475830020306,0.005));
#5802=CARTESIAN_POINT('',(-0.155358921356237,0.00445475830020306,0.005));
#5803=CARTESIAN_POINT('',(-0.154156839828218,0.00565683982822233,0.005));
#5804=CARTESIAN_POINT('',(-0.155889251442127,0.0049850883860931,0.005));
#5805=CARTESIAN_POINT('',(-0.155889251442127,0.0049850883860931,0.002));
#5806=CARTESIAN_POINT('',(-0.156419581528017,0.005515418471983,0.002));
#5807=CARTESIAN_POINT('',(-0.156419581528017,0.005515418471983,0.005));
#5808=CARTESIAN_POINT('',(-0.156419581528017,0.005515418471983,0.005));
#5809=CARTESIAN_POINT('',(-0.155889251442127,0.0049850883860931,0.005));
#5810=CARTESIAN_POINT('',(-0.155889251442127,-0.00498508838609292,0.005));
#5811=CARTESIAN_POINT('',(-0.155889251442127,-0.00498508838609292,0.002));
#5812=CARTESIAN_POINT('',(-0.155358921356237,-0.00445475830020305,0.002));
#5813=CARTESIAN_POINT('',(-0.156419581528017,-0.00551541847198285,0.002));
#5814=CARTESIAN_POINT('',(-0.155358921356237,-0.00445475830020305,0.005));
#5815=CARTESIAN_POINT('',(-0.155358921356237,-0.00445475830020305,0.005));
#5816=CARTESIAN_POINT('',(-0.155889251442127,-0.00498508838609292,0.005));
#5817=CARTESIAN_POINT('',(-0.156419581528017,-0.00551541847198285,0.005));
#5818=CARTESIAN_POINT('',(-0.156419581528017,-0.00551541847198285,0.005));
#5819=CARTESIAN_POINT('',(-0.154156839828218,-0.00565683982822215,0.005));
#5820=CARTESIAN_POINT('',(-0.15415683982822,-0.00565683982822019,0.002));
#5821=CARTESIAN_POINT('',(-0.152954758300203,-0.00685892135623716,0.002));
#5822=CARTESIAN_POINT('',(-0.152954758300203,-0.00685892135623716,0.005));
#5823=CARTESIAN_POINT('',(-0.152954758300203,-0.00685892135623716,0.005));
#5824=CARTESIAN_POINT('',(-0.154156839828218,-0.00565683982822215,0.005));
#5825=CARTESIAN_POINT('',(-0.153485088386093,-0.00738925144212716,0.005));
#5826=CARTESIAN_POINT('',(-0.153485088386093,-0.00738925144212716,0.002));
#5827=CARTESIAN_POINT('',(-0.154015418471983,-0.00791958152801712,0.002));
#5828=CARTESIAN_POINT('',(-0.154015418471983,-0.00791958152801712,0.005));
#5829=CARTESIAN_POINT('',(-0.154015418471983,-0.00791958152801712,0.005));
#5830=CARTESIAN_POINT('',(-0.153485088386093,-0.00738925144212716,0.005));
#5831=CARTESIAN_POINT('',(0.00738925144212722,0.00498508838609296,0.005));
#5832=CARTESIAN_POINT('',(0.00738925144212722,0.00498508838609296,0.002));
#5833=CARTESIAN_POINT('',(0.00685892135623731,0.00445475830020305,0.002));
#5834=CARTESIAN_POINT('',(0.00791958152801713,0.00551541847198287,0.002));
#5835=CARTESIAN_POINT('',(0.00685892135623731,0.00445475830020305,0.005));
#5836=CARTESIAN_POINT('',(0.00685892135623731,0.00445475830020305,0.005));
#5837=CARTESIAN_POINT('',(0.00738925144212722,0.00498508838609296,0.005));
#5838=CARTESIAN_POINT('',(0.00791958152801713,0.00551541847198287,0.005));
#5839=CARTESIAN_POINT('',(0.00791958152801713,0.00551541847198287,0.005));
#5840=CARTESIAN_POINT('',(0.00565683982822031,0.00565683982822003,0.005));
#5841=CARTESIAN_POINT('',(0.00565683982822018,0.00565683982822018,0.002));
#5842=CARTESIAN_POINT('',(0.00445475830020305,0.00685892135623731,0.002));
#5843=CARTESIAN_POINT('',(0.00445475830020305,0.00685892135623731,0.005));
#5844=CARTESIAN_POINT('',(0.00445475830020305,0.00685892135623731,0.005));
#5845=CARTESIAN_POINT('',(0.00565683982822031,0.00565683982822003,0.005));
#5846=CARTESIAN_POINT('',(0.00498508838609295,0.00738925144212722,0.005));
#5847=CARTESIAN_POINT('',(0.00498508838609295,0.00738925144212722,0.002));
#5848=CARTESIAN_POINT('',(0.00551541847198287,0.00791958152801713,0.002));
#5849=CARTESIAN_POINT('',(0.00551541847198287,0.00791958152801713,0.005));
#5850=CARTESIAN_POINT('',(0.00551541847198287,0.00791958152801713,0.005));
#5851=CARTESIAN_POINT('',(0.00498508838609295,0.00738925144212722,0.005));
#5852=CARTESIAN_POINT('',(0.00498508838609295,-0.00738925144212722,0.005));
#5853=CARTESIAN_POINT('',(0.00498508838609295,-0.00738925144212722,0.002));
#5854=CARTESIAN_POINT('',(0.00445475830020303,-0.00685892135623732,0.002));
#5855=CARTESIAN_POINT('',(0.00551541847198287,-0.00791958152801713,0.002));
#5856=CARTESIAN_POINT('',(0.00445475830020303,-0.00685892135623732,0.005));
#5857=CARTESIAN_POINT('',(0.00445475830020303,-0.00685892135623732,0.005));
#5858=CARTESIAN_POINT('',(0.00498508838609295,-0.00738925144212722,0.005));
#5859=CARTESIAN_POINT('',(0.00551541847198287,-0.00791958152801713,0.005));
#5860=CARTESIAN_POINT('',(0.00551541847198287,-0.00791958152801713,0.005));
#5861=CARTESIAN_POINT('',(0.00565683982822023,-0.0056568398282201,0.005));
#5862=CARTESIAN_POINT('',(0.00565683982822018,-0.00565683982822018,0.002));
#5863=CARTESIAN_POINT('',(0.00685892135623731,-0.00445475830020305,0.002));
#5864=CARTESIAN_POINT('',(0.00685892135623731,-0.00445475830020305,0.005));
#5865=CARTESIAN_POINT('',(0.00685892135623731,-0.00445475830020305,0.005));
#5866=CARTESIAN_POINT('',(0.00565683982822023,-0.0056568398282201,0.005));
#5867=CARTESIAN_POINT('',(0.00738925144212722,-0.00498508838609296,0.005));
#5868=CARTESIAN_POINT('',(0.00738925144212722,-0.00498508838609296,0.002));
#5869=CARTESIAN_POINT('',(0.00791958152801713,-0.00551541847198287,0.002));
#5870=CARTESIAN_POINT('',(0.00791958152801713,-0.00551541847198287,0.005));
#5871=CARTESIAN_POINT('',(0.00791958152801713,-0.00551541847198287,0.005));
#5872=CARTESIAN_POINT('',(0.00738925144212722,-0.00498508838609296,0.005));
#5873=CARTESIAN_POINT('',(-0.00498508838612339,0.00738925144215765,0.005));
#5874=CARTESIAN_POINT('',(-0.00498508838612339,0.00738925144215765,0.002));
#5875=CARTESIAN_POINT('',(-0.00445475830020305,0.00685892135623731,0.002));
#5876=CARTESIAN_POINT('',(-0.00551541847204373,0.00791958152807798,0.002));
#5877=CARTESIAN_POINT('',(-0.00445475830020305,0.00685892135623731,0.005));
#5878=CARTESIAN_POINT('',(-0.00445475830020305,0.00685892135623731,0.005));
#5879=CARTESIAN_POINT('',(-0.00498508838612339,0.00738925144215765,0.005));
#5880=CARTESIAN_POINT('',(-0.00551541847204373,0.00791958152807798,0.005));
#5881=CARTESIAN_POINT('',(-0.00551541847204373,0.00791958152807798,0.005));
#5882=CARTESIAN_POINT('',(-0.00565683982822007,0.00565683982822026,0.005));
#5883=CARTESIAN_POINT('',(-0.00565683982822007,0.00565683982822026,0.002));
#5884=CARTESIAN_POINT('',(-0.00685892135623731,0.00445475830020305,0.002));
#5885=CARTESIAN_POINT('',(-0.00685892135623731,0.00445475830020305,0.005));
#5886=CARTESIAN_POINT('',(-0.00685892135623731,0.00445475830020305,0.005));
#5887=CARTESIAN_POINT('',(-0.00565683982822007,0.00565683982822026,0.005));
#5888=CARTESIAN_POINT('',(-0.00738925144215765,0.00498508838612338,0.005));
#5889=CARTESIAN_POINT('',(-0.00738925144215765,0.00498508838612338,0.002));
#5890=CARTESIAN_POINT('',(-0.00791958152807799,0.00551541847204372,0.002));
#5891=CARTESIAN_POINT('',(-0.00791958152807799,0.00551541847204372,0.005));
#5892=CARTESIAN_POINT('',(-0.00791958152807799,0.00551541847204372,0.005));
#5893=CARTESIAN_POINT('',(-0.00738925144215765,0.00498508838612338,0.005));
#5894=CARTESIAN_POINT('',(-0.00738925144212713,-0.00498508838609287,0.005));
#5895=CARTESIAN_POINT('',(-0.00738925144212713,-0.00498508838609287,0.002));
#5896=CARTESIAN_POINT('',(-0.00685892135623728,-0.00445475830020303,0.002));
#5897=CARTESIAN_POINT('',(-0.00791958152801713,-0.00551541847198287,0.002));
#5898=CARTESIAN_POINT('',(-0.00685892135623728,-0.00445475830020303,0.005));
#5899=CARTESIAN_POINT('',(-0.00685892135623728,-0.00445475830020303,0.005));
#5900=CARTESIAN_POINT('',(-0.00738925144212713,-0.00498508838609287,0.005));
#5901=CARTESIAN_POINT('',(-0.00791958152801713,-0.00551541847198287,0.005));
#5902=CARTESIAN_POINT('',(-0.00791958152801713,-0.00551541847198287,0.005));
#5903=CARTESIAN_POINT('',(-0.00565683982822026,-0.00565683982822007,0.005));
#5904=CARTESIAN_POINT('',(-0.00565683982822026,-0.00565683982822007,0.002));
#5905=CARTESIAN_POINT('',(-0.00445475830020286,-0.00685892135623712,0.002));
#5906=CARTESIAN_POINT('',(-0.00445475830020286,-0.00685892135623712,0.005));
#5907=CARTESIAN_POINT('',(-0.00445475830020286,-0.00685892135623712,0.005));
#5908=CARTESIAN_POINT('',(-0.00565683982822026,-0.00565683982822007,0.005));
#5909=CARTESIAN_POINT('',(-0.00498508838609286,-0.00738925144212713,0.005));
#5910=CARTESIAN_POINT('',(-0.00498508838609286,-0.00738925144212713,0.002));
#5911=CARTESIAN_POINT('',(-0.00551541847198287,-0.00791958152801713,0.002));
#5912=CARTESIAN_POINT('',(-0.00551541847198287,-0.00791958152801713,0.005));
#5913=CARTESIAN_POINT('',(-0.00551541847198287,-0.00791958152801713,0.005));
#5914=CARTESIAN_POINT('',(-0.00498508838609286,-0.00738925144212713,0.005));
#5915=CARTESIAN_POINT('',(0.00498508838609272,0.143110748557873,0.005));
#5916=CARTESIAN_POINT('',(0.00498508838609272,0.143110748557873,0.002));
#5917=CARTESIAN_POINT('',(0.0044547583002028,0.143641078643763,0.002));
#5918=CARTESIAN_POINT('',(0.00551541847198262,0.142580418471983,0.002));
#5919=CARTESIAN_POINT('',(0.0044547583002028,0.143641078643763,0.005));
#5920=CARTESIAN_POINT('',(0.0044547583002028,0.143641078643763,0.005));
#5921=CARTESIAN_POINT('',(0.00498508838609272,0.143110748557873,0.005));
#5922=CARTESIAN_POINT('',(0.00551541847198262,0.142580418471983,0.005));
#5923=CARTESIAN_POINT('',(0.00551541847198262,0.142580418471983,0.005));
#5924=CARTESIAN_POINT('',(0.00565683982822209,0.144843160171782,0.005));
#5925=CARTESIAN_POINT('',(0.00565683982822209,0.144843160171782,0.002));
#5926=CARTESIAN_POINT('',(0.00685892135623705,0.146045241699797,0.002));
#5927=CARTESIAN_POINT('',(0.00685892135623705,0.146045241699797,0.005));
#5928=CARTESIAN_POINT('',(0.00685892135623705,0.146045241699797,0.005));
#5929=CARTESIAN_POINT('',(0.00565683982822209,0.144843160171782,0.005));
#5930=CARTESIAN_POINT('',(0.00738925144212697,0.145514911613907,0.005));
#5931=CARTESIAN_POINT('',(0.00738925144212697,0.145514911613907,0.002));
#5932=CARTESIAN_POINT('',(0.00791958152801689,0.144984581528017,0.002));
#5933=CARTESIAN_POINT('',(0.00791958152801689,0.144984581528017,0.005));
#5934=CARTESIAN_POINT('',(0.00791958152801689,0.144984581528017,0.005));
#5935=CARTESIAN_POINT('',(0.00738925144212697,0.145514911613907,0.005));
#5936=CARTESIAN_POINT('',(0.00565683982822103,0.156156839828219,0.005));
#5937=CARTESIAN_POINT('',(0.00685892135623703,0.154954758300203,0.005));
#5938=CARTESIAN_POINT('',(0.00685892135623703,0.154954758300203,0.005));
#5939=CARTESIAN_POINT('',(0.00685892135623703,0.154954758300203,0.002));
#5940=CARTESIAN_POINT('',(0.00565683982822103,0.156156839828219,0.002));
#5941=CARTESIAN_POINT('',(0.00445475830020277,0.157358921356237,0.002));
#5942=CARTESIAN_POINT('',(0.00445475830020277,0.157358921356237,0.005));
#5943=CARTESIAN_POINT('',(0.00445475830020277,0.157358921356237,0.005));
#5944=CARTESIAN_POINT('',(0.00565683982822103,0.156156839828219,0.005));
#5945=CARTESIAN_POINT('',(0.00498508838609262,0.157889251442128,0.005));
#5946=CARTESIAN_POINT('',(0.00498508838609262,0.157889251442128,0.002));
#5947=CARTESIAN_POINT('',(0.00551541847198254,0.158419581528017,0.002));
#5948=CARTESIAN_POINT('',(0.00551541847198254,0.158419581528017,0.005));
#5949=CARTESIAN_POINT('',(0.00551541847198254,0.158419581528017,0.005));
#5950=CARTESIAN_POINT('',(0.00498508838609262,0.157889251442128,0.005));
#5951=CARTESIAN_POINT('',(0.00671749999999972,0.1572175,0.005));
#5952=CARTESIAN_POINT('',(0.00671749999999972,0.1572175,0.002));
#5953=CARTESIAN_POINT('',(0.00791958152801686,0.156015418471983,0.002));
#5954=CARTESIAN_POINT('',(0.00791958152801686,0.156015418471983,0.005));
#5955=CARTESIAN_POINT('',(0.00791958152801686,0.156015418471983,0.005));
#5956=CARTESIAN_POINT('',(0.00671749999999972,0.1572175,0.005));
#5957=CARTESIAN_POINT('',(-0.00498508838609318,0.157889251442128,0.005));
#5958=CARTESIAN_POINT('',(-0.00498508838609318,0.157889251442128,0.002));
#5959=CARTESIAN_POINT('',(-0.00445475830020334,0.157358921356237,0.002));
#5960=CARTESIAN_POINT('',(-0.0055154184719832,0.158419581528017,0.002));
#5961=CARTESIAN_POINT('',(-0.00445475830020334,0.157358921356237,0.005));
#5962=CARTESIAN_POINT('',(-0.00445475830020334,0.157358921356237,0.005));
#5963=CARTESIAN_POINT('',(-0.00498508838609318,0.157889251442128,0.005));
#5964=CARTESIAN_POINT('',(-0.0055154184719832,0.158419581528017,0.005));
#5965=CARTESIAN_POINT('',(-0.0055154184719832,0.158419581528017,0.005));
#5966=CARTESIAN_POINT('',(-0.00565683982822245,0.156156839828218,0.005));
#5967=CARTESIAN_POINT('',(-0.00565683982822245,0.156156839828218,0.002));
#5968=CARTESIAN_POINT('',(-0.00685892135623742,0.154954758300203,0.002));
#5969=CARTESIAN_POINT('',(-0.00685892135623742,0.154954758300203,0.005));
#5970=CARTESIAN_POINT('',(-0.00685892135623742,0.154954758300203,0.005));
#5971=CARTESIAN_POINT('',(-0.00565683982822245,0.156156839828218,0.005));
#5972=CARTESIAN_POINT('',(-0.00738925144212743,0.155485088386093,0.005));
#5973=CARTESIAN_POINT('',(-0.00738925144212743,0.155485088386093,0.002));
#5974=CARTESIAN_POINT('',(-0.00791958152801747,0.156015418471983,0.002));
#5975=CARTESIAN_POINT('',(-0.00791958152801747,0.156015418471983,0.005));
#5976=CARTESIAN_POINT('',(-0.00791958152801747,0.156015418471983,0.005));
#5977=CARTESIAN_POINT('',(-0.00738925144212743,0.155485088386093,0.005));
#5978=CARTESIAN_POINT('',(-0.00738925144215793,0.145514911613877,0.005));
#5979=CARTESIAN_POINT('',(-0.00738925144215793,0.145514911613877,0.002));
#5980=CARTESIAN_POINT('',(-0.00685892135623756,0.146045241699797,0.002));
#5981=CARTESIAN_POINT('',(-0.00791958152807826,0.144984581527956,0.002));
#5982=CARTESIAN_POINT('',(-0.00685892135623756,0.146045241699797,0.005));
#5983=CARTESIAN_POINT('',(-0.00685892135623756,0.146045241699797,0.005));
#5984=CARTESIAN_POINT('',(-0.00738925144215793,0.145514911613877,0.005));
#5985=CARTESIAN_POINT('',(-0.00791958152807826,0.144984581527956,0.005));
#5986=CARTESIAN_POINT('',(-0.00791958152807826,0.144984581527956,0.005));
#5987=CARTESIAN_POINT('',(-0.00565683982822447,0.144843160171784,0.005));
#5988=CARTESIAN_POINT('',(-0.00565683982822447,0.144843160171784,0.002));
#5989=CARTESIAN_POINT('',(-0.00445475830020328,0.143641078643763,0.002));
#5990=CARTESIAN_POINT('',(-0.00445475830020328,0.143641078643763,0.005));
#5991=CARTESIAN_POINT('',(-0.00445475830020328,0.143641078643763,0.005));
#5992=CARTESIAN_POINT('',(-0.00565683982822447,0.144843160171784,0.005));
#5993=CARTESIAN_POINT('',(-0.00498508838612365,0.143110748557843,0.005));
#5994=CARTESIAN_POINT('',(-0.00498508838612365,0.143110748557843,0.002));
#5995=CARTESIAN_POINT('',(-0.00551541847204396,0.142580418471922,0.002));
#5996=CARTESIAN_POINT('',(-0.00551541847204396,0.142580418471922,0.005));
#5997=CARTESIAN_POINT('',(-0.00551541847204396,0.142580418471922,0.005));
#5998=CARTESIAN_POINT('',(-0.00498508838612365,0.143110748557843,0.005));
#5999=CARTESIAN_POINT('',(-0.153485088386093,0.157889251442127,0.005));
#6000=CARTESIAN_POINT('',(-0.153485088386093,0.157889251442127,0.002));
#6001=CARTESIAN_POINT('',(-0.152954758300203,0.157358921356237,0.002));
#6002=CARTESIAN_POINT('',(-0.154015418471983,0.158419581528017,0.002));
#6003=CARTESIAN_POINT('',(-0.152954758300203,0.157358921356237,0.005));
#6004=CARTESIAN_POINT('',(-0.152954758300203,0.157358921356237,0.005));
#6005=CARTESIAN_POINT('',(-0.153485088386093,0.157889251442127,0.005));
#6006=CARTESIAN_POINT('',(-0.154015418471983,0.158419581528017,0.005));
#6007=CARTESIAN_POINT('',(-0.154015418471983,0.158419581528017,0.005));
#6008=CARTESIAN_POINT('',(-0.154156839828216,0.156156839828226,0.005));
#6009=CARTESIAN_POINT('',(-0.154156839828216,0.156156839828226,0.002));
#6010=CARTESIAN_POINT('',(-0.155358921356237,0.154954758300202,0.002));
#6011=CARTESIAN_POINT('',(-0.155358921356237,0.154954758300202,0.005));
#6012=CARTESIAN_POINT('',(-0.155358921356237,0.154954758300202,0.005));
#6013=CARTESIAN_POINT('',(-0.154156839828216,0.156156839828226,0.005));
#6014=CARTESIAN_POINT('',(-0.155889251442128,0.155485088386092,0.005));
#6015=CARTESIAN_POINT('',(-0.155889251442128,0.155485088386092,0.002));
#6016=CARTESIAN_POINT('',(-0.156419581528017,0.156015418471982,0.002));
#6017=CARTESIAN_POINT('',(-0.156419581528017,0.156015418471982,0.005));
#6018=CARTESIAN_POINT('',(-0.156419581528017,0.156015418471982,0.005));
#6019=CARTESIAN_POINT('',(-0.155889251442128,0.155485088386092,0.005));
#6020=CARTESIAN_POINT('',(-0.155889251442128,0.145514911613907,0.005));
#6021=CARTESIAN_POINT('',(-0.155889251442128,0.145514911613907,0.002));
#6022=CARTESIAN_POINT('',(-0.155358921356237,0.146045241699797,0.002));
#6023=CARTESIAN_POINT('',(-0.156419581528017,0.144984581528017,0.002));
#6024=CARTESIAN_POINT('',(-0.155358921356237,0.146045241699797,0.005));
#6025=CARTESIAN_POINT('',(-0.155358921356237,0.146045241699797,0.005));
#6026=CARTESIAN_POINT('',(-0.155889251442128,0.145514911613907,0.005));
#6027=CARTESIAN_POINT('',(-0.156419581528017,0.144984581528017,0.005));
#6028=CARTESIAN_POINT('',(-0.156419581528017,0.144984581528017,0.005));
#6029=CARTESIAN_POINT('',(-0.154156839828214,0.144843160171774,0.005));
#6030=CARTESIAN_POINT('',(-0.154156839828214,0.144843160171774,0.002));
#6031=CARTESIAN_POINT('',(-0.152954758300203,0.143641078643762,0.002));
#6032=CARTESIAN_POINT('',(-0.152954758300203,0.143641078643762,0.005));
#6033=CARTESIAN_POINT('',(-0.152954758300203,0.143641078643762,0.005));
#6034=CARTESIAN_POINT('',(-0.154156839828214,0.144843160171774,0.005));
#6035=CARTESIAN_POINT('',(-0.153485088386093,0.143110748557873,0.005));
#6036=CARTESIAN_POINT('',(-0.153485088386093,0.143110748557873,0.002));
#6037=CARTESIAN_POINT('',(-0.154015418471983,0.142580418471983,0.002));
#6038=CARTESIAN_POINT('',(-0.154015418471983,0.142580418471983,0.005));
#6039=CARTESIAN_POINT('',(-0.154015418471983,0.142580418471983,0.005));
#6040=CARTESIAN_POINT('',(-0.153485088386093,0.143110748557873,0.005));
#6041=CARTESIAN_POINT('',(-0.143514911613907,0.143110748557872,0.005));
#6042=CARTESIAN_POINT('',(-0.143514911613907,0.143110748557872,0.002));
#6043=CARTESIAN_POINT('',(-0.144045241699797,0.143641078643762,0.002));
#6044=CARTESIAN_POINT('',(-0.142984581528017,0.142580418471983,0.002));
#6045=CARTESIAN_POINT('',(-0.144045241699797,0.143641078643762,0.005));
#6046=CARTESIAN_POINT('',(-0.144045241699797,0.143641078643762,0.005));
#6047=CARTESIAN_POINT('',(-0.143514911613907,0.143110748557872,0.005));
#6048=CARTESIAN_POINT('',(-0.142984581528017,0.142580418471983,0.005));
#6049=CARTESIAN_POINT('',(-0.142984581528017,0.142580418471983,0.005));
#6050=CARTESIAN_POINT('',(-0.142843160171777,0.144843160171783,0.005));
#6051=CARTESIAN_POINT('',(-0.142843160171777,0.144843160171783,0.002));
#6052=CARTESIAN_POINT('',(-0.141641078643763,0.146045241699797,0.002));
#6053=CARTESIAN_POINT('',(-0.141641078643763,0.146045241699797,0.005));
#6054=CARTESIAN_POINT('',(-0.141641078643763,0.146045241699797,0.005));
#6055=CARTESIAN_POINT('',(-0.142843160171777,0.144843160171783,0.005));
#6056=CARTESIAN_POINT('',(-0.141110748557873,0.145514911613907,0.005));
#6057=CARTESIAN_POINT('',(-0.141110748557873,0.145514911613907,0.002));
#6058=CARTESIAN_POINT('',(-0.140580418471983,0.144984581528017,0.002));
#6059=CARTESIAN_POINT('',(-0.140580418471983,0.144984581528017,0.005));
#6060=CARTESIAN_POINT('',(-0.140580418471983,0.144984581528017,0.005));
#6061=CARTESIAN_POINT('',(-0.141110748557873,0.145514911613907,0.005));
#6062=CARTESIAN_POINT('',(-0.141110748557873,0.155485088386093,0.005));
#6063=CARTESIAN_POINT('',(-0.141110748557873,0.155485088386093,0.002));
#6064=CARTESIAN_POINT('',(-0.141641078643763,0.154954758300203,0.002));
#6065=CARTESIAN_POINT('',(-0.140580418471983,0.156015418471982,0.002));
#6066=CARTESIAN_POINT('',(-0.141641078643763,0.154954758300203,0.005));
#6067=CARTESIAN_POINT('',(-0.141641078643763,0.154954758300203,0.005));
#6068=CARTESIAN_POINT('',(-0.141110748557873,0.155485088386093,0.005));
#6069=CARTESIAN_POINT('',(-0.140580418471983,0.156015418471982,0.005));
#6070=CARTESIAN_POINT('',(-0.140580418471983,0.156015418471982,0.005));
#6071=CARTESIAN_POINT('',(-0.142843160171774,0.156156839828215,0.005));
#6072=CARTESIAN_POINT('',(-0.142843160171774,0.156156839828215,0.002));
#6073=CARTESIAN_POINT('',(-0.144045241699797,0.157358921356237,0.002));
#6074=CARTESIAN_POINT('',(-0.144045241699797,0.157358921356237,0.005));
#6075=CARTESIAN_POINT('',(-0.144045241699797,0.157358921356237,0.005));
#6076=CARTESIAN_POINT('',(-0.142843160171774,0.156156839828215,0.005));
#6077=CARTESIAN_POINT('',(-0.143514911613907,0.157889251442127,0.005));
#6078=CARTESIAN_POINT('',(-0.143514911613907,0.157889251442127,0.002));
#6079=CARTESIAN_POINT('',(-0.142984581528017,0.158419581528017,0.002));
#6080=CARTESIAN_POINT('',(-0.142984581528017,0.158419581528017,0.005));
#6081=CARTESIAN_POINT('',(-0.142984581528017,0.158419581528017,0.005));
#6082=CARTESIAN_POINT('',(-0.143514911613907,0.157889251442127,0.005));
#6083=CARTESIAN_POINT('',(-0.0141250000000002,0.1315,0.005));
#6084=CARTESIAN_POINT('',(-1.94190735064463E-16,0.1315,0.005));
#6085=CARTESIAN_POINT('',(-1.94190735064463E-16,0.1315,0.005));
#6086=CARTESIAN_POINT('',(-0.0141250000000002,0.1315,0.005));
#6087=CARTESIAN_POINT('',(-0.02825,0.1315,0.005));
#6088=CARTESIAN_POINT('',(-0.02825,0.1315,0.005));
#6089=CARTESIAN_POINT('',(-2.59912468675321E-16,0.1505,0.005));
#6090=CARTESIAN_POINT('',(-1.94190735064463E-16,0.1315,-0.003));
#6091=CARTESIAN_POINT('',(-1.94190735064463E-16,0.1315,-0.003));
#6092=CARTESIAN_POINT('',(-2.59912468675321E-16,0.1505,-0.003));
#6093=CARTESIAN_POINT('',(-3.50079967385557E-16,0.1695,-0.003));
#6094=CARTESIAN_POINT('',(-3.50079967385557E-16,0.1695,-0.003));
#6095=CARTESIAN_POINT('',(-3.50079967385557E-16,0.1695,0.005));
#6096=CARTESIAN_POINT('',(-3.50079967385557E-16,0.1695,0.005));
#6097=CARTESIAN_POINT('',(-2.59912468675321E-16,0.1505,0.005));
#6098=CARTESIAN_POINT('',(-0.037125,0.1695,0.005));
#6099=CARTESIAN_POINT('',(-0.1485,0.1695,0.005));
#6100=CARTESIAN_POINT('',(-0.1485,0.1695,0.005));
#6101=CARTESIAN_POINT('',(-0.037125,0.1695,0.005));
#6102=CARTESIAN_POINT('',(-0.1485,0.1505,0.005));
#6103=CARTESIAN_POINT('',(-0.1485,0.1695,-0.003));
#6104=CARTESIAN_POINT('',(-0.1485,0.1695,-0.003));
#6105=CARTESIAN_POINT('',(-0.1485,0.1505,-0.003));
#6106=CARTESIAN_POINT('',(-0.1485,0.1315,-0.003));
#6107=CARTESIAN_POINT('',(-0.1485,0.1315,-0.003));
#6108=CARTESIAN_POINT('',(-0.1485,0.1315,0.005));
#6109=CARTESIAN_POINT('',(-0.1485,0.1315,0.005));
#6110=CARTESIAN_POINT('',(-0.1485,0.1505,0.005));
#6111=CARTESIAN_POINT('',(-0.134375,0.1315,0.005));
#6112=CARTESIAN_POINT('',(-0.12025,0.1315,0.005));
#6113=CARTESIAN_POINT('',(-0.12025,0.1315,0.005));
#6114=CARTESIAN_POINT('',(-0.134375,0.1315,0.005));
#6115=CARTESIAN_POINT('',(-0.12025,0.1015,0.005));
#6116=CARTESIAN_POINT('',(-0.09025,0.1015,0.005));
#6117=CARTESIAN_POINT('',(-0.09025,0.1015,0.005));
#6118=CARTESIAN_POINT('',(-0.12025,0.1015,0.005));
#6119=CARTESIAN_POINT('',(-0.09025,0.088375,0.005));
#6120=CARTESIAN_POINT('',(-0.09025,0.049,0.005));
#6121=CARTESIAN_POINT('',(-0.09025,0.049,0.005));
#6122=CARTESIAN_POINT('',(-0.09025,0.088375,0.005));
#6123=CARTESIAN_POINT('',(-0.12025,0.049,0.005));
#6124=CARTESIAN_POINT('',(-0.12025,0.019,0.005));
#6125=CARTESIAN_POINT('',(-0.12025,0.019,0.005));
#6126=CARTESIAN_POINT('',(-0.12025,0.049,0.005));
#6127=CARTESIAN_POINT('',(-0.134375,0.019,0.005));
#6128=CARTESIAN_POINT('',(-0.1485,0.019,0.005));
#6129=CARTESIAN_POINT('',(-0.1485,0.019,0.005));
#6130=CARTESIAN_POINT('',(-0.134375,0.019,0.005));
#6131=CARTESIAN_POINT('',(-0.1485,-4.5102810375397E-17,0.005));
#6132=CARTESIAN_POINT('',(-0.1485,0.019,-0.003));
#6133=CARTESIAN_POINT('',(-0.1485,0.019,-0.003));
#6134=CARTESIAN_POINT('',(-0.1485,-4.5102810375397E-17,-0.003));
#6135=CARTESIAN_POINT('',(-0.1485,-0.019,-0.003));
#6136=CARTESIAN_POINT('',(-0.1485,-0.019,-0.003));
#6137=CARTESIAN_POINT('',(-0.1485,-0.019,0.005));
#6138=CARTESIAN_POINT('',(-0.1485,-0.019,0.005));
#6139=CARTESIAN_POINT('',(-0.1485,-4.5102810375397E-17,0.005));
#6140=CARTESIAN_POINT('',(-0.037125,-0.019,0.005));
#6141=CARTESIAN_POINT('',(0.,-0.019,0.005));
#6142=CARTESIAN_POINT('',(0.,-0.019,0.005));
#6143=CARTESIAN_POINT('',(-0.037125,-0.019,0.005));
#6144=CARTESIAN_POINT('',(1.16341445918998E-18,0.,0.005));
#6145=CARTESIAN_POINT('',(0.,-0.019,-0.003));
#6146=CARTESIAN_POINT('',(0.,-0.019,-0.003));
#6147=CARTESIAN_POINT('',(1.16341445918998E-18,0.,-0.003));
#6148=CARTESIAN_POINT('',(0.,0.019,-0.003));
#6149=CARTESIAN_POINT('',(0.,0.019,-0.003));
#6150=CARTESIAN_POINT('',(0.,0.019,0.005));
#6151=CARTESIAN_POINT('',(0.,0.019,0.005));
#6152=CARTESIAN_POINT('',(1.16341445918998E-18,0.,0.005));
#6153=CARTESIAN_POINT('',(-0.014125,0.019,0.005));
#6154=CARTESIAN_POINT('',(-0.02825,0.019,0.005));
#6155=CARTESIAN_POINT('',(-0.02825,0.019,0.005));
#6156=CARTESIAN_POINT('',(-0.014125,0.019,0.005));
#6157=CARTESIAN_POINT('',(-0.02825,0.049,0.005));
#6158=CARTESIAN_POINT('',(-0.05825,0.049,0.005));
#6159=CARTESIAN_POINT('',(-0.05825,0.049,0.005));
#6160=CARTESIAN_POINT('',(-0.02825,0.049,0.005));
#6161=CARTESIAN_POINT('',(-0.05825,0.088375,0.005));
#6162=CARTESIAN_POINT('',(-0.05825,0.1015,0.005));
#6163=CARTESIAN_POINT('',(-0.05825,0.1015,0.005));
#6164=CARTESIAN_POINT('',(-0.05825,0.088375,0.005));
#6165=CARTESIAN_POINT('',(-0.1417825,0.0067175,0.005));
#6166=CARTESIAN_POINT('',(-0.1417825,0.0067175,0.002));
#6167=CARTESIAN_POINT('',(-0.1417825,0.0067175,0.005));
#6168=CARTESIAN_POINT('',(-0.1417825,-0.0067175,0.005));
#6169=CARTESIAN_POINT('',(-0.1417825,-0.0067175,0.002));
#6170=CARTESIAN_POINT('',(-0.1417825,-0.0067175,0.005));
#6171=CARTESIAN_POINT('',(-0.1552175,0.0067175,0.005));
#6172=CARTESIAN_POINT('',(-0.1552175,0.0067175,0.002));
#6173=CARTESIAN_POINT('',(-0.1552175,0.0067175,0.005));
#6174=CARTESIAN_POINT('',(-0.1552175,-0.0067175,0.005));
#6175=CARTESIAN_POINT('',(-0.1552175,-0.0067175,0.002));
#6176=CARTESIAN_POINT('',(-0.1552175,-0.0067175,0.005));
#6177=CARTESIAN_POINT('',(3.31651071917165E-19,-6.50521303491303E-19,0.005));
#6178=CARTESIAN_POINT('',(3.31651071917165E-19,-6.50521303491303E-19,0.002));
#6179=CARTESIAN_POINT('',(0.00375,-6.50521303491303E-19,0.002));
#6180=CARTESIAN_POINT('',(3.31651071917165E-19,-6.50521303491303E-19,0.005));
#6181=CARTESIAN_POINT('',(0.00375,-6.50521303491303E-19,0.005));
#6182=CARTESIAN_POINT('',(0.0067175,0.0067175,0.005));
#6183=CARTESIAN_POINT('',(0.0067175,0.0067175,0.002));
#6184=CARTESIAN_POINT('',(0.0067175,0.0067175,0.005));
#6185=CARTESIAN_POINT('',(0.0067175,-0.0067175,0.005));
#6186=CARTESIAN_POINT('',(0.0067175,-0.0067175,0.002));
#6187=CARTESIAN_POINT('',(0.0067175,-0.0067175,0.005));
#6188=CARTESIAN_POINT('',(-0.0067175,0.0067175,0.005));
#6189=CARTESIAN_POINT('',(-0.0067175,0.0067175,0.002));
#6190=CARTESIAN_POINT('',(-0.0067175,0.0067175,0.005));
#6191=CARTESIAN_POINT('',(-0.0067175,-0.0067175,0.005));
#6192=CARTESIAN_POINT('',(-0.0067175,-0.0067175,0.002));
#6193=CARTESIAN_POINT('',(-0.0067175,-0.0067175,0.005));
#6194=CARTESIAN_POINT('',(-2.63461127913977E-16,0.1505,0.005));
#6195=CARTESIAN_POINT('',(-2.57586576164861E-16,0.1505,0.002));
#6196=CARTESIAN_POINT('',(0.00374999999999984,0.1505,0.002));
#6197=CARTESIAN_POINT('',(-2.63461127913977E-16,0.1505,0.005));
#6198=CARTESIAN_POINT('',(0.00374999999999974,0.1505,0.005));
#6199=CARTESIAN_POINT('',(0.00671749999999977,0.1437825,0.005));
#6200=CARTESIAN_POINT('',(0.00671749999999977,0.1437825,0.002));
#6201=CARTESIAN_POINT('',(0.00671749999999977,0.1437825,0.005));
#6202=CARTESIAN_POINT('',(0.00738925144212693,0.155485088386093,0.005));
#6203=CARTESIAN_POINT('',(0.00738925144212693,0.155485088386093,0.002));
#6204=CARTESIAN_POINT('',(0.00738925144212693,0.155485088386093,0.005));
#6205=CARTESIAN_POINT('',(-0.00671750000000033,0.1572175,0.005));
#6206=CARTESIAN_POINT('',(-0.00671750000000033,0.1572175,0.002));
#6207=CARTESIAN_POINT('',(-0.00671750000000033,0.1572175,0.005));
#6208=CARTESIAN_POINT('',(-0.00671750000000024,0.1437825,0.005));
#6209=CARTESIAN_POINT('',(-0.00671750000000024,0.1437825,0.002));
#6210=CARTESIAN_POINT('',(-0.00671750000000024,0.1437825,0.005));
#6211=CARTESIAN_POINT('',(-0.1485,0.1505,0.005));
#6212=CARTESIAN_POINT('',(-0.1485,0.1505,0.002));
#6213=CARTESIAN_POINT('',(-0.14475,0.1505,0.002));
#6214=CARTESIAN_POINT('',(-0.1485,0.1505,0.005));
#6215=CARTESIAN_POINT('',(-0.14475,0.1505,0.005));
#6216=CARTESIAN_POINT('',(-0.1552175,0.1572175,0.005));
#6217=CARTESIAN_POINT('',(-0.1552175,0.1572175,0.002));
#6218=CARTESIAN_POINT('',(-0.1552175,0.1572175,0.005));
#6219=CARTESIAN_POINT('',(-0.1552175,0.1437825,0.005));
#6220=CARTESIAN_POINT('',(-0.1552175,0.1437825,0.002));
#6221=CARTESIAN_POINT('',(-0.1552175,0.1437825,0.005));
#6222=CARTESIAN_POINT('',(-0.1417825,0.1437825,0.005));
#6223=CARTESIAN_POINT('',(-0.1417825,0.1437825,0.002));
#6224=CARTESIAN_POINT('',(-0.1417825,0.1437825,0.005));
#6225=CARTESIAN_POINT('',(-0.1417825,0.1572175,0.005));
#6226=CARTESIAN_POINT('',(-0.1417825,0.1572175,0.002));
#6227=CARTESIAN_POINT('',(-0.1417825,0.1572175,0.005));
#6228=CARTESIAN_POINT('',(-0.02825,0.1015,0.005));
#6229=CARTESIAN_POINT('',(-0.02825,0.1015,0.005));
#6230=CARTESIAN_POINT('',(-0.1485,-5.72458747072346E-17,0.005));
#6231=CARTESIAN_POINT('',(-0.1485,-5.72458747072346E-17,0.002));
#6232=CARTESIAN_POINT('',(-0.14475,-5.72458747072346E-17,0.002));
#6233=CARTESIAN_POINT('',(-0.1485,-5.72458747072346E-17,0.005));
#6234=CARTESIAN_POINT('',(-0.14475,-5.72458747072346E-17,0.005));
#6235=CARTESIAN_POINT('',(-0.07425,0.07525,0.005));
#6236=CARTESIAN_POINT('',(-0.07425,0.1665,0.005));
#6237=CARTESIAN_POINT('',(-0.0731,0.1665,0.005));
#6238=CARTESIAN_POINT('',(-0.08725,0.1015,0.005));
#6239=CARTESIAN_POINT('',(-0.0861,0.1015,0.005));
#6240=CARTESIAN_POINT('',(-0.06125,0.1015,0.005));
#6241=CARTESIAN_POINT('',(-0.0601,0.1015,0.005));
#6242=CARTESIAN_POINT('',(-0.06125,0.049,0.005));
#6243=CARTESIAN_POINT('',(-0.0601,0.049,0.005));
#6244=CARTESIAN_POINT('',(-0.08725,0.049,0.005));
#6245=CARTESIAN_POINT('',(-0.0861,0.049,0.005));
#6246=CARTESIAN_POINT('',(-0.07425,-0.016,0.005));
#6247=CARTESIAN_POINT('',(-0.0731,-0.016,0.005));
#6248=CARTESIAN_POINT('',(0.,0.017375,-0.003));
#6249=CARTESIAN_POINT('',(0.,0.017375,-0.003));
#6250=CARTESIAN_POINT('',(9.64409354328541E-19,0.01575,-0.003));
#6251=CARTESIAN_POINT('',(9.64409354328541E-19,0.01575,-0.003));
#6252=CARTESIAN_POINT('',(-9.6440935432854E-19,0.,-0.003));
#6253=CARTESIAN_POINT('',(-2.89322806298562E-18,-0.01575,-0.003));
#6254=CARTESIAN_POINT('',(-2.89322806298562E-18,-0.01575,-0.003));
#6255=CARTESIAN_POINT('',(-9.6440935432854E-19,0.,-0.003));
#6256=CARTESIAN_POINT('',(-9.6440935432854E-19,0.,0.002));
#6257=CARTESIAN_POINT('',(0.01575,0.,0.002));
#6258=CARTESIAN_POINT('',(0.,-0.017375,-0.003));
#6259=CARTESIAN_POINT('',(0.,-0.017375,-0.003));
#6260=CARTESIAN_POINT('',(-0.07425,0.07525,-0.003));
#6261=CARTESIAN_POINT('',(-0.1485,0.133125,-0.003));
#6262=CARTESIAN_POINT('',(-0.1485,0.133125,-0.003));
#6263=CARTESIAN_POINT('',(-0.1485,0.13475,-0.003));
#6264=CARTESIAN_POINT('',(-0.1485,0.13475,-0.003));
#6265=CARTESIAN_POINT('',(-0.1485,0.1505,-0.003));
#6266=CARTESIAN_POINT('',(-0.1485,0.16625,-0.003));
#6267=CARTESIAN_POINT('',(-0.1485,0.16625,-0.003));
#6268=CARTESIAN_POINT('',(-0.1485,0.1505,-0.003));
#6269=CARTESIAN_POINT('',(-0.1485,0.1505,0.002));
#6270=CARTESIAN_POINT('',(-0.13275,0.1505,0.002));
#6271=CARTESIAN_POINT('',(-0.1485,0.167875,-0.003));
#6272=CARTESIAN_POINT('',(-0.1485,0.167875,-0.003));
#6273=CARTESIAN_POINT('',(-0.07425,0.07525,-0.003));
#6274=CARTESIAN_POINT('',(-2.76029102599116E-16,0.1505,-0.003));
#6275=CARTESIAN_POINT('',(-2.1262602071053E-16,0.13475,-0.003));
#6276=CARTESIAN_POINT('',(-2.1262602071053E-16,0.13475,-0.003));
#6277=CARTESIAN_POINT('',(-3.39432184487701E-16,0.16625,-0.003));
#6278=CARTESIAN_POINT('',(-3.39432184487701E-16,0.16625,-0.003));
#6279=CARTESIAN_POINT('',(-2.76029102599116E-16,0.1505,-0.003));
#6280=CARTESIAN_POINT('',(-2.77777703862901E-16,0.1505,0.002));
#6281=CARTESIAN_POINT('',(0.0157499999999997,0.1505,0.002));
#6282=CARTESIAN_POINT('',(-2.14969529044447E-16,0.133125,-0.003));
#6283=CARTESIAN_POINT('',(-2.14969529044447E-16,0.133125,-0.003));
#6284=CARTESIAN_POINT('',(-3.44044105878909E-16,0.167875,-0.003));
#6285=CARTESIAN_POINT('',(-3.44044105878909E-16,0.167875,-0.003));
#6286=CARTESIAN_POINT('',(-0.07425,0.07525,-0.003));
#6287=CARTESIAN_POINT('',(-0.1485,-4.16333634234433E-17,-0.003));
#6288=CARTESIAN_POINT('',(-0.1485,0.01575,-0.003));
#6289=CARTESIAN_POINT('',(-0.1485,0.01575,-0.003));
#6290=CARTESIAN_POINT('',(-0.1485,-0.01575,-0.003));
#6291=CARTESIAN_POINT('',(-0.1485,-0.01575,-0.003));
#6292=CARTESIAN_POINT('',(-0.1485,-4.16333634234433E-17,-0.003));
#6293=CARTESIAN_POINT('',(-0.1485,-4.16333634234433E-17,0.002));
#6294=CARTESIAN_POINT('',(-0.13275,-4.16333634234433E-17,0.002));
#6295=CARTESIAN_POINT('',(-0.1485,0.017375,-0.003));
#6296=CARTESIAN_POINT('',(-0.1485,0.017375,-0.003));
#6297=CARTESIAN_POINT('',(-0.1485,-0.017375,-0.003));
#6298=CARTESIAN_POINT('',(-0.1485,-0.017375,-0.003));
#6299=CARTESIAN_POINT('',(-0.07425,0.07525,-0.003));
#6300=CARTESIAN_POINT('',(-0.07995,0.0517285,-0.002));
#6301=CARTESIAN_POINT('',(-0.07995,0.0517285,-0.0032));
#6302=CARTESIAN_POINT('',(-0.08185,0.0517285,-0.0032));
#6303=CARTESIAN_POINT('',(-0.06855,0.0987715,-0.002));
#6304=CARTESIAN_POINT('',(-0.06855,0.0987715,-0.0032));
#6305=CARTESIAN_POINT('',(-0.07045,0.0987715,-0.0032));
#6306=CARTESIAN_POINT('',(-0.07995,0.0987715,-0.002));
#6307=CARTESIAN_POINT('',(-0.07995,0.0987715,-0.0032));
#6308=CARTESIAN_POINT('',(-0.08185,0.0987715,-0.0032));
#6309=CARTESIAN_POINT('',(-0.06855,0.0517285,-0.002));
#6310=CARTESIAN_POINT('',(-0.06855,0.0517285,-0.0032));
#6311=CARTESIAN_POINT('',(-0.07045,0.0517285,-0.0032));
#6312=CARTESIAN_POINT('',(-0.07425,0.07525,0.002));
#6313=CARTESIAN_POINT('',(-0.07425,0.07525,0.002));
#6314=CARTESIAN_POINT('',(-0.07425,0.07525,0.002));
#6315=CARTESIAN_POINT('',(-0.07425,0.07525,0.002));
#6316=CARTESIAN_POINT('',(-0.07425,-0.016,0.069));
#6317=CARTESIAN_POINT('',(-0.08725,0.049,0.069));
#6318=CARTESIAN_POINT('',(-0.06125,0.049,0.069));
#6319=CARTESIAN_POINT('',(-0.06125,0.1015,0.069));
#6320=CARTESIAN_POINT('',(-0.08725,0.1015,0.069));
#6321=CARTESIAN_POINT('',(-0.07425,0.1665,0.069));
#6322=CARTESIAN_POINT('',(-0.07425,0.07525,-0.0032));
#6323=CARTESIAN_POINT('',(-0.06855,0.0517285,-0.0032));
#6324=CARTESIAN_POINT('',(-0.06955,0.0517285,-0.0032));
#6325=CARTESIAN_POINT('',(-0.07425,0.07525,0.));
#6326=CARTESIAN_POINT('',(-0.06855,0.0517285,0.));
#6327=CARTESIAN_POINT('',(-0.06955,0.0517285,0.));
#6328=CARTESIAN_POINT('',(-0.06855,0.0517285,-0.002));
#6329=CARTESIAN_POINT('',(-0.07425,0.07525,-0.0032));
#6330=CARTESIAN_POINT('',(-0.07995,0.0987715,-0.0032));
#6331=CARTESIAN_POINT('',(-0.08095,0.0987715,-0.0032));
#6332=CARTESIAN_POINT('',(-0.07425,0.07525,-0.0032));
#6333=CARTESIAN_POINT('',(-0.06855,0.0987715,-0.0032));
#6334=CARTESIAN_POINT('',(-0.06955,0.0987715,-0.0032));
#6335=CARTESIAN_POINT('',(-0.07425,0.07525,0.));
#6336=CARTESIAN_POINT('',(-0.06855,0.0987715,0.));
#6337=CARTESIAN_POINT('',(-0.06955,0.0987715,0.));
#6338=CARTESIAN_POINT('',(-0.06855,0.0987715,-0.002));
#6339=CARTESIAN_POINT('',(-0.07425,0.07525,-0.0032));
#6340=CARTESIAN_POINT('',(-0.07995,0.0517285,-0.0032));
#6341=CARTESIAN_POINT('',(-0.08095,0.0517285,-0.0032));
#6342=CARTESIAN_POINT('',(-0.07425,0.07525,0.));
#6343=CARTESIAN_POINT('',(-0.07995,0.0987715,0.));
#6344=CARTESIAN_POINT('',(-0.08095,0.0987715,0.));
#6345=CARTESIAN_POINT('',(-0.07995,0.0987715,-0.002));
#6346=CARTESIAN_POINT('',(-0.07425,0.07525,0.));
#6347=CARTESIAN_POINT('',(-0.07995,0.0517285,0.));
#6348=CARTESIAN_POINT('',(-0.08095,0.0517285,0.));
#6349=CARTESIAN_POINT('',(-0.07995,0.0517285,-0.002));
#6350=CARTESIAN_POINT('',(0.,0.,0.));
#6351=CARTESIAN_POINT('',(-0.08725,0.049,-0.025));
#6352=CARTESIAN_POINT('',(-0.08725,0.049,-0.025));
#6353=CARTESIAN_POINT('',(-0.0884,0.049,-0.025));
#6354=CARTESIAN_POINT('',(-0.08725,0.049,0.));
#6355=CARTESIAN_POINT('',(-0.0884,0.049,0.));
#6356=CARTESIAN_POINT('',(-0.08725,0.049,-0.025));
#6357=CARTESIAN_POINT('',(-0.08725,0.049,-0.025));
#6358=CARTESIAN_POINT('',(-0.08985,0.049,-0.025));
#6359=CARTESIAN_POINT('',(-0.08725,0.049,0.));
#6360=CARTESIAN_POINT('',(-0.08985,0.049,0.));
#6361=CARTESIAN_POINT('',(-0.07425,0.07525,-0.025));
#6362=CARTESIAN_POINT('',(-0.07425,0.07525,0.));
#6363=CARTESIAN_POINT('',(0.,0.,0.));
#6364=CARTESIAN_POINT('',(-0.06125,0.049,-0.025));
#6365=CARTESIAN_POINT('',(-0.06125,0.049,-0.025));
#6366=CARTESIAN_POINT('',(-0.0636316361080286,0.047957018960415,-0.025));
#6367=CARTESIAN_POINT('',(-0.06125,0.049,0.));
#6368=CARTESIAN_POINT('',(-0.0636316361080286,0.047957018960415,0.));
#6369=CARTESIAN_POINT('',(-0.06125,0.049,-0.025));
#6370=CARTESIAN_POINT('',(-0.06125,0.049,-0.025));
#6371=CARTESIAN_POINT('',(-0.0624,0.049,-0.025));
#6372=CARTESIAN_POINT('',(-0.06125,0.049,0.));
#6373=CARTESIAN_POINT('',(-0.0624,0.049,0.));
#6374=CARTESIAN_POINT('',(-0.07425,0.07525,-0.025));
#6375=CARTESIAN_POINT('',(-0.07425,0.07525,0.));
#6376=CARTESIAN_POINT('',(0.,0.,0.));
#6377=CARTESIAN_POINT('',(-0.06125,0.1015,-0.025));
#6378=CARTESIAN_POINT('',(-0.06125,0.1015,-0.025));
#6379=CARTESIAN_POINT('',(-0.0624,0.1015,-0.025));
#6380=CARTESIAN_POINT('',(-0.06125,0.1015,0.));
#6381=CARTESIAN_POINT('',(-0.0624,0.1015,0.));
#6382=CARTESIAN_POINT('',(-0.06125,0.1015,-0.025));
#6383=CARTESIAN_POINT('',(-0.06125,0.1015,-0.025));
#6384=CARTESIAN_POINT('',(-0.06385,0.1015,-0.025));
#6385=CARTESIAN_POINT('',(-0.06125,0.1015,0.));
#6386=CARTESIAN_POINT('',(-0.06385,0.1015,0.));
#6387=CARTESIAN_POINT('',(-0.07425,0.07525,-0.025));
#6388=CARTESIAN_POINT('',(-0.07425,0.07525,0.));
#6389=CARTESIAN_POINT('',(0.,0.,0.));
#6390=CARTESIAN_POINT('',(-0.07425,0.1665,-0.025));
#6391=CARTESIAN_POINT('',(-0.07425,0.1665,-0.025));
#6392=CARTESIAN_POINT('',(-0.0754,0.1665,-0.025));
#6393=CARTESIAN_POINT('',(-0.07425,0.1665,0.));
#6394=CARTESIAN_POINT('',(-0.0754,0.1665,0.));
#6395=CARTESIAN_POINT('',(-0.07425,0.1665,-0.025));
#6396=CARTESIAN_POINT('',(-0.07425,0.1665,-0.025));
#6397=CARTESIAN_POINT('',(-0.07685,0.1665,-0.025));
#6398=CARTESIAN_POINT('',(-0.07425,0.1665,0.));
#6399=CARTESIAN_POINT('',(-0.07685,0.1665,0.));
#6400=CARTESIAN_POINT('',(-0.07425,0.07525,-0.025));
#6401=CARTESIAN_POINT('',(-0.07425,0.07525,0.));
#6402=CARTESIAN_POINT('',(0.,0.,0.));
#6403=CARTESIAN_POINT('',(-0.07425,-0.016,-0.025));
#6404=CARTESIAN_POINT('',(-0.07425,-0.016,-0.025));
#6405=CARTESIAN_POINT('',(-0.0754,-0.016,-0.025));
#6406=CARTESIAN_POINT('',(-0.07425,-0.016,0.));
#6407=CARTESIAN_POINT('',(-0.0754,-0.016,0.));
#6408=CARTESIAN_POINT('',(-0.07425,-0.016,-0.025));
#6409=CARTESIAN_POINT('',(-0.07425,-0.016,-0.025));
#6410=CARTESIAN_POINT('',(-0.07685,-0.016,-0.025));
#6411=CARTESIAN_POINT('',(-0.07425,-0.016,0.));
#6412=CARTESIAN_POINT('',(-0.07685,-0.016,0.));
#6413=CARTESIAN_POINT('',(-0.07425,0.07525,-0.025));
#6414=CARTESIAN_POINT('',(-0.07425,0.07525,0.));
#6415=MECHANICAL_DESIGN_GEOMETRIC_PRESENTATION_REPRESENTATION('',(#3744),
#6423);
#6416=MECHANICAL_DESIGN_GEOMETRIC_PRESENTATION_REPRESENTATION('',(#3745),
#6424);
#6417=MECHANICAL_DESIGN_GEOMETRIC_PRESENTATION_REPRESENTATION('',(#3746),
#6425);
#6418=MECHANICAL_DESIGN_GEOMETRIC_PRESENTATION_REPRESENTATION('',(#3747),
#6426);
#6419=MECHANICAL_DESIGN_GEOMETRIC_PRESENTATION_REPRESENTATION('',(#3748),
#6427);
#6420=MECHANICAL_DESIGN_GEOMETRIC_PRESENTATION_REPRESENTATION('',(#3749),
#6428);
#6421=MECHANICAL_DESIGN_GEOMETRIC_PRESENTATION_REPRESENTATION('',(#3750),
#6429);
#6422=MECHANICAL_DESIGN_GEOMETRIC_PRESENTATION_REPRESENTATION('',(#3751),
#6430);
#6423=(
GEOMETRIC_REPRESENTATION_CONTEXT(3)
GLOBAL_UNCERTAINTY_ASSIGNED_CONTEXT((#6431))
GLOBAL_UNIT_ASSIGNED_CONTEXT((#6455,#6447,#6439))
REPRESENTATION_CONTEXT('Standoff','TOP_LEVEL_ASSEMBLY_PART')
);
#6424=(
GEOMETRIC_REPRESENTATION_CONTEXT(3)
GLOBAL_UNCERTAINTY_ASSIGNED_CONTEXT((#6432))
GLOBAL_UNIT_ASSIGNED_CONTEXT((#6456,#6448,#6440))
REPRESENTATION_CONTEXT('TopPlate','TOP_LEVEL_ASSEMBLY_PART')
);
#6425=(
GEOMETRIC_REPRESENTATION_CONTEXT(3)
GLOBAL_UNCERTAINTY_ASSIGNED_CONTEXT((#6433))
GLOBAL_UNIT_ASSIGNED_CONTEXT((#6457,#6449,#6441))
REPRESENTATION_CONTEXT('BottomPlate','TOP_LEVEL_ASSEMBLY_PART')
);
#6426=(
GEOMETRIC_REPRESENTATION_CONTEXT(3)
GLOBAL_UNCERTAINTY_ASSIGNED_CONTEXT((#6434))
GLOBAL_UNIT_ASSIGNED_CONTEXT((#6458,#6450,#6442))
REPRESENTATION_CONTEXT('Standoff','TOP_LEVEL_ASSEMBLY_PART')
);
#6427=(
GEOMETRIC_REPRESENTATION_CONTEXT(3)
GLOBAL_UNCERTAINTY_ASSIGNED_CONTEXT((#6435))
GLOBAL_UNIT_ASSIGNED_CONTEXT((#6459,#6451,#6443))
REPRESENTATION_CONTEXT('Standoff','TOP_LEVEL_ASSEMBLY_PART')
);
#6428=(
GEOMETRIC_REPRESENTATION_CONTEXT(3)
GLOBAL_UNCERTAINTY_ASSIGNED_CONTEXT((#6436))
GLOBAL_UNIT_ASSIGNED_CONTEXT((#6460,#6452,#6444))
REPRESENTATION_CONTEXT('Standoff','TOP_LEVEL_ASSEMBLY_PART')
);
#6429=(
GEOMETRIC_REPRESENTATION_CONTEXT(3)
GLOBAL_UNCERTAINTY_ASSIGNED_CONTEXT((#6437))
GLOBAL_UNIT_ASSIGNED_CONTEXT((#6461,#6453,#6445))
REPRESENTATION_CONTEXT('Standoff','TOP_LEVEL_ASSEMBLY_PART')
);
#6430=(
GEOMETRIC_REPRESENTATION_CONTEXT(3)
GLOBAL_UNCERTAINTY_ASSIGNED_CONTEXT((#6438))
GLOBAL_UNIT_ASSIGNED_CONTEXT((#6462,#6454,#6446))
REPRESENTATION_CONTEXT('Standoff','TOP_LEVEL_ASSEMBLY_PART')
);
#6431=UNCERTAINTY_MEASURE_WITH_UNIT(LENGTH_MEASURE(1.E-8),#6455,
'DISTANCE_ACCURACY_VALUE','Maximum Tolerance applied to model');
#6432=UNCERTAINTY_MEASURE_WITH_UNIT(LENGTH_MEASURE(1.E-8),#6456,
'DISTANCE_ACCURACY_VALUE','Maximum Tolerance applied to model');
#6433=UNCERTAINTY_MEASURE_WITH_UNIT(LENGTH_MEASURE(1.E-8),#6457,
'DISTANCE_ACCURACY_VALUE','Maximum Tolerance applied to model');
#6434=UNCERTAINTY_MEASURE_WITH_UNIT(LENGTH_MEASURE(1.E-8),#6458,
'DISTANCE_ACCURACY_VALUE','Maximum Tolerance applied to model');
#6435=UNCERTAINTY_MEASURE_WITH_UNIT(LENGTH_MEASURE(1.E-8),#6459,
'DISTANCE_ACCURACY_VALUE','Maximum Tolerance applied to model');
#6436=UNCERTAINTY_MEASURE_WITH_UNIT(LENGTH_MEASURE(1.E-8),#6460,
'DISTANCE_ACCURACY_VALUE','Maximum Tolerance applied to model');
#6437=UNCERTAINTY_MEASURE_WITH_UNIT(LENGTH_MEASURE(1.E-8),#6461,
'DISTANCE_ACCURACY_VALUE','Maximum Tolerance applied to model');
#6438=UNCERTAINTY_MEASURE_WITH_UNIT(LENGTH_MEASURE(1.E-8),#6462,
'DISTANCE_ACCURACY_VALUE','Maximum Tolerance applied to model');
#6439=(
NAMED_UNIT(*)
SI_UNIT($,.STERADIAN.)
SOLID_ANGLE_UNIT()
);
#6440=(
NAMED_UNIT(*)
SI_UNIT($,.STERADIAN.)
SOLID_ANGLE_UNIT()
);
#6441=(
NAMED_UNIT(*)
SI_UNIT($,.STERADIAN.)
SOLID_ANGLE_UNIT()
);
#6442=(
NAMED_UNIT(*)
SI_UNIT($,.STERADIAN.)
SOLID_ANGLE_UNIT()
);
#6443=(
NAMED_UNIT(*)
SI_UNIT($,.STERADIAN.)
SOLID_ANGLE_UNIT()
);
#6444=(
NAMED_UNIT(*)
SI_UNIT($,.STERADIAN.)
SOLID_ANGLE_UNIT()
);
#6445=(
NAMED_UNIT(*)
SI_UNIT($,.STERADIAN.)
SOLID_ANGLE_UNIT()
);
#6446=(
NAMED_UNIT(*)
SI_UNIT($,.STERADIAN.)
SOLID_ANGLE_UNIT()
);
#6447=(
NAMED_UNIT(*)
PLANE_ANGLE_UNIT()
SI_UNIT($,.RADIAN.)
);
#6448=(
NAMED_UNIT(*)
PLANE_ANGLE_UNIT()
SI_UNIT($,.RADIAN.)
);
#6449=(
NAMED_UNIT(*)
PLANE_ANGLE_UNIT()
SI_UNIT($,.RADIAN.)
);
#6450=(
NAMED_UNIT(*)
PLANE_ANGLE_UNIT()
SI_UNIT($,.RADIAN.)
);
#6451=(
NAMED_UNIT(*)
PLANE_ANGLE_UNIT()
SI_UNIT($,.RADIAN.)
);
#6452=(
NAMED_UNIT(*)
PLANE_ANGLE_UNIT()
SI_UNIT($,.RADIAN.)
);
#6453=(
NAMED_UNIT(*)
PLANE_ANGLE_UNIT()
SI_UNIT($,.RADIAN.)
);
#6454=(
NAMED_UNIT(*)
PLANE_ANGLE_UNIT()
SI_UNIT($,.RADIAN.)
);
#6455=(
LENGTH_UNIT()
NAMED_UNIT(*)
SI_UNIT($,.METRE.)
);
#6456=(
LENGTH_UNIT()
NAMED_UNIT(*)
SI_UNIT($,.METRE.)
);
#6457=(
LENGTH_UNIT()
NAMED_UNIT(*)
SI_UNIT($,.METRE.)
);
#6458=(
LENGTH_UNIT()
NAMED_UNIT(*)
SI_UNIT($,.METRE.)
);
#6459=(
LENGTH_UNIT()
NAMED_UNIT(*)
SI_UNIT($,.METRE.)
);
#6460=(
LENGTH_UNIT()
NAMED_UNIT(*)
SI_UNIT($,.METRE.)
);
#6461=(
LENGTH_UNIT()
NAMED_UNIT(*)
SI_UNIT($,.METRE.)
);
#6462=(
LENGTH_UNIT()
NAMED_UNIT(*)
SI_UNIT($,.METRE.)
);
#6463=PRODUCT_DEFINITION_SHAPE('','',#6471);
#6464=PRODUCT_DEFINITION_SHAPE('','',#6472);
#6465=PRODUCT_DEFINITION_SHAPE('','',#6473);
#6466=PRODUCT_DEFINITION_SHAPE('','',#6474);
#6467=PRODUCT_DEFINITION_SHAPE('','',#6475);
#6468=PRODUCT_DEFINITION_SHAPE('','',#6476);
#6469=PRODUCT_DEFINITION_SHAPE('','',#6477);
#6470=PRODUCT_DEFINITION_SHAPE('','',#6478);
#6471=PRODUCT_DEFINITION('','',#6487,#6479);
#6472=PRODUCT_DEFINITION('','',#6488,#6480);
#6473=PRODUCT_DEFINITION('','',#6489,#6481);
#6474=PRODUCT_DEFINITION('','',#6490,#6482);
#6475=PRODUCT_DEFINITION('','',#6491,#6483);
#6476=PRODUCT_DEFINITION('','',#6492,#6484);
#6477=PRODUCT_DEFINITION('','',#6493,#6485);
#6478=PRODUCT_DEFINITION('','',#6494,#6486);
#6479=PRODUCT_DEFINITION_CONTEXT('',#6535,'design');
#6480=PRODUCT_DEFINITION_CONTEXT('',#6536,'design');
#6481=PRODUCT_DEFINITION_CONTEXT('',#6537,'design');
#6482=PRODUCT_DEFINITION_CONTEXT('',#6538,'design');
#6483=PRODUCT_DEFINITION_CONTEXT('',#6539,'design');
#6484=PRODUCT_DEFINITION_CONTEXT('',#6540,'design');
#6485=PRODUCT_DEFINITION_CONTEXT('',#6541,'design');
#6486=PRODUCT_DEFINITION_CONTEXT('',#6542,'design');
#6487=PRODUCT_DEFINITION_FORMATION_WITH_SPECIFIED_SOURCE('','',#6503,
 .NOT_KNOWN.);
#6488=PRODUCT_DEFINITION_FORMATION_WITH_SPECIFIED_SOURCE('','',#6504,
 .NOT_KNOWN.);
#6489=PRODUCT_DEFINITION_FORMATION_WITH_SPECIFIED_SOURCE('','',#6505,
 .NOT_KNOWN.);
#6490=PRODUCT_DEFINITION_FORMATION_WITH_SPECIFIED_SOURCE('','',#6506,
 .NOT_KNOWN.);
#6491=PRODUCT_DEFINITION_FORMATION_WITH_SPECIFIED_SOURCE('','',#6507,
 .NOT_KNOWN.);
#6492=PRODUCT_DEFINITION_FORMATION_WITH_SPECIFIED_SOURCE('','',#6508,
 .NOT_KNOWN.);
#6493=PRODUCT_DEFINITION_FORMATION_WITH_SPECIFIED_SOURCE('','',#6509,
 .NOT_KNOWN.);
#6494=PRODUCT_DEFINITION_FORMATION_WITH_SPECIFIED_SOURCE('','',#6510,
 .NOT_KNOWN.);
#6495=PRODUCT_RELATED_PRODUCT_CATEGORY('','',(#6503));
#6496=PRODUCT_RELATED_PRODUCT_CATEGORY('','',(#6504));
#6497=PRODUCT_RELATED_PRODUCT_CATEGORY('','',(#6505));
#6498=PRODUCT_RELATED_PRODUCT_CATEGORY('','',(#6506));
#6499=PRODUCT_RELATED_PRODUCT_CATEGORY('','',(#6507));
#6500=PRODUCT_RELATED_PRODUCT_CATEGORY('','',(#6508));
#6501=PRODUCT_RELATED_PRODUCT_CATEGORY('','',(#6509));
#6502=PRODUCT_RELATED_PRODUCT_CATEGORY('','',(#6510));
#6503=PRODUCT('Standoff','Standoff','Standoff',(#6519));
#6504=PRODUCT('TopPlate','TopPlate','TopPlate',(#6520));
#6505=PRODUCT('BottomPlate','BottomPlate','BottomPlate',(#6521));
#6506=PRODUCT('Standoff','Standoff','Standoff',(#6522));
#6507=PRODUCT('Standoff','Standoff','Standoff',(#6523));
#6508=PRODUCT('Standoff','Standoff','Standoff',(#6524));
#6509=PRODUCT('Standoff','Standoff','Standoff',(#6525));
#6510=PRODUCT('Standoff','Standoff','Standoff',(#6526));
#6511=PRODUCT_CATEGORY('','');
#6512=PRODUCT_CATEGORY('','');
#6513=PRODUCT_CATEGORY('','');
#6514=PRODUCT_CATEGORY('','');
#6515=PRODUCT_CATEGORY('','');
#6516=PRODUCT_CATEGORY('','');
#6517=PRODUCT_CATEGORY('','');
#6518=PRODUCT_CATEGORY('','');
#6519=PRODUCT_CONTEXT('',#6535,'mechanical');
#6520=PRODUCT_CONTEXT('',#6536,'mechanical');
#6521=PRODUCT_CONTEXT('',#6537,'mechanical');
#6522=PRODUCT_CONTEXT('',#6538,'mechanical');
#6523=PRODUCT_CONTEXT('',#6539,'mechanical');
#6524=PRODUCT_CONTEXT('',#6540,'mechanical');
#6525=PRODUCT_CONTEXT('',#6541,'mechanical');
#6526=PRODUCT_CONTEXT('',#6542,'mechanical');
#6527=APPLICATION_PROTOCOL_DEFINITION('international standard',
'automotive_design',2010,#6535);
#6528=APPLICATION_PROTOCOL_DEFINITION('international standard',
'automotive_design',2010,#6536);
#6529=APPLICATION_PROTOCOL_DEFINITION('international standard',
'automotive_design',2010,#6537);
#6530=APPLICATION_PROTOCOL_DEFINITION('international standard',
'automotive_design',2010,#6538);
#6531=APPLICATION_PROTOCOL_DEFINITION('international standard',
'automotive_design',2010,#6539);
#6532=APPLICATION_PROTOCOL_DEFINITION('international standard',
'automotive_design',2010,#6540);
#6533=APPLICATION_PROTOCOL_DEFINITION('international standard',
'automotive_design',2010,#6541);
#6534=APPLICATION_PROTOCOL_DEFINITION('international standard',
'automotive_design',2010,#6542);
#6535=APPLICATION_CONTEXT(
'core data for automotive mechanical design processes');
#6536=APPLICATION_CONTEXT(
'core data for automotive mechanical design processes');
#6537=APPLICATION_CONTEXT(
'core data for automotive mechanical design processes');
#6538=APPLICATION_CONTEXT(
'core data for automotive mechanical design processes');
#6539=APPLICATION_CONTEXT(
'core data for automotive mechanical design processes');
#6540=APPLICATION_CONTEXT(
'core data for automotive mechanical design processes');
#6541=APPLICATION_CONTEXT(
'core data for automotive mechanical design processes');
#6542=APPLICATION_CONTEXT(
'core data for automotive mechanical design processes');
ENDSEC;
END-ISO-10303-21;
